-- MySQL dump 10.13  Distrib 5.7.33, for Linux (x86_64)
--
-- Host: localhost    Database: ecommerce
-- ------------------------------------------------------
-- Server version	5.7.33-0ubuntu0.18.04.1

/*!40101 SET @OLD_CHARACTER_SET_CLIENT=@@CHARACTER_SET_CLIENT */;
/*!40101 SET @OLD_CHARACTER_SET_RESULTS=@@CHARACTER_SET_RESULTS */;
/*!40101 SET @OLD_COLLATION_CONNECTION=@@COLLATION_CONNECTION */;
/*!40101 SET NAMES utf8 */;
/*!40103 SET @OLD_TIME_ZONE=@@TIME_ZONE */;
/*!40103 SET TIME_ZONE='+00:00' */;
/*!40014 SET @OLD_UNIQUE_CHECKS=@@UNIQUE_CHECKS, UNIQUE_CHECKS=0 */;
/*!40014 SET @OLD_FOREIGN_KEY_CHECKS=@@FOREIGN_KEY_CHECKS, FOREIGN_KEY_CHECKS=0 */;
/*!40101 SET @OLD_SQL_MODE=@@SQL_MODE, SQL_MODE='NO_AUTO_VALUE_ON_ZERO' */;
/*!40111 SET @OLD_SQL_NOTES=@@SQL_NOTES, SQL_NOTES=0 */;

--
-- Table structure for table `Cart`
--

DROP TABLE IF EXISTS `Cart`;
/*!40101 SET @saved_cs_client     = @@character_set_client */;
/*!40101 SET character_set_client = utf8 */;
CREATE TABLE `Cart` (
  `cart_ID` int(11) NOT NULL AUTO_INCREMENT,
  `user_ID` int(11) NOT NULL,
  `product_ID` int(11) NOT NULL,
  `quantity` int(11) DEFAULT NULL,
  PRIMARY KEY (`cart_ID`),
  KEY `user_ID` (`user_ID`),
  KEY `product_ID` (`product_ID`),
  CONSTRAINT `Cart_ibfk_1` FOREIGN KEY (`user_ID`) REFERENCES `Users` (`user_ID`) ON DELETE CASCADE,
  CONSTRAINT `Cart_ibfk_2` FOREIGN KEY (`product_ID`) REFERENCES `Products` (`product_ID`) ON DELETE CASCADE
) ENGINE=InnoDB AUTO_INCREMENT=8992 DEFAULT CHARSET=latin1;
/*!40101 SET character_set_client = @saved_cs_client */;

--
-- Dumping data for table `Cart`
--

LOCK TABLES `Cart` WRITE;
/*!40000 ALTER TABLE `Cart` DISABLE KEYS */;
INSERT INTO `Cart` VALUES (3,3,31,4),(4,4,36,5),(5,5,30,11),(6,6,40,12),(7,7,36,12),(8,8,30,9),(9,9,47,11),(10,10,49,7),(11,11,20,9),(12,12,14,4),(13,13,42,6),(14,14,15,7),(15,15,44,5),(16,16,9,10),(17,17,54,6),(18,18,52,7),(19,19,14,7),(20,20,4,3),(21,21,11,5),(22,22,52,3),(23,23,32,11),(24,24,47,10),(25,25,12,8),(26,26,43,11),(27,27,39,7),(28,28,1,12),(29,29,35,6),(30,30,19,5),(31,31,15,12),(32,32,54,7),(33,33,18,6),(34,34,38,9),(35,35,18,12),(36,36,38,10),(37,37,26,6),(38,38,39,6),(39,39,41,6),(40,40,45,7),(41,41,39,5),(42,42,40,4),(43,43,3,3),(44,44,25,4),(45,45,23,5),(46,46,26,3),(47,47,4,6),(48,48,28,3),(49,49,34,9),(50,50,16,8),(51,51,5,7),(52,52,7,11),(53,53,36,4),(54,54,7,9),(55,55,20,10),(56,56,11,12),(57,57,40,12),(58,58,33,7),(59,59,46,8),(60,60,31,8),(61,61,48,8),(62,62,24,6),(63,63,34,7),(64,64,32,5),(65,65,46,10),(66,66,8,8),(67,67,27,3),(68,68,48,9),(69,69,34,6),(70,70,44,4),(71,71,32,8),(72,72,34,9),(73,73,9,11),(74,74,36,5),(75,75,48,10),(76,76,28,10),(77,77,44,4),(78,78,46,9),(79,79,45,4),(80,80,27,6),(81,81,42,6),(82,82,37,7),(83,83,39,11),(84,84,2,12),(85,85,19,9),(86,86,17,7),(87,87,9,11),(88,88,18,10),(89,89,5,9),(90,90,51,11),(91,91,7,9),(92,92,31,6),(93,93,31,12),(94,94,8,8),(95,95,27,8),(96,96,38,8),(97,97,31,4),(98,98,21,9),(99,99,50,11),(100,100,51,4),(101,101,22,4),(102,102,26,10),(103,103,30,11),(104,104,34,3),(105,105,38,7),(106,106,16,9),(107,107,23,6),(108,108,39,10),(109,109,2,10),(110,110,54,6),(111,111,53,9),(112,112,29,9),(113,113,41,8),(114,114,37,7),(115,115,13,8),(116,116,14,7),(117,117,17,3),(118,118,30,8),(119,119,6,3),(120,120,41,12),(121,121,31,7),(122,122,13,3),(123,123,23,10),(124,124,10,5),(125,125,49,9),(126,126,19,4),(127,127,38,4),(128,128,14,6),(129,129,50,10),(130,130,54,10),(131,131,11,9),(132,132,46,4),(133,133,44,5),(134,134,41,4),(135,135,47,5),(136,136,14,7),(137,137,30,6),(138,138,1,6),(139,139,54,7),(140,140,28,5),(141,141,12,6),(142,142,50,6),(143,143,51,4),(144,144,5,6),(145,145,42,6),(146,146,45,8),(147,147,51,6),(148,148,21,4),(149,149,33,7),(150,150,14,11),(151,151,10,11),(152,152,17,11),(153,153,34,5),(154,154,17,11),(155,155,24,7),(156,156,2,5),(157,157,14,4),(158,158,34,3),(159,159,31,5),(160,160,51,9),(161,161,39,4),(162,162,29,7),(163,163,26,6),(164,164,19,4),(165,165,27,9),(166,166,3,3),(167,167,20,8),(168,168,22,12),(169,169,1,3),(170,170,50,7),(171,171,39,12),(172,172,52,3),(173,173,45,6),(174,174,31,3),(175,175,21,4),(176,176,7,11),(177,177,3,3),(178,178,41,4),(179,179,41,3),(180,180,46,6),(181,181,5,5),(182,182,48,10),(183,183,42,12),(184,184,51,3),(185,185,11,8),(186,186,16,12),(187,187,52,6),(188,188,46,12),(189,189,53,3),(190,190,42,6),(191,191,49,10),(192,192,45,6),(193,193,43,11),(194,194,18,8),(195,195,1,5),(196,196,2,3),(197,197,51,4),(198,198,7,4),(199,199,45,9),(200,200,45,10),(201,201,43,8),(202,202,20,4),(203,203,51,3),(204,204,53,11),(205,205,42,3),(206,206,34,4),(207,207,32,8),(208,208,7,10),(209,209,13,6),(210,210,25,7),(211,211,22,6),(212,212,9,8),(213,213,44,4),(214,214,37,12),(215,215,41,7),(216,216,39,12),(217,217,37,9),(218,218,18,10),(219,219,47,11),(220,220,36,7),(221,221,54,12),(222,222,4,5),(223,223,20,5),(224,224,50,4),(225,225,1,12),(226,226,4,10),(227,227,31,6),(228,228,10,4),(229,229,33,4),(230,230,30,6),(231,231,7,5),(232,232,33,12),(233,233,51,11),(234,234,22,10),(235,235,4,7),(236,236,41,8),(237,237,53,4),(238,238,9,5),(239,239,10,12),(240,240,34,9),(241,241,15,3),(242,242,37,11),(243,243,5,3),(244,244,42,7),(245,245,8,5),(246,246,43,8),(247,247,13,8),(248,248,54,10),(249,249,41,7),(250,250,52,4),(251,251,39,5),(252,252,33,7),(253,253,31,4),(254,254,21,4),(255,255,13,8),(256,256,49,8),(257,257,52,9),(258,258,31,9),(259,259,4,5),(260,260,20,11),(261,261,38,7),(262,262,14,11),(263,263,15,7),(264,264,45,8),(265,265,34,11),(266,266,51,8),(267,267,37,9),(268,268,26,12),(269,269,15,5),(270,270,43,4),(271,271,37,7),(272,272,1,11),(273,273,18,11),(274,274,32,9),(275,275,29,12),(276,276,48,3),(277,277,4,8),(278,278,48,3),(279,279,54,6),(280,280,23,3),(281,281,41,6),(282,282,1,5),(283,283,8,9),(284,284,10,11),(285,285,11,3),(286,286,40,8),(287,287,27,3),(288,288,1,6),(289,289,53,7),(290,290,49,9),(291,291,8,3),(292,292,36,7),(293,293,52,11),(294,294,2,3),(295,295,53,4),(296,296,34,8),(297,297,29,4),(298,298,30,9),(299,299,33,11),(300,300,46,11),(301,301,36,8),(302,302,5,11),(303,303,24,10),(304,304,38,5),(305,305,42,9),(306,306,40,6),(307,307,30,10),(308,308,43,7),(309,309,33,10),(310,310,46,5),(311,311,41,10),(312,312,19,12),(313,313,52,11),(314,314,12,5),(315,315,48,9),(316,316,4,3),(317,317,13,9),(318,318,23,5),(319,319,31,7),(320,320,20,11),(321,321,40,10),(322,322,33,4),(323,323,37,10),(324,324,30,6),(325,325,25,3),(326,326,45,5),(327,327,1,8),(328,328,2,8),(329,329,28,3),(330,330,25,6),(331,331,53,6),(332,332,2,9),(333,333,38,7),(334,334,1,10),(335,335,18,9),(336,336,18,5),(337,337,49,4),(338,338,30,11),(339,339,9,9),(340,340,6,10),(341,341,22,4),(342,342,49,11),(343,343,54,8),(344,344,3,9),(345,345,14,8),(346,346,53,5),(347,347,20,11),(348,348,50,9),(349,349,32,6),(350,350,30,4),(351,351,46,6),(352,352,37,4),(353,353,24,5),(354,354,48,5),(355,355,17,4),(356,356,52,10),(357,357,21,8),(358,358,19,3),(359,359,30,3),(360,360,30,3),(361,361,20,6),(362,362,45,11),(363,363,42,3),(364,364,18,8),(365,365,33,3),(366,366,47,3),(367,367,49,3),(368,368,9,7),(369,369,39,9),(370,370,51,8),(371,371,50,3),(372,372,20,11),(373,373,39,12),(374,374,26,9),(375,375,22,3),(376,376,12,12),(377,377,5,5),(378,378,39,9),(379,379,25,7),(380,380,50,8),(381,381,1,5),(382,382,44,7),(383,383,17,4),(384,384,45,6),(385,385,13,7),(386,386,44,3),(387,387,28,9),(388,388,53,11),(389,389,30,12),(390,390,29,10),(391,391,54,12),(392,392,28,5),(393,393,38,10),(394,394,6,8),(395,395,52,7),(396,396,28,6),(397,397,51,5),(398,398,16,9),(399,399,35,3),(400,400,25,6),(401,401,50,10),(402,402,50,11),(403,403,41,8),(404,404,20,12),(405,405,42,10),(406,406,42,6),(407,407,14,6),(408,408,12,5),(409,409,30,7),(410,410,47,8),(411,411,8,4),(412,412,38,7),(413,413,43,12),(414,414,31,9),(415,415,2,6),(416,416,13,10),(417,417,54,3),(418,418,49,3),(419,419,35,10),(420,420,36,11),(421,421,17,10),(422,422,30,9),(423,423,31,6),(424,424,32,9),(425,425,30,4),(426,426,35,11),(427,427,8,11),(428,428,46,11),(429,429,17,6),(430,430,35,11),(431,431,53,6),(432,432,31,9),(433,433,53,9),(434,434,23,11),(435,435,44,4),(436,436,53,3),(437,437,40,7),(438,438,33,7),(439,439,52,11),(440,440,32,5),(441,441,2,3),(442,442,14,5),(443,443,3,4),(444,444,26,3),(445,445,17,6),(446,446,29,10),(447,447,16,5),(448,448,41,5),(449,449,45,8),(450,450,3,12),(451,451,42,12),(452,452,11,10),(453,453,25,7),(454,454,52,12),(455,455,19,5),(456,456,6,5),(457,457,24,6),(458,458,18,10),(459,459,49,5),(460,460,11,3),(461,461,28,10),(462,462,9,12),(463,463,7,6),(464,464,38,12),(465,465,9,7),(466,466,24,5),(467,467,44,9),(468,468,16,10),(469,469,49,12),(470,470,42,10),(471,471,18,8),(472,472,53,5),(473,473,21,7),(474,474,50,11),(475,475,24,6),(476,476,5,11),(477,477,19,7),(478,478,25,6),(479,479,9,3),(480,480,46,9),(481,481,31,7),(482,482,10,5),(483,483,50,11),(484,484,51,7),(485,485,6,7),(486,486,36,12),(487,487,54,7),(488,488,45,4),(489,489,41,12),(490,490,51,5),(491,491,16,4),(492,492,38,10),(493,493,43,8),(494,494,27,4),(495,495,1,3),(496,496,31,6),(497,497,51,11),(498,498,21,11),(499,499,35,11),(500,500,31,11),(501,501,2,6),(502,502,9,8),(503,503,14,10),(504,504,32,9),(505,505,10,6),(506,506,39,12),(507,507,15,4),(508,508,7,3),(509,509,34,7),(510,510,9,3),(511,511,44,8),(512,512,13,6),(513,513,1,7),(514,514,37,6),(515,515,20,5),(516,516,17,11),(517,517,31,4),(518,518,18,5),(519,519,32,9),(520,520,37,11),(521,521,44,8),(522,522,54,3),(523,523,26,11),(524,524,32,3),(525,525,49,7),(526,526,18,8),(527,527,35,12),(528,528,1,9),(529,529,4,10),(530,530,37,3),(531,531,23,8),(532,532,7,6),(533,533,9,4),(534,534,10,8),(535,535,22,4),(536,536,12,7),(537,537,25,9),(538,538,14,8),(539,539,5,10),(540,540,6,3),(541,541,25,11),(542,542,22,4),(543,543,53,10),(544,544,29,5),(545,545,29,8),(546,546,46,4),(547,547,44,6),(548,548,38,7),(549,549,10,7),(550,550,10,7),(551,551,7,12),(552,552,45,12),(553,553,7,7),(554,554,33,12),(555,555,26,4),(556,556,54,5),(557,557,48,7),(558,558,21,12),(559,559,38,6),(560,560,30,7),(561,561,13,11),(562,562,40,12),(563,563,24,3),(564,564,9,8),(565,565,22,12),(566,566,34,12),(567,567,43,5),(568,568,52,6),(569,569,2,12),(570,570,29,7),(571,571,39,8),(572,572,2,3),(573,573,26,3),(574,574,12,6),(575,575,41,9),(576,576,17,12),(577,577,19,9),(578,578,30,6),(579,579,25,9),(580,580,8,8),(581,581,43,11),(582,582,48,7),(583,583,9,11),(584,584,35,8),(585,585,25,6),(586,586,37,10),(587,587,13,10),(588,588,37,8),(589,589,2,3),(590,590,14,3),(591,591,26,8),(592,592,32,4),(593,593,4,6),(594,594,42,9),(595,595,15,7),(596,596,3,4),(597,597,46,3),(598,598,3,6),(599,599,9,10),(600,600,35,4),(601,601,31,8),(602,602,14,8),(603,603,39,11),(604,604,2,11),(605,605,37,8),(606,606,14,3),(607,607,11,8),(608,608,51,3),(609,609,1,12),(610,610,17,9),(611,611,30,3),(612,612,40,9),(613,613,1,8),(614,614,37,10),(615,615,20,5),(616,616,12,7),(617,617,43,12),(618,618,19,11),(619,619,11,10),(620,620,45,9),(621,621,4,6),(622,622,46,11),(623,623,5,5),(624,624,20,4),(625,625,21,4),(626,626,23,8),(627,627,24,11),(628,628,27,9),(629,629,19,3),(630,630,47,3),(631,631,40,10),(632,632,48,4),(633,633,31,11),(634,634,32,5),(635,635,51,9),(636,636,4,12),(637,637,19,4),(638,638,54,8),(639,639,50,10),(640,640,27,6),(641,641,11,3),(642,642,28,5),(643,643,25,3),(644,644,28,3),(645,645,21,10),(646,646,28,11),(647,647,27,12),(648,648,38,4),(649,649,13,6),(650,650,36,7),(651,651,4,7),(652,652,5,7),(653,653,22,10),(654,654,39,8),(655,655,41,3),(656,656,3,9),(657,657,5,3),(658,658,26,5),(659,659,33,6),(660,660,14,12),(661,661,2,3),(662,662,7,12),(663,663,54,6),(664,664,14,8),(665,665,42,12),(666,666,7,11),(667,667,14,11),(668,668,6,8),(669,669,13,6),(670,670,14,5),(671,671,4,12),(672,672,16,5),(673,673,38,3),(674,674,54,8),(675,675,30,7),(676,676,47,4),(677,677,48,7),(678,678,10,5),(679,679,14,6),(680,680,42,9),(681,681,16,6),(682,682,4,5),(683,683,46,9),(684,684,20,11),(685,685,53,6),(686,686,37,3),(687,687,47,4),(688,688,15,5),(689,689,28,4),(690,690,36,12),(691,691,44,7),(692,692,1,9),(693,693,48,7),(694,694,10,11),(695,695,28,10),(696,696,9,12),(697,697,30,4),(698,698,27,9),(699,699,4,5),(700,700,45,11),(701,701,3,5),(702,702,52,11),(703,703,44,12),(704,704,34,5),(705,705,45,6),(706,706,27,11),(707,707,6,12),(708,708,22,10),(709,709,2,10),(710,710,34,3),(711,711,25,3),(712,712,33,8),(713,713,35,8),(714,714,26,3),(715,715,25,12),(716,716,3,4),(717,717,45,11),(718,718,1,9),(719,719,53,8),(720,720,33,10),(721,721,48,11),(722,722,20,3),(723,723,12,11),(724,724,53,5),(725,725,34,3),(726,726,8,10),(727,727,6,4),(728,728,12,11),(729,729,30,12),(730,730,34,6),(731,731,49,12),(732,732,9,7),(733,733,16,8),(734,734,35,8),(735,735,12,5),(736,736,15,9),(737,737,3,8),(738,738,10,7),(739,739,49,3),(740,740,28,11),(741,741,47,3),(742,742,26,12),(743,743,25,10),(744,744,47,10),(745,745,9,9),(746,746,30,6),(747,747,44,4),(748,748,38,9),(749,749,5,6),(750,750,37,11),(751,751,30,12),(752,752,15,8),(753,753,35,11),(754,754,34,12),(755,755,38,10),(756,756,28,8),(757,757,45,12),(758,758,33,12),(759,759,50,7),(760,760,11,3),(761,761,42,9),(762,762,3,12),(763,763,6,4),(764,764,10,10),(765,765,53,12),(766,766,34,7),(767,767,39,7),(768,768,48,10),(769,769,21,9),(770,770,35,4),(771,771,23,3),(772,772,22,9),(773,773,48,4),(774,774,52,6),(775,775,14,3),(776,776,31,3),(777,777,37,6),(778,778,3,5),(779,779,25,10),(780,780,2,12),(781,781,7,12),(782,782,28,7),(783,783,33,5),(784,784,9,11),(785,785,31,12),(786,786,43,10),(787,787,8,7),(788,788,39,5),(789,789,18,5),(790,790,5,9),(791,791,42,4),(792,792,49,6),(793,793,33,11),(794,794,35,10),(795,795,34,12),(796,796,19,10),(797,797,11,10),(798,798,37,7),(799,799,27,11),(800,800,15,9),(801,801,3,4),(802,802,44,12),(803,803,29,3),(804,804,21,11),(805,805,18,5),(806,806,41,6),(807,807,53,9),(808,808,22,12),(809,809,47,3),(810,810,36,7),(811,811,46,7),(812,812,29,8),(813,813,29,5),(814,814,10,12),(815,815,47,4),(816,816,27,6),(817,817,17,9),(818,818,13,12),(819,819,45,8),(820,820,18,12),(821,821,50,9),(822,822,1,4),(823,823,28,5),(824,824,9,7),(825,825,26,6),(826,826,3,11),(827,827,19,7),(828,828,28,8),(829,829,53,9),(830,830,44,10),(831,831,50,3),(832,832,24,10),(833,833,43,4),(834,834,33,5),(835,835,37,9),(836,836,25,6),(837,837,37,12),(838,838,34,12),(839,839,37,6),(840,840,6,4),(841,841,24,3),(842,842,39,11),(843,843,27,6),(844,844,19,3),(845,845,17,4),(846,846,30,5),(847,847,28,12),(848,848,6,3),(849,849,41,6),(850,850,12,10),(851,851,30,8),(852,852,12,3),(853,853,43,5),(854,854,46,8),(855,855,6,4),(856,856,25,5),(857,857,25,9),(858,858,42,8),(859,859,34,12),(860,860,11,7),(861,861,51,12),(862,862,41,3),(863,863,53,9),(864,864,6,10),(865,865,26,3),(866,866,19,6),(867,867,26,8),(868,868,22,9),(869,869,19,12),(870,870,12,3),(871,871,11,3),(872,872,13,6),(873,873,30,5),(874,874,22,11),(875,875,45,8),(876,876,36,7),(877,877,1,7),(878,878,38,5),(879,879,16,6),(880,880,44,10),(881,881,52,6),(882,882,46,12),(883,883,2,5),(884,884,41,7),(885,885,54,3),(886,886,3,8),(887,887,47,4),(888,888,43,10),(889,889,49,12),(890,890,11,12),(891,891,15,5),(892,892,10,3),(893,893,1,5),(894,894,29,4),(895,895,14,4),(896,896,30,5),(897,897,31,9),(898,898,20,8),(899,899,47,12),(900,900,22,9),(901,901,17,3),(902,902,36,9),(903,903,9,11),(904,904,10,6),(905,905,31,4),(906,906,8,8),(907,907,23,5),(908,908,38,9),(909,909,9,4),(910,910,38,5),(911,911,16,7),(912,912,36,3),(913,913,36,4),(914,914,1,10),(915,915,48,7),(916,916,10,6),(917,917,13,3),(918,918,41,4),(919,919,31,9),(920,920,52,9),(921,921,13,9),(922,922,26,10),(923,923,37,4),(924,924,19,3),(925,925,40,11),(926,926,41,7),(927,927,23,4),(928,928,30,6),(929,929,28,6),(930,930,34,3),(931,931,26,9),(932,932,50,9),(933,933,16,10),(934,934,46,6),(935,935,43,9),(936,936,52,3),(937,937,50,6),(938,938,42,5),(939,939,48,11),(940,940,3,4),(941,941,42,4),(942,942,41,11),(943,943,36,3),(944,944,18,7),(945,945,29,3),(946,946,17,3),(947,947,6,11),(948,948,9,5),(949,949,20,5),(950,950,26,11),(951,951,53,12),(952,952,49,9),(953,953,13,12),(954,954,19,5),(955,955,37,3),(956,956,28,6),(957,957,38,7),(958,958,12,12),(959,959,51,7),(960,960,49,6),(961,961,26,9),(962,962,38,8),(963,963,37,3),(964,964,45,5),(965,965,14,6),(966,966,29,6),(967,967,28,6),(968,968,18,5),(969,969,30,11),(970,970,43,6),(971,971,24,12),(972,972,30,12),(973,973,50,3),(974,974,32,8),(975,975,36,11),(976,976,27,10),(977,977,16,10),(978,978,5,12),(979,979,5,10),(980,980,2,4),(981,981,16,6),(982,982,35,7),(983,983,16,12),(984,984,7,7),(985,985,39,11),(986,986,25,11),(987,987,45,8),(988,988,17,8),(989,989,32,6),(990,990,14,8),(991,991,36,6),(992,992,2,10),(993,993,34,10),(994,994,19,12),(995,995,24,8),(996,996,22,7),(997,997,6,9),(998,998,33,12),(999,999,39,8),(1002,3,44,9),(1003,4,14,4),(1004,5,23,12),(1005,6,29,7),(1006,7,13,11),(1007,8,35,11),(1008,9,1,4),(1009,10,37,5),(1010,11,25,11),(1011,12,13,7),(1012,13,12,11),(1013,14,23,11),(1014,15,41,3),(1015,16,1,12),(1016,17,8,4),(1017,18,33,5),(1018,19,15,3),(1019,20,12,11),(1020,21,40,12),(1021,22,36,7),(1022,23,51,7),(1023,24,47,8),(1024,25,46,10),(1025,26,3,9),(1026,27,33,4),(1027,28,19,11),(1028,29,34,5),(1029,30,12,10),(1030,31,45,10),(1031,32,24,7),(1032,33,39,11),(1033,34,53,8),(1034,35,42,10),(1035,36,10,7),(1036,37,2,11),(1037,38,10,8),(1038,39,18,8),(1039,40,42,9),(1040,41,7,8),(1041,42,30,4),(1042,43,8,5),(1043,44,35,4),(1044,45,39,11),(1045,46,24,8),(1046,47,47,7),(1047,48,13,9),(1048,49,46,5),(1049,50,6,10),(1050,51,22,5),(1051,52,41,5),(1052,53,5,11),(1053,54,12,5),(1054,55,51,11),(1055,56,35,4),(1056,57,10,5),(1057,58,15,12),(1058,59,36,5),(1059,60,33,6),(1060,61,54,6),(1061,62,26,4),(1062,63,49,12),(1063,64,23,6),(1064,65,37,6),(1065,66,53,4),(1066,67,37,11),(1067,68,49,9),(1068,69,10,10),(1069,70,22,9),(1070,71,29,8),(1071,72,32,7),(1072,73,7,8),(1073,74,19,4),(1074,75,38,7),(1075,76,23,10),(1076,77,39,8),(1077,78,45,7),(1078,79,25,6),(1079,80,47,10),(1080,81,32,9),(1081,82,20,5),(1082,83,15,11),(1083,84,41,5),(1084,85,24,3),(1085,86,34,11),(1086,87,1,12),(1087,88,13,9),(1088,89,19,5),(1089,90,2,10),(1090,91,8,8),(1091,92,35,9),(1092,93,1,3),(1093,94,29,3),(1094,95,54,5),(1095,96,31,10),(1096,97,50,8),(1097,98,41,4),(1098,99,15,7),(1099,100,51,9),(1100,101,41,12),(1101,102,31,5),(1102,103,22,7),(1103,104,24,9),(1104,105,1,8),(1105,106,42,5),(1106,107,44,6),(1107,108,28,11),(1108,109,18,3),(1109,110,34,6),(1110,111,11,6),(1111,112,14,5),(1112,113,43,10),(1113,114,17,3),(1114,115,22,12),(1115,116,1,4),(1116,117,6,3),(1117,118,31,11),(1118,119,5,4),(1119,120,38,8),(1120,121,29,9),(1121,122,15,10),(1122,123,18,10),(1123,124,20,9),(1124,125,5,6),(1125,126,6,3),(1126,127,43,3),(1127,128,27,5),(1128,129,26,7),(1129,130,19,7),(1130,131,14,6),(1131,132,16,3),(1132,133,4,3),(1133,134,13,11),(1134,135,17,8),(1135,136,36,10),(1136,137,27,8),(1137,138,26,6),(1138,139,36,4),(1139,140,31,5),(1140,141,33,7),(1141,142,24,5),(1142,143,26,7),(1143,144,45,7),(1144,145,13,9),(1145,146,51,3),(1146,147,36,9),(1147,148,27,4),(1148,149,44,8),(1149,150,20,12),(1150,151,1,3),(1151,152,42,5),(1152,153,23,9),(1153,154,46,3),(1154,155,38,10),(1155,156,22,12),(1156,157,41,3),(1157,158,20,8),(1158,159,32,7),(1159,160,45,5),(1160,161,44,11),(1161,162,7,5),(1162,163,54,3),(1163,164,9,4),(1164,165,29,6),(1165,166,45,11),(1166,167,42,11),(1167,168,52,5),(1168,169,51,5),(1169,170,22,5),(1170,171,41,7),(1171,172,13,9),(1172,173,11,10),(1173,174,41,3),(1174,175,11,5),(1175,176,11,8),(1176,177,29,4),(1177,178,14,5),(1178,179,28,8),(1179,180,25,11),(1180,181,51,5),(1181,182,29,10),(1182,183,14,8),(1183,184,38,4),(1184,185,45,6),(1185,186,37,5),(1186,187,32,5),(1187,188,15,4),(1188,189,45,9),(1189,190,14,12),(1190,191,50,12),(1191,192,15,10),(1192,193,44,5),(1193,194,50,8),(1194,195,7,7),(1195,196,51,5),(1196,197,25,6),(1197,198,45,6),(1198,199,23,8),(1199,200,7,6),(1200,201,29,11),(1201,202,20,12),(1202,203,22,4),(1203,204,46,11),(1204,205,29,11),(1205,206,1,12),(1206,207,36,7),(1207,208,11,4),(1208,209,54,5),(1209,210,52,9),(1210,211,45,3),(1211,212,25,8),(1212,213,51,4),(1213,214,4,12),(1214,215,31,10),(1215,216,50,10),(1216,217,39,8),(1217,218,10,6),(1218,219,11,6),(1219,220,34,9),(1220,221,3,8),(1221,222,39,3),(1222,223,6,11),(1223,224,1,12),(1224,225,15,11),(1225,226,18,11),(1226,227,32,11),(1227,228,53,11),(1228,229,32,9),(1229,230,15,7),(1230,231,1,6),(1231,232,38,6),(1232,233,23,6),(1233,234,37,6),(1234,235,15,9),(1235,236,6,9),(1236,237,10,12),(1237,238,41,3),(1238,239,2,5),(1239,240,37,6),(1240,241,38,6),(1241,242,2,3),(1242,243,16,6),(1243,244,42,7),(1244,245,9,4),(1245,246,25,7),(1246,247,49,12),(1247,248,8,7),(1248,249,46,7),(1249,250,48,7),(1250,251,17,3),(1251,252,42,8),(1252,253,25,7),(1253,254,25,8),(1254,255,13,3),(1255,256,9,4),(1256,257,41,12),(1257,258,51,7),(1258,259,30,4),(1259,260,29,5),(1260,261,9,12),(1261,262,16,12),(1262,263,11,9),(1263,264,10,11),(1264,265,30,8),(1265,266,16,9),(1266,267,20,12),(1267,268,41,12),(1268,269,23,5),(1269,270,15,11),(1270,271,13,4),(1271,272,8,5),(1272,273,9,8),(1273,274,1,9),(1274,275,30,8),(1275,276,43,7),(1276,277,46,6),(1277,278,1,4),(1278,279,35,4),(1279,280,37,9),(1280,281,44,9),(1281,282,36,6),(1282,283,3,12),(1283,284,41,12),(1284,285,23,3),(1285,286,31,7),(1286,287,49,6),(1287,288,48,11),(1288,289,52,8),(1289,290,46,7),(1290,291,11,7),(1291,292,23,12),(1292,293,51,9),(1293,294,49,6),(1294,295,52,11),(1295,296,2,8),(1296,297,40,4),(1297,298,53,9),(1298,299,14,5),(1299,300,7,8),(1300,301,34,8),(1301,302,1,7),(1302,303,45,11),(1303,304,22,10),(1304,305,16,8),(1305,306,9,3),(1306,307,46,12),(1307,308,23,11),(1308,309,8,10),(1309,310,31,6),(1310,311,32,11),(1311,312,24,12),(1312,313,53,12),(1313,314,30,9),(1314,315,48,6),(1315,316,27,4),(1316,317,30,10),(1317,318,44,7),(1318,319,39,11),(1319,320,38,3),(1320,321,41,4),(1321,322,18,4),(1322,323,15,5),(1323,324,29,10),(1324,325,50,12),(1325,326,42,7),(1326,327,42,10),(1327,328,28,10),(1328,329,19,6),(1329,330,10,9),(1330,331,44,9),(1331,332,26,12),(1332,333,49,12),(1333,334,26,7),(1334,335,39,10),(1335,336,44,11),(1336,337,43,6),(1337,338,22,7),(1338,339,12,6),(1339,340,23,8),(1340,341,48,8),(1341,342,2,11),(1342,343,25,12),(1343,344,2,6),(1344,345,19,12),(1345,346,44,3),(1346,347,10,5),(1347,348,37,5),(1348,349,29,5),(1349,350,10,8),(1350,351,4,6),(1351,352,7,3),(1352,353,44,4),(1353,354,9,8),(1354,355,40,5),(1355,356,28,3),(1356,357,44,4),(1357,358,1,3),(1358,359,8,7),(1359,360,30,9),(1360,361,5,11),(1361,362,9,6),(1362,363,17,6),(1363,364,4,11),(1364,365,29,5),(1365,366,10,7),(1366,367,34,11),(1367,368,37,6),(1368,369,33,6),(1369,370,30,8),(1370,371,46,3),(1371,372,37,3),(1372,373,15,6),(1373,374,9,11),(1374,375,28,3),(1375,376,32,8),(1376,377,11,11),(1377,378,40,3),(1378,379,23,10),(1379,380,23,12),(1380,381,41,11),(1381,382,52,10),(1382,383,14,9),(1383,384,15,4),(1384,385,11,11),(1385,386,31,12),(1386,387,15,7),(1387,388,7,4),(1388,389,23,6),(1389,390,21,6),(1390,391,2,7),(1391,392,7,10),(1392,393,11,10),(1393,394,28,6),(1394,395,14,11),(1395,396,30,6),(1396,397,7,5),(1397,398,8,8),(1398,399,53,7),(1399,400,29,12),(1400,401,40,8),(1401,402,24,7),(1402,403,9,9),(1403,404,1,4),(1404,405,27,7),(1405,406,36,9),(1406,407,31,4),(1407,408,2,10),(1408,409,12,12),(1409,410,6,9),(1410,411,21,11),(1411,412,1,3),(1412,413,26,11),(1413,414,28,3),(1414,415,22,11),(1415,416,39,4),(1416,417,51,4),(1417,418,54,9),(1418,419,18,5),(1419,420,51,7),(1420,421,26,4),(1421,422,1,7),(1422,423,11,5),(1423,424,10,6),(1424,425,49,9),(1425,426,40,7),(1426,427,29,3),(1427,428,38,7),(1428,429,47,3),(1429,430,40,9),(1430,431,39,12),(1431,432,25,9),(1432,433,21,4),(1433,434,43,7),(1434,435,2,3),(1435,436,50,10),(1436,437,33,6),(1437,438,4,12),(1438,439,20,11),(1439,440,26,5),(1440,441,47,3),(1441,442,20,11),(1442,443,1,5),(1443,444,14,10),(1444,445,20,11),(1445,446,38,3),(1446,447,45,6),(1447,448,37,5),(1448,449,49,8),(1449,450,17,8),(1450,451,50,7),(1451,452,31,8),(1452,453,46,6),(1453,454,28,4),(1454,455,33,4),(1455,456,48,6),(1456,457,6,4),(1457,458,19,10),(1458,459,8,7),(1459,460,21,11),(1460,461,18,9),(1461,462,16,12),(1462,463,35,10),(1463,464,26,5),(1464,465,49,4),(1465,466,29,6),(1466,467,11,11),(1467,468,31,12),(1468,469,49,11),(1469,470,32,3),(1470,471,2,6),(1471,472,23,3),(1472,473,9,9),(1473,474,5,10),(1474,475,51,10),(1475,476,30,8),(1476,477,27,11),(1477,478,22,8),(1478,479,28,12),(1479,480,51,12),(1480,481,17,11),(1481,482,25,3),(1482,483,35,3),(1483,484,35,9),(1484,485,21,11),(1485,486,27,10),(1486,487,52,10),(1487,488,15,10),(1488,489,52,11),(1489,490,22,11),(1490,491,47,11),(1491,492,3,4),(1492,493,4,10),(1493,494,44,6),(1494,495,53,11),(1495,496,27,8),(1496,497,22,12),(1497,498,21,11),(1498,499,16,6),(1499,500,32,11),(1500,501,20,12),(1501,502,12,11),(1502,503,49,7),(1503,504,5,11),(1504,505,40,4),(1505,506,8,4),(1506,507,6,10),(1507,508,11,5),(1508,509,33,12),(1509,510,29,9),(1510,511,6,11),(1511,512,22,3),(1512,513,15,12),(1513,514,47,12),(1514,515,28,8),(1515,516,27,3),(1516,517,29,7),(1517,518,22,7),(1518,519,27,6),(1519,520,11,8),(1520,521,20,9),(1521,522,10,8),(1522,523,27,7),(1523,524,21,3),(1524,525,14,11),(1525,526,23,11),(1526,527,15,8),(1527,528,23,12),(1528,529,12,8),(1529,530,14,4),(1530,531,15,9),(1531,532,44,9),(1532,533,8,11),(1533,534,5,5),(1534,535,34,11),(1535,536,18,5),(1536,537,4,8),(1537,538,52,6),(1538,539,15,10),(1539,540,53,12),(1540,541,49,8),(1541,542,22,5),(1542,543,40,3),(1543,544,6,12),(1544,545,8,8),(1545,546,22,12),(1546,547,4,8),(1547,548,13,12),(1548,549,15,10),(1549,550,36,11),(1550,551,20,12),(1551,552,14,9),(1552,553,42,8),(1553,554,42,11),(1554,555,54,12),(1555,556,18,9),(1556,557,22,7),(1557,558,45,7),(1558,559,40,8),(1559,560,13,6),(1560,561,50,8),(1561,562,14,6),(1562,563,53,7),(1563,564,51,6),(1564,565,27,6),(1565,566,17,10),(1566,567,54,12),(1567,568,49,12),(1568,569,26,11),(1569,570,30,9),(1570,571,38,12),(1571,572,35,12),(1572,573,37,12),(1573,574,30,5),(1574,575,30,10),(1575,576,45,4),(1576,577,29,11),(1577,578,25,4),(1578,579,47,10),(1579,580,1,10),(1580,581,46,7),(1581,582,54,11),(1582,583,32,10),(1583,584,17,3),(1584,585,19,11),(1585,586,51,4),(1586,587,25,12),(1587,588,39,4),(1588,589,16,3),(1589,590,39,4),(1590,591,52,3),(1591,592,50,11),(1592,593,22,5),(1593,594,34,11),(1594,595,15,3),(1595,596,24,3),(1596,597,35,10),(1597,598,52,10),(1598,599,14,11),(1599,600,18,8),(1600,601,28,9),(1601,602,33,3),(1602,603,48,9),(1603,604,19,4),(1604,605,8,11),(1605,606,17,10),(1606,607,43,6),(1607,608,23,8),(1608,609,13,12),(1609,610,46,10),(1610,611,10,3),(1611,612,14,9),(1612,613,5,11),(1613,614,19,4),(1614,615,13,4),(1615,616,44,3),(1616,617,34,5),(1617,618,23,4),(1618,619,23,3),(1619,620,45,7),(1620,621,18,3),(1621,622,29,11),(1622,623,37,9),(1623,624,22,3),(1624,625,47,9),(1625,626,33,10),(1626,627,23,12),(1627,628,49,4),(1628,629,1,10),(1629,630,12,3),(1630,631,9,5),(1631,632,27,3),(1632,633,17,12),(1633,634,43,5),(1634,635,46,11),(1635,636,12,6),(1636,637,46,5),(1637,638,28,9),(1638,639,35,10),(1639,640,44,9),(1640,641,53,6),(1641,642,7,9),(1642,643,21,3),(1643,644,13,5),(1644,645,31,6),(1645,646,23,4),(1646,647,18,6),(1647,648,51,7),(1648,649,17,7),(1649,650,50,4),(1650,651,48,5),(1651,652,51,12),(1652,653,49,9),(1653,654,36,7),(1654,655,47,10),(1655,656,34,12),(1656,657,20,5),(1657,658,50,5),(1658,659,29,7),(1659,660,8,6),(1660,661,1,6),(1661,662,39,11),(1662,663,52,8),(1663,664,7,3),(1664,665,38,5),(1665,666,46,7),(1666,667,28,11),(1667,668,16,5),(1668,669,53,10),(1669,670,19,4),(1670,671,19,9),(1671,672,3,8),(1672,673,30,11),(1673,674,36,6),(1674,675,28,9),(1675,676,37,5),(1676,677,33,9),(1677,678,6,3),(1678,679,34,3),(1679,680,31,4),(1680,681,32,8),(1681,682,8,4),(1682,683,16,12),(1683,684,12,7),(1684,685,46,11),(1685,686,42,3),(1686,687,3,5),(1687,688,13,9),(1688,689,22,9),(1689,690,12,6),(1690,691,43,4),(1691,692,2,7),(1692,693,35,7),(1693,694,10,12),(1694,695,9,5),(1695,696,44,4),(1696,697,30,10),(1697,698,28,9),(1698,699,47,8),(1699,700,29,7),(1700,701,30,9),(1701,702,32,8),(1702,703,48,8),(1703,704,36,10),(1704,705,13,11),(1705,706,1,11),(1706,707,22,6),(1707,708,30,8),(1708,709,33,9),(1709,710,53,11),(1710,711,24,4),(1711,712,3,6),(1712,713,16,11),(1713,714,20,3),(1714,715,49,4),(1715,716,18,4),(1716,717,12,3),(1717,718,32,4),(1718,719,7,10),(1719,720,37,3),(1720,721,29,6),(1721,722,32,12),(1722,723,3,9),(1723,724,36,7),(1724,725,5,5),(1725,726,16,3),(1726,727,13,10),(1727,728,7,9),(1728,729,12,6),(1729,730,50,3),(1730,731,50,12),(1731,732,15,8),(1732,733,25,8),(1733,734,25,7),(1734,735,47,7),(1735,736,47,10),(1736,737,51,7),(1737,738,25,12),(1738,739,38,3),(1739,740,17,4),(1740,741,52,11),(1741,742,50,8),(1742,743,53,7),(1743,744,47,11),(1744,745,46,10),(1745,746,18,9),(1746,747,24,6),(1747,748,6,8),(1748,749,41,3),(1749,750,47,7),(1750,751,30,10),(1751,752,45,3),(1752,753,36,8),(1753,754,32,10),(1754,755,27,8),(1755,756,32,6),(1756,757,21,6),(1757,758,1,10),(1758,759,30,6),(1759,760,1,11),(1760,761,29,4),(1761,762,36,12),(1762,763,31,5),(1763,764,15,9),(1764,765,54,11),(1765,766,28,5),(1766,767,1,4),(1767,768,27,6),(1768,769,19,5),(1769,770,52,12),(1770,771,22,6),(1771,772,20,7),(1772,773,7,6),(1773,774,10,6),(1774,775,49,3),(1775,776,4,6),(1776,777,24,9),(1777,778,18,8),(1778,779,37,7),(1779,780,30,4),(1780,781,31,12),(1781,782,6,5),(1782,783,33,6),(1783,784,35,3),(1784,785,38,7),(1785,786,10,5),(1786,787,41,8),(1787,788,33,10),(1788,789,41,5),(1789,790,35,11),(1790,791,18,3),(1791,792,38,5),(1792,793,42,8),(1793,794,5,10),(1794,795,29,6),(1795,796,54,10),(1796,797,48,8),(1797,798,40,8),(1798,799,7,10),(1799,800,2,9),(1800,801,25,7),(1801,802,41,12),(1802,803,4,9),(1803,804,48,10),(1804,805,7,3),(1805,806,52,6),(1806,807,52,11),(1807,808,33,10),(1808,809,52,5),(1809,810,36,8),(1810,811,12,8),(1811,812,19,5),(1812,813,12,6),(1813,814,33,9),(1814,815,2,6),(1815,816,3,11),(1816,817,36,7),(1817,818,37,5),(1818,819,12,6),(1819,820,4,11),(1820,821,41,8),(1821,822,35,6),(1822,823,41,4),(1823,824,18,12),(1824,825,19,4),(1825,826,51,12),(1826,827,32,12),(1827,828,52,3),(1828,829,53,5),(1829,830,29,12),(1830,831,29,3),(1831,832,4,7),(1832,833,9,4),(1833,834,38,10),(1834,835,12,7),(1835,836,2,3),(1836,837,47,10),(1837,838,13,5),(1838,839,27,9),(1839,840,26,8),(1840,841,23,3),(1841,842,19,4),(1842,843,50,12),(1843,844,34,12),(1844,845,51,4),(1845,846,10,7),(1846,847,26,12),(1847,848,27,4),(1848,849,30,9),(1849,850,2,12),(1850,851,49,3),(1851,852,33,3),(1852,853,46,9),(1853,854,32,6),(1854,855,31,11),(1855,856,32,8),(1856,857,49,7),(1857,858,2,7),(1858,859,1,9),(1859,860,3,8),(1860,861,46,6),(1861,862,20,10),(1862,863,51,7),(1863,864,17,8),(1864,865,45,10),(1865,866,42,5),(1866,867,11,8),(1867,868,23,3),(1868,869,49,3),(1869,870,11,7),(1870,871,33,12),(1871,872,52,3),(1872,873,3,11),(1873,874,20,4),(1874,875,30,3),(1875,876,39,11),(1876,877,4,4),(1877,878,26,5),(1878,879,38,12),(1879,880,40,3),(1880,881,51,12),(1881,882,16,10),(1882,883,54,11),(1883,884,40,12),(1884,885,6,11),(1885,886,43,5),(1886,887,39,9),(1887,888,17,3),(1888,889,34,5),(1889,890,41,3),(1890,891,12,9),(1891,892,25,8),(1892,893,38,6),(1893,894,38,7),(1894,895,5,10),(1895,896,10,12),(1896,897,15,6),(1897,898,47,6),(1898,899,36,4),(1899,900,24,11),(1900,901,15,4),(1901,902,2,6),(1902,903,41,7),(1903,904,20,8),(1904,905,34,7),(1905,906,18,3),(1906,907,15,11),(1907,908,24,3),(1908,909,50,10),(1909,910,11,4),(1910,911,2,7),(1911,912,29,5),(1912,913,53,7),(1913,914,38,10),(1914,915,18,5),(1915,916,20,11),(1916,917,23,6),(1917,918,33,10),(1918,919,41,11),(1919,920,52,5),(1920,921,28,7),(1921,922,30,4),(1922,923,54,10),(1923,924,51,8),(1924,925,28,10),(1925,926,20,4),(1926,927,9,10),(1927,928,48,11),(1928,929,24,10),(1929,930,43,8),(1930,931,40,10),(1931,932,18,9),(1932,933,8,8),(1933,934,36,4),(1934,935,31,8),(1935,936,30,9),(1936,937,25,11),(1937,938,5,3),(1938,939,27,10),(1939,940,16,9),(1940,941,45,11),(1941,942,53,4),(1942,943,18,9),(1943,944,9,8),(1944,945,7,9),(1945,946,35,10),(1946,947,10,4),(1947,948,21,3),(1948,949,41,7),(1949,950,14,4),(1950,951,13,3),(1951,952,6,12),(1952,953,13,12),(1953,954,49,6),(1954,955,48,5),(1955,956,27,9),(1956,957,3,6),(1957,958,54,3),(1958,959,52,12),(1959,960,12,4),(1960,961,5,3),(1961,962,37,10),(1962,963,5,9),(1963,964,16,10),(1964,965,14,9),(1965,966,11,5),(1966,967,48,3),(1967,968,12,7),(1968,969,29,8),(1969,970,27,5),(1970,971,14,11),(1971,972,18,6),(1972,973,8,6),(1973,974,13,12),(1974,975,34,9),(1975,976,10,3),(1976,977,21,6),(1977,978,8,7),(1978,979,54,4),(1979,980,1,4),(1980,981,36,9),(1981,982,33,4),(1982,983,39,3),(1983,984,31,4),(1984,985,51,3),(1985,986,1,11),(1986,987,19,3),(1987,988,42,11),(1988,989,26,10),(1989,990,34,5),(1990,991,1,11),(1991,992,12,5),(1992,993,39,8),(1993,994,3,12),(1994,995,15,6),(1995,996,52,7),(1996,997,54,3),(1997,998,15,4),(1998,999,36,4),(2001,3,41,4),(2002,4,18,7),(2003,5,50,7),(2004,6,50,9),(2005,7,12,6),(2006,8,8,4),(2007,9,39,5),(2008,10,21,7),(2009,11,29,9),(2010,12,14,12),(2011,13,11,5),(2012,14,12,6),(2013,15,47,9),(2014,16,51,5),(2015,17,31,7),(2016,18,13,12),(2017,19,21,4),(2018,20,12,9),(2019,21,27,5),(2020,22,44,8),(2021,23,20,7),(2022,24,2,12),(2023,25,50,4),(2024,26,46,7),(2025,27,1,3),(2026,28,48,11),(2027,29,35,5),(2028,30,10,3),(2029,31,37,9),(2030,32,41,5),(2031,33,45,12),(2032,34,26,8),(2033,35,51,11),(2034,36,32,10),(2035,37,25,5),(2036,38,49,7),(2037,39,53,8),(2038,40,14,12),(2039,41,53,3),(2040,42,18,11),(2041,43,44,5),(2042,44,38,12),(2043,45,52,9),(2044,46,32,5),(2045,47,39,10),(2046,48,19,8),(2047,49,6,7),(2048,50,5,5),(2049,51,14,7),(2050,52,25,4),(2051,53,43,6),(2052,54,36,5),(2053,55,10,11),(2054,56,41,12),(2055,57,40,10),(2056,58,26,9),(2057,59,49,4),(2058,60,21,11),(2059,61,52,4),(2060,62,21,8),(2061,63,5,6),(2062,64,54,6),(2063,65,28,3),(2064,66,38,3),(2065,67,48,12),(2066,68,45,5),(2067,69,53,3),(2068,70,27,10),(2069,71,11,4),(2070,72,7,7),(2071,73,45,8),(2072,74,16,6),(2073,75,5,9),(2074,76,36,10),(2075,77,10,7),(2076,78,54,4),(2077,79,10,5),(2078,80,43,11),(2079,81,40,6),(2080,82,20,7),(2081,83,47,8),(2082,84,28,7),(2083,85,28,5),(2084,86,7,9),(2085,87,32,12),(2086,88,43,3),(2087,89,9,6),(2088,90,43,6),(2089,91,24,8),(2090,92,6,5),(2091,93,40,5),(2092,94,40,10),(2093,95,19,5),(2094,96,34,12),(2095,97,14,12),(2096,98,22,7),(2097,99,44,8),(2098,100,33,6),(2099,101,47,5),(2100,102,53,8),(2101,103,46,10),(2102,104,20,6),(2103,105,53,3),(2104,106,14,6),(2105,107,8,12),(2106,108,26,7),(2107,109,30,6),(2108,110,33,12),(2109,111,49,9),(2110,112,43,12),(2111,113,32,12),(2112,114,17,4),(2113,115,17,4),(2114,116,36,5),(2115,117,43,3),(2116,118,30,11),(2117,119,10,5),(2118,120,51,6),(2119,121,12,10),(2120,122,39,11),(2121,123,45,9),(2122,124,46,9),(2123,125,12,6),(2124,126,29,10),(2125,127,46,11),(2126,128,31,3),(2127,129,9,11),(2128,130,31,6),(2129,131,39,12),(2130,132,39,8),(2131,133,45,4),(2132,134,52,5),(2133,135,50,11),(2134,136,41,6),(2135,137,21,12),(2136,138,17,6),(2137,139,2,10),(2138,140,28,10),(2139,141,36,10),(2140,142,40,12),(2141,143,49,9),(2142,144,52,4),(2143,145,4,6),(2144,146,31,12),(2145,147,43,8),(2146,148,21,6),(2147,149,47,3),(2148,150,21,4),(2149,151,40,6),(2150,152,30,6),(2151,153,22,5),(2152,154,53,12),(2153,155,6,11),(2154,156,29,3),(2155,157,35,11),(2156,158,47,10),(2157,159,54,5),(2158,160,6,4),(2159,161,34,4),(2160,162,50,4),(2161,163,15,11),(2162,164,4,8),(2163,165,26,4),(2164,166,25,7),(2165,167,20,9),(2166,168,33,12),(2167,169,37,9),(2168,170,45,12),(2169,171,11,4),(2170,172,16,8),(2171,173,3,7),(2172,174,5,8),(2173,175,45,6),(2174,176,39,8),(2175,177,31,4),(2176,178,17,4),(2177,179,6,11),(2178,180,32,9),(2179,181,9,10),(2180,182,45,6),(2181,183,43,12),(2182,184,25,8),(2183,185,44,11),(2184,186,23,7),(2185,187,27,12),(2186,188,52,11),(2187,189,3,6),(2188,190,13,9),(2189,191,23,7),(2190,192,38,11),(2191,193,2,3),(2192,194,5,4),(2193,195,49,10),(2194,196,3,3),(2195,197,21,9),(2196,198,17,7),(2197,199,21,10),(2198,200,51,12),(2199,201,32,4),(2200,202,35,11),(2201,203,22,4),(2202,204,13,8),(2203,205,11,9),(2204,206,21,6),(2205,207,50,12),(2206,208,11,11),(2207,209,28,8),(2208,210,48,4),(2209,211,13,7),(2210,212,3,11),(2211,213,25,5),(2212,214,18,8),(2213,215,10,8),(2214,216,24,5),(2215,217,32,9),(2216,218,8,12),(2217,219,30,3),(2218,220,28,6),(2219,221,52,5),(2220,222,6,9),(2221,223,3,9),(2222,224,32,4),(2223,225,14,11),(2224,226,10,6),(2225,227,33,11),(2226,228,4,3),(2227,229,34,9),(2228,230,21,10),(2229,231,32,7),(2230,232,48,8),(2231,233,23,3),(2232,234,10,5),(2233,235,24,3),(2234,236,2,11),(2235,237,26,6),(2236,238,39,6),(2237,239,4,12),(2238,240,10,11),(2239,241,51,7),(2240,242,37,7),(2241,243,36,4),(2242,244,26,10),(2243,245,27,3),(2244,246,52,7),(2245,247,20,5),(2246,248,52,9),(2247,249,35,11),(2248,250,42,10),(2249,251,12,9),(2250,252,28,5),(2251,253,13,9),(2252,254,37,7),(2253,255,31,8),(2254,256,39,6),(2255,257,20,10),(2256,258,26,8),(2257,259,20,6),(2258,260,46,9),(2259,261,8,3),(2260,262,7,4),(2261,263,34,12),(2262,264,33,9),(2263,265,2,3),(2264,266,49,10),(2265,267,2,11),(2266,268,38,12),(2267,269,10,8),(2268,270,29,4),(2269,271,14,3),(2270,272,7,3),(2271,273,33,6),(2272,274,34,10),(2273,275,44,10),(2274,276,36,9),(2275,277,34,10),(2276,278,6,11),(2277,279,25,3),(2278,280,8,11),(2279,281,23,9),(2280,282,27,11),(2281,283,54,5),(2282,284,4,6),(2283,285,24,12),(2284,286,12,3),(2285,287,22,7),(2286,288,40,5),(2287,289,18,5),(2288,290,54,6),(2289,291,8,8),(2290,292,1,10),(2291,293,29,6),(2292,294,49,9),(2293,295,53,6),(2294,296,35,5),(2295,297,42,10),(2296,298,37,7),(2297,299,44,11),(2298,300,15,7),(2299,301,51,9),(2300,302,44,6),(2301,303,42,8),(2302,304,13,12),(2303,305,2,4),(2304,306,38,9),(2305,307,37,4),(2306,308,35,3),(2307,309,49,3),(2308,310,14,7),(2309,311,50,4),(2310,312,26,9),(2311,313,6,9),(2312,314,30,9),(2313,315,1,8),(2314,316,33,3),(2315,317,17,7),(2316,318,29,8),(2317,319,12,10),(2318,320,24,5),(2319,321,17,4),(2320,322,41,3),(2321,323,10,9),(2322,324,39,11),(2323,325,50,3),(2324,326,27,6),(2325,327,48,7),(2326,328,7,10),(2327,329,29,8),(2328,330,25,12),(2329,331,14,11),(2330,332,44,8),(2331,333,15,10),(2332,334,8,12),(2333,335,48,4),(2334,336,43,3),(2335,337,21,9),(2336,338,10,9),(2337,339,6,6),(2338,340,23,4),(2339,341,46,10),(2340,342,52,11),(2341,343,54,3),(2342,344,28,10),(2343,345,20,11),(2344,346,38,5),(2345,347,11,4),(2346,348,22,10),(2347,349,47,6),(2348,350,40,11),(2349,351,33,3),(2350,352,19,4),(2351,353,27,4),(2352,354,9,6),(2353,355,22,12),(2354,356,53,7),(2355,357,32,9),(2356,358,8,11),(2357,359,2,11),(2358,360,5,8),(2359,361,18,3),(2360,362,50,10),(2361,363,50,6),(2362,364,24,9),(2363,365,53,11),(2364,366,31,3),(2365,367,53,6),(2366,368,54,4),(2367,369,27,12),(2368,370,5,12),(2369,371,29,4),(2370,372,44,4),(2371,373,29,7),(2372,374,50,5),(2373,375,13,8),(2374,376,16,12),(2375,377,35,8),(2376,378,16,11),(2377,379,19,3),(2378,380,13,3),(2379,381,5,12),(2380,382,33,11),(2381,383,24,11),(2382,384,44,8),(2383,385,18,3),(2384,386,17,4),(2385,387,16,6),(2386,388,3,9),(2387,389,25,5),(2388,390,3,3),(2389,391,11,10),(2390,392,18,9),(2391,393,30,4),(2392,394,44,3),(2393,395,52,6),(2394,396,37,6),(2395,397,16,7),(2396,398,33,12),(2397,399,46,7),(2398,400,44,9),(2399,401,7,9),(2400,402,11,8),(2401,403,19,6),(2402,404,10,7),(2403,405,44,8),(2404,406,25,7),(2405,407,27,5),(2406,408,32,8),(2407,409,34,11),(2408,410,50,12),(2409,411,47,4),(2410,412,6,11),(2411,413,14,11),(2412,414,8,3),(2413,415,44,6),(2414,416,24,12),(2415,417,22,7),(2416,418,37,7),(2417,419,1,8),(2418,420,32,4),(2419,421,22,9),(2420,422,30,10),(2421,423,5,10),(2422,424,42,6),(2423,425,53,6),(2424,426,12,3),(2425,427,29,3),(2426,428,22,6),(2427,429,37,11),(2428,430,28,3),(2429,431,17,12),(2430,432,52,9),(2431,433,39,11),(2432,434,51,9),(2433,435,14,9),(2434,436,15,11),(2435,437,21,3),(2436,438,12,11),(2437,439,23,3),(2438,440,47,11),(2439,441,15,3),(2440,442,1,9),(2441,443,33,3),(2442,444,15,10),(2443,445,48,10),(2444,446,24,7),(2445,447,25,11),(2446,448,44,7),(2447,449,44,12),(2448,450,15,8),(2449,451,12,3),(2450,452,38,4),(2451,453,49,4),(2452,454,10,4),(2453,455,31,8),(2454,456,6,8),(2455,457,35,6),(2456,458,5,5),(2457,459,43,4),(2458,460,41,10),(2459,461,40,5),(2460,462,38,5),(2461,463,53,3),(2462,464,8,7),(2463,465,24,8),(2464,466,12,9),(2465,467,12,7),(2466,468,4,6),(2467,469,30,6),(2468,470,22,9),(2469,471,11,10),(2470,472,47,5),(2471,473,44,4),(2472,474,22,11),(2473,475,13,3),(2474,476,22,7),(2475,477,53,4),(2476,478,42,4),(2477,479,44,5),(2478,480,33,9),(2479,481,11,9),(2480,482,44,10),(2481,483,39,6),(2482,484,22,6),(2483,485,3,5),(2484,486,2,9),(2485,487,18,9),(2486,488,7,5),(2487,489,19,4),(2488,490,44,12),(2489,491,38,4),(2490,492,13,5),(2491,493,28,9),(2492,494,32,12),(2493,495,51,4),(2494,496,30,6),(2495,497,3,12),(2496,498,42,11),(2497,499,18,10),(2498,500,51,7),(2499,501,17,3),(2500,502,41,4),(2501,503,40,3),(2502,504,35,11),(2503,505,13,6),(2504,506,53,7),(2505,507,44,6),(2506,508,29,5),(2507,509,11,7),(2508,510,20,11),(2509,511,5,9),(2510,512,52,11),(2511,513,30,7),(2512,514,16,12),(2513,515,29,11),(2514,516,22,6),(2515,517,45,5),(2516,518,1,3),(2517,519,16,3),(2518,520,50,7),(2519,521,8,11),(2520,522,1,4),(2521,523,32,9),(2522,524,53,8),(2523,525,54,6),(2524,526,20,10),(2525,527,45,10),(2526,528,4,6),(2527,529,10,3),(2528,530,3,8),(2529,531,24,10),(2530,532,52,8),(2531,533,7,12),(2532,534,54,9),(2533,535,34,11),(2534,536,8,7),(2535,537,27,11),(2536,538,51,10),(2537,539,46,7),(2538,540,53,11),(2539,541,4,12),(2540,542,40,8),(2541,543,25,12),(2542,544,35,10),(2543,545,54,11),(2544,546,43,5),(2545,547,3,5),(2546,548,15,11),(2547,549,45,11),(2548,550,31,6),(2549,551,37,11),(2550,552,53,11),(2551,553,39,9),(2552,554,7,12),(2553,555,28,11),(2554,556,3,6),(2555,557,37,8),(2556,558,17,3),(2557,559,46,10),(2558,560,38,9),(2559,561,5,7),(2560,562,35,8),(2561,563,53,5),(2562,564,17,8),(2563,565,2,5),(2564,566,5,4),(2565,567,35,6),(2566,568,19,12),(2567,569,15,7),(2568,570,54,9),(2569,571,1,11),(2570,572,8,7),(2571,573,20,12),(2572,574,30,3),(2573,575,7,5),(2574,576,25,12),(2575,577,35,4),(2576,578,14,11),(2577,579,30,12),(2578,580,35,4),(2579,581,20,10),(2580,582,10,5),(2581,583,14,4),(2582,584,2,4),(2583,585,40,5),(2584,586,17,3),(2585,587,31,11),(2586,588,2,4),(2587,589,25,3),(2588,590,31,7),(2589,591,4,8),(2590,592,30,8),(2591,593,53,10),(2592,594,37,8),(2593,595,21,9),(2594,596,49,6),(2595,597,13,7),(2596,598,9,10),(2597,599,53,8),(2598,600,22,10),(2599,601,17,10),(2600,602,13,12),(2601,603,1,4),(2602,604,4,6),(2603,605,24,12),(2604,606,34,7),(2605,607,53,7),(2606,608,47,12),(2607,609,44,7),(2608,610,8,12),(2609,611,27,4),(2610,612,12,3),(2611,613,6,11),(2612,614,18,5),(2613,615,9,3),(2614,616,21,10),(2615,617,44,6),(2616,618,44,9),(2617,619,10,5),(2618,620,22,8),(2619,621,1,7),(2620,622,10,6),(2621,623,20,10),(2622,624,48,10),(2623,625,8,12),(2624,626,10,7),(2625,627,34,8),(2626,628,9,6),(2627,629,48,4),(2628,630,12,5),(2629,631,4,5),(2630,632,25,4),(2631,633,8,5),(2632,634,22,7),(2633,635,41,5),(2634,636,48,10),(2635,637,37,10),(2636,638,28,3),(2637,639,13,5),(2638,640,5,10),(2639,641,6,9),(2640,642,30,12),(2641,643,44,12),(2642,644,53,3),(2643,645,46,5),(2644,646,51,5),(2645,647,26,3),(2646,648,41,8),(2647,649,4,9),(2648,650,17,11),(2649,651,42,3),(2650,652,34,4),(2651,653,40,10),(2652,654,5,5),(2653,655,52,9),(2654,656,10,7),(2655,657,10,3),(2656,658,31,4),(2657,659,23,7),(2658,660,41,7),(2659,661,31,7),(2660,662,54,7),(2661,663,32,8),(2662,664,9,8),(2663,665,20,3),(2664,666,16,3),(2665,667,53,10),(2666,668,38,11),(2667,669,11,7),(2668,670,26,5),(2669,671,40,6),(2670,672,46,7),(2671,673,42,9),(2672,674,50,7),(2673,675,11,4),(2674,676,9,11),(2675,677,17,9),(2676,678,26,11),(2677,679,29,7),(2678,680,13,11),(2679,681,9,8),(2680,682,8,3),(2681,683,44,12),(2682,684,41,9),(2683,685,11,6),(2684,686,29,6),(2685,687,8,3),(2686,688,5,7),(2687,689,8,3),(2688,690,49,3),(2689,691,26,12),(2690,692,40,9),(2691,693,39,8),(2692,694,31,9),(2693,695,28,4),(2694,696,35,10),(2695,697,8,9),(2696,698,47,10),(2697,699,25,4),(2698,700,27,4),(2699,701,2,6),(2700,702,14,11),(2701,703,2,8),(2702,704,44,8),(2703,705,14,4),(2704,706,32,7),(2705,707,24,9),(2706,708,27,11),(2707,709,24,3),(2708,710,15,6),(2709,711,26,9),(2710,712,19,12),(2711,713,4,7),(2712,714,46,10),(2713,715,1,3),(2714,716,49,4),(2715,717,5,11),(2716,718,50,12),(2717,719,12,3),(2718,720,8,4),(2719,721,53,9),(2720,722,26,12),(2721,723,35,6),(2722,724,39,5),(2723,725,53,5),(2724,726,24,6),(2725,727,4,4),(2726,728,47,12),(2727,729,3,8),(2728,730,41,4),(2729,731,14,6),(2730,732,48,8),(2731,733,41,10),(2732,734,35,11),(2733,735,15,8),(2734,736,23,6),(2735,737,45,3),(2736,738,8,6),(2737,739,5,10),(2738,740,22,6),(2739,741,6,8),(2740,742,30,10),(2741,743,49,8),(2742,744,47,11),(2743,745,52,10),(2744,746,18,11),(2745,747,30,8),(2746,748,32,10),(2747,749,50,12),(2748,750,34,9),(2749,751,49,7),(2750,752,45,3),(2751,753,36,9),(2752,754,27,8),(2753,755,35,8),(2754,756,50,6),(2755,757,3,4),(2756,758,37,10),(2757,759,37,3),(2758,760,8,3),(2759,761,22,4),(2760,762,45,8),(2761,763,17,8),(2762,764,39,10),(2763,765,36,4),(2764,766,2,9),(2765,767,27,3),(2766,768,45,7),(2767,769,44,5),(2768,770,50,10),(2769,771,47,4),(2770,772,14,12),(2771,773,42,5),(2772,774,20,9),(2773,775,46,11),(2774,776,37,11),(2775,777,45,5),(2776,778,39,11),(2777,779,15,11),(2778,780,11,12),(2779,781,34,9),(2780,782,44,12),(2781,783,49,5),(2782,784,31,4),(2783,785,51,11),(2784,786,45,3),(2785,787,7,9),(2786,788,22,11),(2787,789,40,7),(2788,790,29,12),(2789,791,17,4),(2790,792,43,8),(2791,793,5,9),(2792,794,9,9),(2793,795,14,9),(2794,796,14,11),(2795,797,12,6),(2796,798,14,9),(2797,799,26,7),(2798,800,26,9),(2799,801,32,10),(2800,802,44,3),(2801,803,39,9),(2802,804,45,5),(2803,805,1,7),(2804,806,15,3),(2805,807,42,5),(2806,808,3,6),(2807,809,37,10),(2808,810,35,10),(2809,811,34,3),(2810,812,3,6),(2811,813,2,3),(2812,814,32,7),(2813,815,40,12),(2814,816,4,6),(2815,817,22,7),(2816,818,9,3),(2817,819,30,3),(2818,820,8,8),(2819,821,40,7),(2820,822,1,11),(2821,823,5,4),(2822,824,10,8),(2823,825,51,6),(2824,826,2,12),(2825,827,45,10),(2826,828,22,9),(2827,829,13,3),(2828,830,10,10),(2829,831,36,10),(2830,832,4,9),(2831,833,28,7),(2832,834,13,6),(2833,835,15,11),(2834,836,39,5),(2835,837,37,4),(2836,838,42,3),(2837,839,10,3),(2838,840,52,5),(2839,841,35,9),(2840,842,48,12),(2841,843,11,3),(2842,844,46,4),(2843,845,41,6),(2844,846,20,5),(2845,847,26,3),(2846,848,10,8),(2847,849,50,9),(2848,850,13,7),(2849,851,22,3),(2850,852,48,3),(2851,853,37,5),(2852,854,1,4),(2853,855,23,10),(2854,856,12,9),(2855,857,38,11),(2856,858,27,10),(2857,859,7,3),(2858,860,7,10),(2859,861,32,8),(2860,862,36,8),(2861,863,46,11),(2862,864,26,11),(2863,865,53,9),(2864,866,40,9),(2865,867,14,6),(2866,868,10,8),(2867,869,18,3),(2868,870,43,7),(2869,871,43,11),(2870,872,30,12),(2871,873,46,4),(2872,874,16,6),(2873,875,44,6),(2874,876,45,7),(2875,877,36,6),(2876,878,8,7),(2877,879,52,12),(2878,880,13,12),(2879,881,21,9),(2880,882,47,5),(2881,883,45,5),(2882,884,28,3),(2883,885,54,3),(2884,886,53,4),(2885,887,38,7),(2886,888,1,7),(2887,889,11,5),(2888,890,27,4),(2889,891,24,7),(2890,892,40,6),(2891,893,16,6),(2892,894,40,5),(2893,895,37,3),(2894,896,53,7),(2895,897,24,11),(2896,898,45,12),(2897,899,42,7),(2898,900,48,8),(2899,901,13,4),(2900,902,49,7),(2901,903,20,5),(2902,904,14,5),(2903,905,7,7),(2904,906,21,9),(2905,907,23,8),(2906,908,33,4),(2907,909,52,9),(2908,910,32,7),(2909,911,53,4),(2910,912,5,11),(2911,913,47,3),(2912,914,45,4),(2913,915,43,8),(2914,916,13,7),(2915,917,3,9),(2916,918,49,3),(2917,919,20,4),(2918,920,8,11),(2919,921,16,5),(2920,922,7,7),(2921,923,49,11),(2922,924,26,12),(2923,925,4,4),(2924,926,36,4),(2925,927,30,4),(2926,928,39,12),(2927,929,20,4),(2928,930,38,10),(2929,931,45,3),(2930,932,54,5),(2931,933,43,12),(2932,934,38,9),(2933,935,49,9),(2934,936,46,8),(2935,937,26,6),(2936,938,36,11),(2937,939,38,10),(2938,940,48,8),(2939,941,50,7),(2940,942,20,10),(2941,943,2,3),(2942,944,44,3),(2943,945,18,8),(2944,946,4,8),(2945,947,13,7),(2946,948,35,8),(2947,949,23,8),(2948,950,47,7),(2949,951,29,4),(2950,952,10,8),(2951,953,12,10),(2952,954,39,7),(2953,955,13,12),(2954,956,11,7),(2955,957,22,7),(2956,958,45,5),(2957,959,21,6),(2958,960,39,12),(2959,961,4,10),(2960,962,13,5),(2961,963,4,5),(2962,964,34,5),(2963,965,28,7),(2964,966,41,11),(2965,967,41,4),(2966,968,52,7),(2967,969,35,10),(2968,970,18,11),(2969,971,51,10),(2970,972,46,10),(2971,973,13,5),(2972,974,25,8),(2973,975,10,9),(2974,976,28,11),(2975,977,19,7),(2976,978,27,11),(2977,979,19,6),(2978,980,38,7),(2979,981,53,9),(2980,982,42,9),(2981,983,15,6),(2982,984,24,12),(2983,985,53,3),(2984,986,53,6),(2985,987,45,5),(2986,988,48,12),(2987,989,51,5),(2988,990,16,10),(2989,991,21,9),(2990,992,11,5),(2991,993,18,7),(2992,994,4,9),(2993,995,39,11),(2994,996,32,11),(2995,997,43,6),(2996,998,36,6),(2997,999,12,9),(3000,3,7,12),(3001,4,16,5),(3002,5,34,10),(3003,6,9,12),(3004,7,3,7),(3005,8,26,11),(3006,9,31,8),(3007,10,35,7),(3008,11,44,8),(3009,12,2,9),(3010,13,42,6),(3011,14,12,3),(3012,15,29,4),(3013,16,42,11),(3014,17,4,11),(3015,18,8,10),(3016,19,2,11),(3017,20,10,3),(3018,21,49,6),(3019,22,25,4),(3020,23,8,10),(3021,24,35,11),(3022,25,6,8),(3023,26,36,12),(3024,27,24,8),(3025,28,14,3),(3026,29,48,11),(3027,30,22,9),(3028,31,48,11),(3029,32,46,12),(3030,33,24,12),(3031,34,8,5),(3032,35,4,3),(3033,36,6,12),(3034,37,39,8),(3035,38,14,11),(3036,39,40,6),(3037,40,48,11),(3038,41,20,3),(3039,42,54,3),(3040,43,24,10),(3041,44,36,11),(3042,45,45,11),(3043,46,2,7),(3044,47,42,4),(3045,48,31,10),(3046,49,54,11),(3047,50,7,7),(3048,51,48,11),(3049,52,25,3),(3050,53,27,11),(3051,54,25,8),(3052,55,35,5),(3053,56,20,5),(3054,57,2,10),(3055,58,6,3),(3056,59,34,10),(3057,60,42,12),(3058,61,40,7),(3059,62,22,4),(3060,63,21,7),(3061,64,14,10),(3062,65,53,11),(3063,66,35,6),(3064,67,36,3),(3065,68,21,11),(3066,69,5,8),(3067,70,46,9),(3068,71,10,12),(3069,72,41,4),(3070,73,8,11),(3071,74,49,4),(3072,75,2,6),(3073,76,51,5),(3074,77,10,12),(3075,78,47,10),(3076,79,36,10),(3077,80,3,6),(3078,81,50,12),(3079,82,35,11),(3080,83,47,11),(3081,84,4,3),(3082,85,23,3),(3083,86,33,9),(3084,87,13,11),(3085,88,9,10),(3086,89,48,8),(3087,90,8,3),(3088,91,2,11),(3089,92,12,10),(3090,93,24,12),(3091,94,43,5),(3092,95,32,9),(3093,96,12,11),(3094,97,2,3),(3095,98,44,8),(3096,99,35,4),(3097,100,44,5),(3098,101,41,4),(3099,102,15,9),(3100,103,19,7),(3101,104,35,6),(3102,105,48,9),(3103,106,20,9),(3104,107,32,7),(3105,108,14,8),(3106,109,34,10),(3107,110,9,12),(3108,111,14,7),(3109,112,38,11),(3110,113,36,3),(3111,114,17,6),(3112,115,17,5),(3113,116,5,7),(3114,117,17,7),(3115,118,21,12),(3116,119,24,10),(3117,120,50,5),(3118,121,16,3),(3119,122,19,6),(3120,123,5,4),(3121,124,33,9),(3122,125,5,5),(3123,126,19,3),(3124,127,32,7),(3125,128,43,6),(3126,129,5,7),(3127,130,19,7),(3128,131,7,6),(3129,132,44,3),(3130,133,23,9),(3131,134,3,7),(3132,135,39,9),(3133,136,54,8),(3134,137,5,4),(3135,138,23,3),(3136,139,44,11),(3137,140,15,8),(3138,141,16,6),(3139,142,49,4),(3140,143,36,5),(3141,144,9,4),(3142,145,23,3),(3143,146,38,10),(3144,147,22,11),(3145,148,20,9),(3146,149,17,10),(3147,150,18,11),(3148,151,29,11),(3149,152,18,6),(3150,153,5,10),(3151,154,44,11),(3152,155,30,7),(3153,156,42,8),(3154,157,4,4),(3155,158,44,4),(3156,159,32,12),(3157,160,48,10),(3158,161,46,11),(3159,162,31,3),(3160,163,28,12),(3161,164,53,4),(3162,165,12,8),(3163,166,35,11),(3164,167,52,5),(3165,168,36,11),(3166,169,49,10),(3167,170,29,9),(3168,171,12,7),(3169,172,5,4),(3170,173,6,6),(3171,174,37,11),(3172,175,42,12),(3173,176,2,8),(3174,177,24,9),(3175,178,3,4),(3176,179,24,8),(3177,180,15,7),(3178,181,44,8),(3179,182,45,8),(3180,183,20,7),(3181,184,21,10),(3182,185,36,7),(3183,186,50,7),(3184,187,5,7),(3185,188,51,12),(3186,189,14,5),(3187,190,40,5),(3188,191,28,11),(3189,192,31,5),(3190,193,51,9),(3191,194,8,8),(3192,195,46,5),(3193,196,8,6),(3194,197,48,12),(3195,198,18,7),(3196,199,36,4),(3197,200,49,8),(3198,201,14,4),(3199,202,48,6),(3200,203,50,9),(3201,204,41,10),(3202,205,30,5),(3203,206,43,5),(3204,207,42,5),(3205,208,34,11),(3206,209,32,6),(3207,210,31,4),(3208,211,24,9),(3209,212,5,5),(3210,213,13,9),(3211,214,10,3),(3212,215,8,4),(3213,216,34,9),(3214,217,20,8),(3215,218,6,6),(3216,219,1,11),(3217,220,23,12),(3218,221,53,3),(3219,222,17,8),(3220,223,25,5),(3221,224,10,6),(3222,225,1,4),(3223,226,14,10),(3224,227,34,12),(3225,228,47,12),(3226,229,28,11),(3227,230,52,6),(3228,231,46,5),(3229,232,1,6),(3230,233,18,11),(3231,234,2,6),(3232,235,2,12),(3233,236,8,5),(3234,237,29,9),(3235,238,39,7),(3236,239,34,6),(3237,240,39,8),(3238,241,37,10),(3239,242,27,11),(3240,243,52,6),(3241,244,32,10),(3242,245,41,7),(3243,246,7,11),(3244,247,16,3),(3245,248,40,11),(3246,249,48,4),(3247,250,10,12),(3248,251,15,3),(3249,252,15,6),(3250,253,46,8),(3251,254,17,9),(3252,255,4,9),(3253,256,21,12),(3254,257,41,10),(3255,258,2,8),(3256,259,41,9),(3257,260,18,5),(3258,261,2,3),(3259,262,32,11),(3260,263,48,5),(3261,264,52,3),(3262,265,41,6),(3263,266,35,4),(3264,267,22,9),(3265,268,42,11),(3266,269,13,12),(3267,270,5,5),(3268,271,13,7),(3269,272,8,12),(3270,273,35,8),(3271,274,8,11),(3272,275,41,9),(3273,276,35,4),(3274,277,26,5),(3275,278,52,3),(3276,279,50,3),(3277,280,14,9),(3278,281,27,6),(3279,282,7,9),(3280,283,12,10),(3281,284,5,10),(3282,285,21,9),(3283,286,41,3),(3284,287,43,4),(3285,288,13,3),(3286,289,18,5),(3287,290,50,4),(3288,291,39,4),(3289,292,13,9),(3290,293,32,3),(3291,294,10,7),(3292,295,4,11),(3293,296,29,11),(3294,297,3,12),(3295,298,31,9),(3296,299,5,3),(3297,300,40,12),(3298,301,35,12),(3299,302,22,9),(3300,303,19,3),(3301,304,38,5),(3302,305,44,11),(3303,306,21,3),(3304,307,7,6),(3305,308,43,3),(3306,309,34,10),(3307,310,21,8),(3308,311,22,7),(3309,312,6,11),(3310,313,40,10),(3311,314,33,3),(3312,315,17,11),(3313,316,20,9),(3314,317,25,7),(3315,318,53,12),(3316,319,54,12),(3317,320,44,10),(3318,321,37,6),(3319,322,39,6),(3320,323,34,7),(3321,324,30,3),(3322,325,49,12),(3323,326,13,5),(3324,327,39,7),(3325,328,3,9),(3326,329,44,7),(3327,330,52,5),(3328,331,25,11),(3329,332,34,11),(3330,333,30,11),(3331,334,19,11),(3332,335,19,8),(3333,336,28,11),(3334,337,49,7),(3335,338,1,9),(3336,339,7,9),(3337,340,27,5),(3338,341,14,5),(3339,342,39,8),(3340,343,9,10),(3341,344,40,12),(3342,345,50,10),(3343,346,33,12),(3344,347,34,5),(3345,348,49,8),(3346,349,18,5),(3347,350,52,10),(3348,351,42,8),(3349,352,32,12),(3350,353,30,8),(3351,354,34,10),(3352,355,32,9),(3353,356,20,5),(3354,357,50,6),(3355,358,13,6),(3356,359,52,8),(3357,360,21,7),(3358,361,12,7),(3359,362,9,3),(3360,363,17,9),(3361,364,54,7),(3362,365,43,11),(3363,366,6,3),(3364,367,6,4),(3365,368,29,12),(3366,369,26,4),(3367,370,1,9),(3368,371,28,9),(3369,372,20,10),(3370,373,50,7),(3371,374,38,7),(3372,375,2,5),(3373,376,28,4),(3374,377,14,7),(3375,378,42,8),(3376,379,27,9),(3377,380,9,9),(3378,381,27,5),(3379,382,11,9),(3380,383,52,9),(3381,384,33,4),(3382,385,22,6),(3383,386,24,12),(3384,387,1,10),(3385,388,40,11),(3386,389,50,9),(3387,390,39,5),(3388,391,14,6),(3389,392,8,10),(3390,393,9,3),(3391,394,34,8),(3392,395,6,6),(3393,396,47,7),(3394,397,1,8),(3395,398,4,9),(3396,399,9,5),(3397,400,47,12),(3398,401,11,9),(3399,402,16,5),(3400,403,14,8),(3401,404,37,10),(3402,405,15,4),(3403,406,27,3),(3404,407,29,3),(3405,408,16,5),(3406,409,24,9),(3407,410,43,8),(3408,411,43,9),(3409,412,43,3),(3410,413,40,7),(3411,414,23,10),(3412,415,47,4),(3413,416,54,4),(3414,417,27,9),(3415,418,7,10),(3416,419,42,5),(3417,420,18,3),(3418,421,2,10),(3419,422,1,4),(3420,423,15,7),(3421,424,47,10),(3422,425,44,10),(3423,426,25,12),(3424,427,5,9),(3425,428,4,3),(3426,429,13,10),(3427,430,8,5),(3428,431,2,12),(3429,432,53,3),(3430,433,31,4),(3431,434,38,8),(3432,435,10,6),(3433,436,37,4),(3434,437,22,3),(3435,438,30,5),(3436,439,7,12),(3437,440,30,10),(3438,441,4,7),(3439,442,42,7),(3440,443,30,3),(3441,444,23,9),(3442,445,30,6),(3443,446,4,11),(3444,447,49,10),(3445,448,23,9),(3446,449,53,7),(3447,450,40,4),(3448,451,28,4),(3449,452,33,8),(3450,453,45,6),(3451,454,33,4),(3452,455,53,5),(3453,456,11,10),(3454,457,34,3),(3455,458,1,11),(3456,459,18,8),(3457,460,48,7),(3458,461,10,11),(3459,462,18,4),(3460,463,9,5),(3461,464,16,4),(3462,465,28,6),(3463,466,23,7),(3464,467,47,8),(3465,468,29,11),(3466,469,51,9),(3467,470,13,3),(3468,471,8,6),(3469,472,40,4),(3470,473,12,7),(3471,474,42,4),(3472,475,35,10),(3473,476,8,11),(3474,477,32,8),(3475,478,18,10),(3476,479,38,5),(3477,480,9,11),(3478,481,17,4),(3479,482,18,9),(3480,483,7,7),(3481,484,37,7),(3482,485,4,11),(3483,486,21,6),(3484,487,15,6),(3485,488,3,12),(3486,489,53,9),(3487,490,47,3),(3488,491,38,12),(3489,492,32,11),(3490,493,13,3),(3491,494,22,11),(3492,495,16,7),(3493,496,32,9),(3494,497,53,3),(3495,498,50,10),(3496,499,10,5),(3497,500,54,9),(3498,501,46,8),(3499,502,2,12),(3500,503,4,9),(3501,504,25,5),(3502,505,48,4),(3503,506,50,6),(3504,507,16,9),(3505,508,10,7),(3506,509,6,10),(3507,510,5,6),(3508,511,6,8),(3509,512,48,9),(3510,513,1,4),(3511,514,46,12),(3512,515,36,6),(3513,516,29,9),(3514,517,9,11),(3515,518,49,4),(3516,519,50,8),(3517,520,52,6),(3518,521,32,3),(3519,522,12,7),(3520,523,48,10),(3521,524,48,5),(3522,525,6,7),(3523,526,13,6),(3524,527,45,9),(3525,528,15,7),(3526,529,30,7),(3527,530,25,10),(3528,531,42,4),(3529,532,18,4),(3530,533,40,5),(3531,534,45,8),(3532,535,15,5),(3533,536,10,7),(3534,537,49,8),(3535,538,3,5),(3536,539,44,7),(3537,540,47,7),(3538,541,9,7),(3539,542,34,4),(3540,543,31,7),(3541,544,4,8),(3542,545,14,3),(3543,546,16,12),(3544,547,28,9),(3545,548,21,3),(3546,549,11,9),(3547,550,10,5),(3548,551,43,6),(3549,552,42,9),(3550,553,52,4),(3551,554,39,7),(3552,555,26,5),(3553,556,9,6),(3554,557,23,9),(3555,558,35,12),(3556,559,14,8),(3557,560,37,4),(3558,561,12,6),(3559,562,47,10),(3560,563,3,8),(3561,564,31,5),(3562,565,38,3),(3563,566,3,4),(3564,567,54,7),(3565,568,37,12),(3566,569,50,8),(3567,570,27,12),(3568,571,48,11),(3569,572,40,4),(3570,573,27,3),(3571,574,8,5),(3572,575,34,10),(3573,576,39,8),(3574,577,44,9),(3575,578,12,7),(3576,579,25,12),(3577,580,44,6),(3578,581,16,3),(3579,582,47,9),(3580,583,41,11),(3581,584,26,3),(3582,585,30,3),(3583,586,5,12),(3584,587,1,7),(3585,588,18,3),(3586,589,28,5),(3587,590,11,12),(3588,591,14,9),(3589,592,6,3),(3590,593,18,9),(3591,594,4,6),(3592,595,30,8),(3593,596,25,10),(3594,597,26,3),(3595,598,44,12),(3596,599,48,7),(3597,600,54,8),(3598,601,37,3),(3599,602,9,5),(3600,603,1,9),(3601,604,9,3),(3602,605,16,4),(3603,606,50,11),(3604,607,8,11),(3605,608,2,11),(3606,609,29,3),(3607,610,1,5),(3608,611,20,9),(3609,612,28,6),(3610,613,32,10),(3611,614,50,4),(3612,615,36,6),(3613,616,8,4),(3614,617,48,5),(3615,618,39,8),(3616,619,40,9),(3617,620,53,11),(3618,621,3,9),(3619,622,50,4),(3620,623,33,4),(3621,624,24,5),(3622,625,6,3),(3623,626,7,8),(3624,627,48,9),(3625,628,35,11),(3626,629,15,9),(3627,630,22,11),(3628,631,33,5),(3629,632,16,4),(3630,633,49,10),(3631,634,21,9),(3632,635,22,5),(3633,636,16,3),(3634,637,35,3),(3635,638,8,10),(3636,639,14,12),(3637,640,45,10),(3638,641,9,6),(3639,642,14,5),(3640,643,38,5),(3641,644,24,12),(3642,645,6,9),(3643,646,45,3),(3644,647,39,4),(3645,648,23,4),(3646,649,15,8),(3647,650,16,8),(3648,651,21,11),(3649,652,45,3),(3650,653,25,9),(3651,654,21,4),(3652,655,34,12),(3653,656,35,3),(3654,657,15,9),(3655,658,20,4),(3656,659,20,7),(3657,660,43,11),(3658,661,32,5),(3659,662,3,9),(3660,663,23,9),(3661,664,11,4),(3662,665,3,8),(3663,666,12,11),(3664,667,43,8),(3665,668,23,6),(3666,669,9,7),(3667,670,51,5),(3668,671,45,9),(3669,672,4,9),(3670,673,17,10),(3671,674,34,11),(3672,675,37,3),(3673,676,30,7),(3674,677,8,9),(3675,678,12,10),(3676,679,27,5),(3677,680,19,12),(3678,681,50,3),(3679,682,44,6),(3680,683,10,6),(3681,684,13,12),(3682,685,3,6),(3683,686,14,7),(3684,687,15,6),(3685,688,44,5),(3686,689,1,5),(3687,690,35,3),(3688,691,32,7),(3689,692,26,4),(3690,693,50,11),(3691,694,23,10),(3692,695,41,10),(3693,696,9,3),(3694,697,12,11),(3695,698,45,3),(3696,699,47,7),(3697,700,53,10),(3698,701,35,7),(3699,702,1,5),(3700,703,10,4),(3701,704,19,12),(3702,705,25,9),(3703,706,44,8),(3704,707,36,8),(3705,708,17,6),(3706,709,28,3),(3707,710,37,7),(3708,711,1,8),(3709,712,11,12),(3710,713,24,3),(3711,714,26,5),(3712,715,31,7),(3713,716,31,8),(3714,717,18,6),(3715,718,48,5),(3716,719,8,7),(3717,720,53,12),(3718,721,19,7),(3719,722,11,4),(3720,723,7,12),(3721,724,18,5),(3722,725,44,5),(3723,726,48,4),(3724,727,2,5),(3725,728,25,9),(3726,729,49,9),(3727,730,36,7),(3728,731,38,7),(3729,732,51,3),(3730,733,20,11),(3731,734,7,5),(3732,735,8,6),(3733,736,27,3),(3734,737,3,7),(3735,738,15,4),(3736,739,45,10),(3737,740,32,11),(3738,741,26,6),(3739,742,36,7),(3740,743,11,4),(3741,744,34,5),(3742,745,22,8),(3743,746,2,6),(3744,747,42,8),(3745,748,13,7),(3746,749,49,3),(3747,750,25,10),(3748,751,38,12),(3749,752,28,10),(3750,753,17,3),(3751,754,36,4),(3752,755,47,3),(3753,756,47,4),(3754,757,28,6),(3755,758,29,3),(3756,759,7,9),(3757,760,50,12),(3758,761,8,5),(3759,762,1,12),(3760,763,28,12),(3761,764,27,5),(3762,765,52,3),(3763,766,13,6),(3764,767,27,7),(3765,768,50,6),(3766,769,10,4),(3767,770,48,3),(3768,771,16,10),(3769,772,45,4),(3770,773,38,9),(3771,774,45,10),(3772,775,31,3),(3773,776,19,3),(3774,777,39,11),(3775,778,22,9),(3776,779,28,12),(3777,780,35,10),(3778,781,17,7),(3779,782,14,4),(3780,783,16,6),(3781,784,17,4),(3782,785,8,9),(3783,786,43,10),(3784,787,49,11),(3785,788,34,6),(3786,789,31,9),(3787,790,26,6),(3788,791,7,8),(3789,792,12,12),(3790,793,32,6),(3791,794,39,7),(3792,795,20,4),(3793,796,50,6),(3794,797,33,11),(3795,798,32,7),(3796,799,30,11),(3797,800,40,10),(3798,801,11,6),(3799,802,16,4),(3800,803,40,9),(3801,804,10,4),(3802,805,54,7),(3803,806,33,8),(3804,807,24,5),(3805,808,16,11),(3806,809,14,7),(3807,810,3,11),(3808,811,20,6),(3809,812,4,5),(3810,813,29,9),(3811,814,8,12),(3812,815,46,10),(3813,816,43,11),(3814,817,40,6),(3815,818,19,6),(3816,819,1,3),(3817,820,44,11),(3818,821,10,8),(3819,822,18,11),(3820,823,11,7),(3821,824,25,6),(3822,825,31,3),(3823,826,31,5),(3824,827,6,3),(3825,828,40,8),(3826,829,2,12),(3827,830,40,3),(3828,831,31,12),(3829,832,47,6),(3830,833,37,6),(3831,834,16,11),(3832,835,7,9),(3833,836,4,6),(3834,837,41,6),(3835,838,50,3),(3836,839,39,12),(3837,840,23,4),(3838,841,15,3),(3839,842,33,12),(3840,843,8,4),(3841,844,17,3),(3842,845,47,12),(3843,846,9,7),(3844,847,34,6),(3845,848,45,9),(3846,849,54,8),(3847,850,43,11),(3848,851,13,10),(3849,852,44,8),(3850,853,28,6),(3851,854,20,12),(3852,855,8,8),(3853,856,38,5),(3854,857,12,5),(3855,858,24,12),(3856,859,16,7),(3857,860,34,7),(3858,861,16,5),(3859,862,16,11),(3860,863,48,4),(3861,864,21,8),(3862,865,50,6),(3863,866,20,4),(3864,867,50,9),(3865,868,22,10),(3866,869,1,9),(3867,870,28,5),(3868,871,31,9),(3869,872,35,4),(3870,873,33,3),(3871,874,30,9),(3872,875,20,8),(3873,876,35,3),(3874,877,29,5),(3875,878,4,11),(3876,879,34,7),(3877,880,54,4),(3878,881,12,5),(3879,882,39,10),(3880,883,20,10),(3881,884,5,7),(3882,885,32,10),(3883,886,50,5),(3884,887,11,6),(3885,888,26,11),(3886,889,16,12),(3887,890,3,7),(3888,891,47,5),(3889,892,49,4),(3890,893,19,7),(3891,894,32,10),(3892,895,12,10),(3893,896,44,9),(3894,897,31,10),(3895,898,43,10),(3896,899,47,9),(3897,900,30,10),(3898,901,19,3),(3899,902,32,5),(3900,903,17,10),(3901,904,52,12),(3902,905,21,6),(3903,906,51,4),(3904,907,10,10),(3905,908,43,6),(3906,909,40,3),(3907,910,34,12),(3908,911,39,6),(3909,912,38,7),(3910,913,31,7),(3911,914,29,10),(3912,915,5,12),(3913,916,16,8),(3914,917,27,7),(3915,918,6,12),(3916,919,9,12),(3917,920,20,8),(3918,921,44,4),(3919,922,8,7),(3920,923,2,5),(3921,924,51,8),(3922,925,1,4),(3923,926,19,10),(3924,927,15,5),(3925,928,52,7),(3926,929,40,6),(3927,930,3,4),(3928,931,12,7),(3929,932,26,5),(3930,933,41,7),(3931,934,26,12),(3932,935,44,3),(3933,936,25,6),(3934,937,3,11),(3935,938,16,4),(3936,939,36,6),(3937,940,32,12),(3938,941,43,8),(3939,942,12,7),(3940,943,20,5),(3941,944,16,4),(3942,945,8,9),(3943,946,53,10),(3944,947,49,3),(3945,948,46,7),(3946,949,53,3),(3947,950,36,9),(3948,951,15,6),(3949,952,27,3),(3950,953,3,12),(3951,954,39,8),(3952,955,29,4),(3953,956,15,12),(3954,957,11,8),(3955,958,52,11),(3956,959,49,11),(3957,960,7,10),(3958,961,35,3),(3959,962,12,6),(3960,963,24,4),(3961,964,42,9),(3962,965,7,12),(3963,966,4,10),(3964,967,34,6),(3965,968,52,4),(3966,969,44,11),(3967,970,13,7),(3968,971,3,8),(3969,972,32,5),(3970,973,15,4),(3971,974,47,3),(3972,975,46,9),(3973,976,46,5),(3974,977,2,9),(3975,978,19,9),(3976,979,36,4),(3977,980,10,4),(3978,981,35,6),(3979,982,26,8),(3980,983,44,11),(3981,984,50,8),(3982,985,47,11),(3983,986,11,8),(3984,987,1,5),(3985,988,28,3),(3986,989,17,8),(3987,990,11,3),(3988,991,52,5),(3989,992,9,3),(3990,993,19,5),(3991,994,19,5),(3992,995,39,11),(3993,996,45,5),(3994,997,33,12),(3995,998,43,10),(3996,999,6,4),(3999,3,22,10),(4000,4,2,4),(4001,5,15,11),(4002,6,11,5),(4003,7,13,8),(4004,8,22,9),(4005,9,20,7),(4006,10,38,6),(4007,11,26,10),(4008,12,26,8),(4009,13,3,6),(4010,14,21,5),(4011,15,51,8),(4012,16,23,11),(4013,17,6,10),(4014,18,8,12),(4015,19,9,3),(4016,20,24,9),(4017,21,54,6),(4018,22,9,12),(4019,23,23,12),(4020,24,21,9),(4021,25,48,5),(4022,26,17,8),(4023,27,50,7),(4024,28,42,8),(4025,29,9,7),(4026,30,2,5),(4027,31,41,5),(4028,32,10,11),(4029,33,10,6),(4030,34,40,6),(4031,35,39,8),(4032,36,22,3),(4033,37,53,9),(4034,38,31,9),(4035,39,37,6),(4036,40,16,10),(4037,41,28,6),(4038,42,34,4),(4039,43,7,3),(4040,44,48,7),(4041,45,45,9),(4042,46,38,12),(4043,47,29,5),(4044,48,27,8),(4045,49,45,3),(4046,50,28,12),(4047,51,2,8),(4048,52,20,8),(4049,53,28,6),(4050,54,4,11),(4051,55,1,5),(4052,56,15,5),(4053,57,41,5),(4054,58,51,9),(4055,59,6,12),(4056,60,45,10),(4057,61,23,8),(4058,62,40,3),(4059,63,15,7),(4060,64,53,8),(4061,65,39,7),(4062,66,10,11),(4063,67,40,4),(4064,68,4,3),(4065,69,11,4),(4066,70,33,7),(4067,71,6,10),(4068,72,40,9),(4069,73,5,3),(4070,74,45,6),(4071,75,37,11),(4072,76,32,5),(4073,77,37,8),(4074,78,27,10),(4075,79,21,5),(4076,80,38,6),(4077,81,51,9),(4078,82,40,7),(4079,83,54,10),(4080,84,9,12),(4081,85,3,10),(4082,86,17,10),(4083,87,42,5),(4084,88,3,5),(4085,89,14,12),(4086,90,35,9),(4087,91,15,8),(4088,92,51,7),(4089,93,49,12),(4090,94,11,4),(4091,95,33,8),(4092,96,7,7),(4093,97,8,4),(4094,98,12,5),(4095,99,40,3),(4096,100,7,6),(4097,101,23,6),(4098,102,50,6),(4099,103,46,8),(4100,104,7,11),(4101,105,34,3),(4102,106,16,12),(4103,107,40,7),(4104,108,46,4),(4105,109,19,3),(4106,110,40,11),(4107,111,9,10),(4108,112,11,10),(4109,113,28,10),(4110,114,49,12),(4111,115,10,6),(4112,116,12,10),(4113,117,52,4),(4114,118,41,5),(4115,119,12,4),(4116,120,53,7),(4117,121,10,3),(4118,122,36,11),(4119,123,2,8),(4120,124,19,5),(4121,125,42,4),(4122,126,6,6),(4123,127,25,12),(4124,128,26,11),(4125,129,1,9),(4126,130,13,5),(4127,131,29,9),(4128,132,28,10),(4129,133,15,6),(4130,134,6,6),(4131,135,25,10),(4132,136,28,5),(4133,137,5,4),(4134,138,47,9),(4135,139,50,8),(4136,140,14,4),(4137,141,10,7),(4138,142,10,7),(4139,143,42,6),(4140,144,39,7),(4141,145,2,5),(4142,146,52,10),(4143,147,14,9),(4144,148,20,7),(4145,149,5,7),(4146,150,30,5),(4147,151,33,3),(4148,152,10,5),(4149,153,5,6),(4150,154,44,8),(4151,155,41,10),(4152,156,23,9),(4153,157,36,12),(4154,158,43,11),(4155,159,52,7),(4156,160,33,7),(4157,161,14,9),(4158,162,45,11),(4159,163,4,12),(4160,164,1,9),(4161,165,7,12),(4162,166,23,7),(4163,167,24,11),(4164,168,8,7),(4165,169,3,7),(4166,170,31,6),(4167,171,11,5),(4168,172,49,6),(4169,173,3,10),(4170,174,28,5),(4171,175,53,6),(4172,176,20,6),(4173,177,23,12),(4174,178,8,12),(4175,179,5,7),(4176,180,39,11),(4177,181,45,9),(4178,182,39,10),(4179,183,18,10),(4180,184,37,5),(4181,185,1,3),(4182,186,49,12),(4183,187,47,7),(4184,188,28,12),(4185,189,1,3),(4186,190,32,7),(4187,191,16,12),(4188,192,15,9),(4189,193,2,7),(4190,194,53,7),(4191,195,26,6),(4192,196,22,6),(4193,197,52,11),(4194,198,26,10),(4195,199,42,7),(4196,200,7,5),(4197,201,47,8),(4198,202,14,4),(4199,203,16,11),(4200,204,48,7),(4201,205,4,11),(4202,206,42,12),(4203,207,4,10),(4204,208,26,8),(4205,209,47,7),(4206,210,12,12),(4207,211,45,10),(4208,212,53,5),(4209,213,32,9),(4210,214,5,9),(4211,215,42,10),(4212,216,24,5),(4213,217,5,9),(4214,218,18,5),(4215,219,2,6),(4216,220,1,8),(4217,221,33,10),(4218,222,44,4),(4219,223,48,3),(4220,224,6,3),(4221,225,19,3),(4222,226,24,12),(4223,227,41,3),(4224,228,5,10),(4225,229,9,3),(4226,230,17,7),(4227,231,37,3),(4228,232,16,7),(4229,233,28,7),(4230,234,15,12),(4231,235,22,3),(4232,236,9,5),(4233,237,37,9),(4234,238,18,4),(4235,239,7,7),(4236,240,54,4),(4237,241,20,12),(4238,242,12,5),(4239,243,14,8),(4240,244,46,4),(4241,245,7,11),(4242,246,6,9),(4243,247,23,10),(4244,248,5,7),(4245,249,49,12),(4246,250,22,6),(4247,251,27,10),(4248,252,2,4),(4249,253,40,4),(4250,254,42,7),(4251,255,28,7),(4252,256,4,9),(4253,257,4,5),(4254,258,2,10),(4255,259,31,7),(4256,260,3,5),(4257,261,11,5),(4258,262,35,9),(4259,263,45,5),(4260,264,48,3),(4261,265,29,8),(4262,266,31,5),(4263,267,6,10),(4264,268,42,3),(4265,269,46,3),(4266,270,20,10),(4267,271,3,9),(4268,272,29,8),(4269,273,41,7),(4270,274,27,6),(4271,275,35,4),(4272,276,11,4),(4273,277,25,10),(4274,278,46,9),(4275,279,31,9),(4276,280,41,6),(4277,281,51,3),(4278,282,26,3),(4279,283,37,8),(4280,284,28,5),(4281,285,27,7),(4282,286,53,11),(4283,287,19,7),(4284,288,10,4),(4285,289,34,8),(4286,290,40,6),(4287,291,27,6),(4288,292,13,9),(4289,293,36,10),(4290,294,18,6),(4291,295,10,5),(4292,296,54,7),(4293,297,52,7),(4294,298,37,10),(4295,299,48,7),(4296,300,47,3),(4297,301,24,11),(4298,302,14,3),(4299,303,37,3),(4300,304,51,6),(4301,305,9,12),(4302,306,10,9),(4303,307,26,7),(4304,308,7,3),(4305,309,5,6),(4306,310,13,5),(4307,311,22,5),(4308,312,24,4),(4309,313,21,8),(4310,314,26,8),(4311,315,19,5),(4312,316,1,10),(4313,317,47,12),(4314,318,23,4),(4315,319,5,4),(4316,320,48,5),(4317,321,17,8),(4318,322,41,5),(4319,323,29,3),(4320,324,5,6),(4321,325,41,6),(4322,326,18,10),(4323,327,38,9),(4324,328,6,6),(4325,329,24,5),(4326,330,15,5),(4327,331,39,4),(4328,332,25,8),(4329,333,52,8),(4330,334,26,5),(4331,335,24,11),(4332,336,31,5),(4333,337,49,6),(4334,338,40,3),(4335,339,3,11),(4336,340,47,8),(4337,341,12,5),(4338,342,39,8),(4339,343,34,10),(4340,344,28,9),(4341,345,19,4),(4342,346,47,10),(4343,347,35,8),(4344,348,24,3),(4345,349,23,12),(4346,350,17,3),(4347,351,4,10),(4348,352,39,6),(4349,353,41,10),(4350,354,51,7),(4351,355,3,3),(4352,356,4,10),(4353,357,35,10),(4354,358,30,8),(4355,359,38,7),(4356,360,22,3),(4357,361,3,4),(4358,362,33,8),(4359,363,12,7),(4360,364,4,4),(4361,365,26,12),(4362,366,33,5),(4363,367,52,5),(4364,368,23,7),(4365,369,40,6),(4366,370,6,8),(4367,371,29,10),(4368,372,36,10),(4369,373,42,11),(4370,374,32,12),(4371,375,21,12),(4372,376,44,12),(4373,377,2,8),(4374,378,42,9),(4375,379,13,6),(4376,380,26,9),(4377,381,50,7),(4378,382,45,9),(4379,383,17,4),(4380,384,27,4),(4381,385,33,10),(4382,386,39,6),(4383,387,13,8),(4384,388,53,8),(4385,389,9,8),(4386,390,16,3),(4387,391,43,8),(4388,392,42,4),(4389,393,45,10),(4390,394,33,3),(4391,395,26,9),(4392,396,7,5),(4393,397,37,10),(4394,398,36,10),(4395,399,21,4),(4396,400,34,5),(4397,401,42,7),(4398,402,16,8),(4399,403,13,6),(4400,404,53,9),(4401,405,12,7),(4402,406,11,10),(4403,407,54,11),(4404,408,11,8),(4405,409,13,12),(4406,410,20,8),(4407,411,28,9),(4408,412,29,4),(4409,413,22,6),(4410,414,39,12),(4411,415,54,7),(4412,416,20,4),(4413,417,26,5),(4414,418,40,11),(4415,419,52,10),(4416,420,23,12),(4417,421,36,9),(4418,422,6,6),(4419,423,30,11),(4420,424,35,11),(4421,425,41,7),(4422,426,11,5),(4423,427,8,11),(4424,428,47,9),(4425,429,10,5),(4426,430,4,8),(4427,431,17,8),(4428,432,39,6),(4429,433,17,6),(4430,434,20,7),(4431,435,10,8),(4432,436,35,9),(4433,437,48,5),(4434,438,34,9),(4435,439,37,7),(4436,440,27,9),(4437,441,39,11),(4438,442,16,6),(4439,443,16,10),(4440,444,34,4),(4441,445,49,7),(4442,446,27,6),(4443,447,23,11),(4444,448,19,7),(4445,449,15,11),(4446,450,9,3),(4447,451,44,11),(4448,452,33,12),(4449,453,16,3),(4450,454,47,9),(4451,455,48,7),(4452,456,17,12),(4453,457,41,4),(4454,458,41,4),(4455,459,20,7),(4456,460,19,8),(4457,461,25,10),(4458,462,8,7),(4459,463,9,7),(4460,464,47,7),(4461,465,3,10),(4462,466,37,7),(4463,467,38,5),(4464,468,24,10),(4465,469,54,5),(4466,470,33,9),(4467,471,47,3),(4468,472,21,11),(4469,473,29,5),(4470,474,13,10),(4471,475,21,5),(4472,476,53,6),(4473,477,11,8),(4474,478,9,12),(4475,479,49,11),(4476,480,46,6),(4477,481,37,6),(4478,482,21,4),(4479,483,25,7),(4480,484,48,9),(4481,485,41,4),(4482,486,37,7),(4483,487,29,10),(4484,488,28,11),(4485,489,13,6),(4486,490,9,5),(4487,491,3,9),(4488,492,29,6),(4489,493,46,10),(4490,494,31,7),(4491,495,26,4),(4492,496,32,10),(4493,497,46,3),(4494,498,13,12),(4495,499,52,12),(4496,500,20,6),(4497,501,27,9),(4498,502,35,5),(4499,503,24,4),(4500,504,19,3),(4501,505,21,4),(4502,506,37,10),(4503,507,8,9),(4504,508,6,8),(4505,509,50,6),(4506,510,14,4),(4507,511,28,10),(4508,512,11,9),(4509,513,28,9),(4510,514,5,4),(4511,515,46,3),(4512,516,6,4),(4513,517,50,8),(4514,518,40,5),(4515,519,18,5),(4516,520,37,5),(4517,521,34,10),(4518,522,15,5),(4519,523,10,10),(4520,524,20,5),(4521,525,1,7),(4522,526,10,5),(4523,527,13,4),(4524,528,22,7),(4525,529,12,4),(4526,530,47,12),(4527,531,2,11),(4528,532,32,3),(4529,533,16,8),(4530,534,12,4),(4531,535,5,12),(4532,536,47,11),(4533,537,17,8),(4534,538,38,4),(4535,539,2,12),(4536,540,25,8),(4537,541,6,5),(4538,542,53,11),(4539,543,42,5),(4540,544,30,6),(4541,545,28,9),(4542,546,3,3),(4543,547,40,10),(4544,548,5,7),(4545,549,48,10),(4546,550,35,12),(4547,551,19,5),(4548,552,12,10),(4549,553,8,11),(4550,554,26,9),(4551,555,5,6),(4552,556,9,3),(4553,557,24,11),(4554,558,50,4),(4555,559,22,9),(4556,560,19,10),(4557,561,8,12),(4558,562,14,3),(4559,563,30,5),(4560,564,41,5),(4561,565,11,3),(4562,566,42,5),(4563,567,11,10),(4564,568,30,11),(4565,569,27,8),(4566,570,36,4),(4567,571,45,9),(4568,572,40,3),(4569,573,15,4),(4570,574,11,8),(4571,575,36,9),(4572,576,35,10),(4573,577,5,7),(4574,578,20,9),(4575,579,21,11),(4576,580,8,8),(4577,581,16,12),(4578,582,21,12),(4579,583,18,7),(4580,584,33,12),(4581,585,47,10),(4582,586,37,12),(4583,587,7,7),(4584,588,18,5),(4585,589,48,8),(4586,590,37,6),(4587,591,23,12),(4588,592,42,5),(4589,593,43,4),(4590,594,26,11),(4591,595,52,9),(4592,596,29,12),(4593,597,51,6),(4594,598,5,8),(4595,599,43,3),(4596,600,38,6),(4597,601,34,5),(4598,602,10,3),(4599,603,41,6),(4600,604,37,7),(4601,605,16,11),(4602,606,38,9),(4603,607,28,5),(4604,608,44,11),(4605,609,12,12),(4606,610,41,6),(4607,611,47,6),(4608,612,54,10),(4609,613,28,10),(4610,614,22,4),(4611,615,12,8),(4612,616,35,7),(4613,617,7,4),(4614,618,12,12),(4615,619,10,9),(4616,620,43,11),(4617,621,45,8),(4618,622,42,4),(4619,623,25,10),(4620,624,20,4),(4621,625,15,8),(4622,626,20,5),(4623,627,34,3),(4624,628,31,4),(4625,629,16,7),(4626,630,31,7),(4627,631,46,10),(4628,632,21,6),(4629,633,18,9),(4630,634,33,6),(4631,635,11,12),(4632,636,23,5),(4633,637,43,11),(4634,638,28,7),(4635,639,43,9),(4636,640,43,7),(4637,641,51,7),(4638,642,29,4),(4639,643,33,6),(4640,644,43,7),(4641,645,24,11),(4642,646,49,10),(4643,647,46,12),(4644,648,54,11),(4645,649,11,6),(4646,650,41,10),(4647,651,28,11),(4648,652,37,4),(4649,653,17,8),(4650,654,37,3),(4651,655,19,3),(4652,656,13,7),(4653,657,1,3),(4654,658,34,4),(4655,659,37,7),(4656,660,39,12),(4657,661,11,10),(4658,662,46,8),(4659,663,49,4),(4660,664,27,8),(4661,665,39,3),(4662,666,35,3),(4663,667,15,4),(4664,668,42,5),(4665,669,36,12),(4666,670,18,9),(4667,671,1,6),(4668,672,18,9),(4669,673,30,7),(4670,674,43,3),(4671,675,24,10),(4672,676,6,7),(4673,677,9,8),(4674,678,1,5),(4675,679,35,3),(4676,680,1,3),(4677,681,7,11),(4678,682,28,4),(4679,683,43,6),(4680,684,26,6),(4681,685,25,6),(4682,686,31,12),(4683,687,29,10),(4684,688,29,3),(4685,689,1,7),(4686,690,42,12),(4687,691,25,11),(4688,692,52,9),(4689,693,3,9),(4690,694,34,11),(4691,695,26,7),(4692,696,11,9),(4693,697,32,9),(4694,698,11,5),(4695,699,45,3),(4696,700,21,3),(4697,701,9,11),(4698,702,34,9),(4699,703,50,3),(4700,704,32,11),(4701,705,30,9),(4702,706,7,8),(4703,707,48,7),(4704,708,54,9),(4705,709,21,9),(4706,710,26,9),(4707,711,46,3),(4708,712,4,7),(4709,713,23,12),(4710,714,50,9),(4711,715,50,8),(4712,716,54,3),(4713,717,15,11),(4714,718,32,4),(4715,719,31,8),(4716,720,32,8),(4717,721,27,8),(4718,722,29,4),(4719,723,7,5),(4720,724,30,7),(4721,725,49,4),(4722,726,20,9),(4723,727,42,8),(4724,728,18,5),(4725,729,3,4),(4726,730,1,4),(4727,731,7,10),(4728,732,43,10),(4729,733,25,7),(4730,734,8,4),(4731,735,48,11),(4732,736,11,7),(4733,737,39,12),(4734,738,33,3),(4735,739,33,3),(4736,740,16,7),(4737,741,45,7),(4738,742,50,3),(4739,743,50,6),(4740,744,53,9),(4741,745,7,9),(4742,746,42,4),(4743,747,42,12),(4744,748,54,4),(4745,749,43,12),(4746,750,52,12),(4747,751,17,3),(4748,752,9,10),(4749,753,49,12),(4750,754,22,10),(4751,755,3,11),(4752,756,4,11),(4753,757,5,10),(4754,758,43,9),(4755,759,22,7),(4756,760,31,3),(4757,761,53,6),(4758,762,53,10),(4759,763,24,4),(4760,764,22,9),(4761,765,44,11),(4762,766,23,3),(4763,767,16,3),(4764,768,40,11),(4765,769,54,10),(4766,770,54,4),(4767,771,19,4),(4768,772,45,6),(4769,773,18,8),(4770,774,11,12),(4771,775,15,3),(4772,776,28,5),(4773,777,2,4),(4774,778,9,8),(4775,779,20,6),(4776,780,4,5),(4777,781,13,4),(4778,782,6,3),(4779,783,29,12),(4780,784,39,4),(4781,785,3,11),(4782,786,25,10),(4783,787,44,3),(4784,788,36,8),(4785,789,25,6),(4786,790,52,12),(4787,791,54,11),(4788,792,20,5),(4789,793,40,5),(4790,794,41,3),(4791,795,51,6),(4792,796,26,12),(4793,797,30,11),(4794,798,39,6),(4795,799,17,6),(4796,800,44,6),(4797,801,50,8),(4798,802,41,11),(4799,803,14,9),(4800,804,41,11),(4801,805,44,10),(4802,806,51,7),(4803,807,24,9),(4804,808,7,5),(4805,809,11,9),(4806,810,54,7),(4807,811,14,10),(4808,812,40,6),(4809,813,21,4),(4810,814,8,10),(4811,815,19,10),(4812,816,14,11),(4813,817,30,3),(4814,818,15,6),(4815,819,16,7),(4816,820,45,4),(4817,821,41,3),(4818,822,36,8),(4819,823,51,12),(4820,824,11,12),(4821,825,15,12),(4822,826,54,12),(4823,827,31,3),(4824,828,5,12),(4825,829,13,9),(4826,830,24,11),(4827,831,9,4),(4828,832,47,8),(4829,833,3,10),(4830,834,53,11),(4831,835,39,5),(4832,836,49,3),(4833,837,54,9),(4834,838,30,5),(4835,839,9,5),(4836,840,24,6),(4837,841,48,5),(4838,842,5,12),(4839,843,3,11),(4840,844,27,6),(4841,845,25,10),(4842,846,46,5),(4843,847,36,6),(4844,848,28,11),(4845,849,40,5),(4846,850,53,3),(4847,851,8,8),(4848,852,15,3),(4849,853,37,7),(4850,854,51,9),(4851,855,16,3),(4852,856,6,7),(4853,857,29,7),(4854,858,28,6),(4855,859,29,7),(4856,860,35,7),(4857,861,26,11),(4858,862,1,4),(4859,863,1,11),(4860,864,50,9),(4861,865,28,7),(4862,866,48,9),(4863,867,5,4),(4864,868,18,12),(4865,869,1,10),(4866,870,46,11),(4867,871,36,11),(4868,872,25,11),(4869,873,51,3),(4870,874,48,5),(4871,875,25,4),(4872,876,5,12),(4873,877,15,6),(4874,878,43,4),(4875,879,44,7),(4876,880,45,11),(4877,881,20,6),(4878,882,11,6),(4879,883,12,6),(4880,884,8,5),(4881,885,21,11),(4882,886,33,8),(4883,887,49,9),(4884,888,50,8),(4885,889,42,10),(4886,890,11,3),(4887,891,52,11),(4888,892,41,4),(4889,893,21,8),(4890,894,39,6),(4891,895,19,9),(4892,896,31,6),(4893,897,24,7),(4894,898,34,4),(4895,899,43,8),(4896,900,17,6),(4897,901,3,3),(4898,902,7,5),(4899,903,40,4),(4900,904,6,3),(4901,905,25,8),(4902,906,1,9),(4903,907,4,10),(4904,908,43,4),(4905,909,37,5),(4906,910,5,10),(4907,911,13,10),(4908,912,44,3),(4909,913,15,8),(4910,914,50,10),(4911,915,45,9),(4912,916,33,4),(4913,917,51,3),(4914,918,3,12),(4915,919,30,3),(4916,920,25,10),(4917,921,49,4),(4918,922,9,10),(4919,923,30,3),(4920,924,10,4),(4921,925,14,5),(4922,926,11,11),(4923,927,44,12),(4924,928,46,7),(4925,929,45,3),(4926,930,11,5),(4927,931,2,9),(4928,932,38,3),(4929,933,33,9),(4930,934,35,4),(4931,935,52,6),(4932,936,54,9),(4933,937,53,10),(4934,938,9,12),(4935,939,23,6),(4936,940,3,5),(4937,941,44,3),(4938,942,18,6),(4939,943,50,3),(4940,944,9,11),(4941,945,18,7),(4942,946,16,12),(4943,947,37,3),(4944,948,54,6),(4945,949,6,12),(4946,950,35,8),(4947,951,52,9),(4948,952,29,10),(4949,953,29,11),(4950,954,18,11),(4951,955,17,7),(4952,956,31,3),(4953,957,53,5),(4954,958,31,10),(4955,959,44,10),(4956,960,41,4),(4957,961,8,11),(4958,962,27,9),(4959,963,2,6),(4960,964,44,5),(4961,965,37,3),(4962,966,15,8),(4963,967,46,7),(4964,968,41,11),(4965,969,33,3),(4966,970,18,11),(4967,971,43,10),(4968,972,4,8),(4969,973,13,5),(4970,974,29,7),(4971,975,38,6),(4972,976,31,6),(4973,977,12,10),(4974,978,20,3),(4975,979,27,11),(4976,980,8,6),(4977,981,11,3),(4978,982,39,8),(4979,983,23,11),(4980,984,29,7),(4981,985,29,6),(4982,986,9,7),(4983,987,40,3),(4984,988,16,10),(4985,989,3,4),(4986,990,36,12),(4987,991,32,5),(4988,992,14,11),(4989,993,5,9),(4990,994,23,4),(4991,995,18,12),(4992,996,20,9),(4993,997,15,7),(4994,998,23,7),(4995,999,31,6),(4998,3,35,3),(4999,4,25,6),(5000,5,33,8),(5001,6,53,8),(5002,7,16,5),(5003,8,51,12),(5004,9,37,5),(5005,10,51,10),(5006,11,9,5),(5007,12,9,10),(5008,13,5,5),(5009,14,29,11),(5010,15,50,6),(5011,16,39,5),(5012,17,30,3),(5013,18,2,4),(5014,19,51,5),(5015,20,9,11),(5016,21,4,8),(5017,22,49,9),(5018,23,11,8),(5019,24,51,10),(5020,25,31,11),(5021,26,49,4),(5022,27,25,10),(5023,28,1,11),(5024,29,36,9),(5025,30,52,9),(5026,31,16,7),(5027,32,18,7),(5028,33,14,7),(5029,34,50,6),(5030,35,2,3),(5031,36,42,8),(5032,37,10,10),(5033,38,46,4),(5034,39,16,11),(5035,40,40,5),(5036,41,41,9),(5037,42,34,8),(5038,43,53,11),(5039,44,54,12),(5040,45,18,4),(5041,46,28,8),(5042,47,14,4),(5043,48,1,8),(5044,49,47,8),(5045,50,28,9),(5046,51,5,8),(5047,52,39,3),(5048,53,45,5),(5049,54,18,7),(5050,55,16,6),(5051,56,27,7),(5052,57,27,8),(5053,58,14,5),(5054,59,10,9),(5055,60,37,10),(5056,61,23,8),(5057,62,45,4),(5058,63,18,5),(5059,64,13,3),(5060,65,14,12),(5061,66,49,5),(5062,67,33,12),(5063,68,35,9),(5064,69,19,9),(5065,70,28,10),(5066,71,31,9),(5067,72,35,9),(5068,73,53,11),(5069,74,29,6),(5070,75,40,5),(5071,76,49,3),(5072,77,49,12),(5073,78,30,6),(5074,79,21,4),(5075,80,27,7),(5076,81,22,8),(5077,82,16,12),(5078,83,24,4),(5079,84,6,4),(5080,85,31,4),(5081,86,23,10),(5082,87,17,4),(5083,88,6,8),(5084,89,39,11),(5085,90,1,6),(5086,91,7,11),(5087,92,34,5),(5088,93,3,10),(5089,94,49,3),(5090,95,32,10),(5091,96,35,4),(5092,97,21,11),(5093,98,36,12),(5094,99,1,11),(5095,100,47,6),(5096,101,15,7),(5097,102,40,8),(5098,103,11,8),(5099,104,40,3),(5100,105,12,5),(5101,106,18,12),(5102,107,45,8),(5103,108,53,8),(5104,109,32,9),(5105,110,41,3),(5106,111,47,6),(5107,112,50,5),(5108,113,13,6),(5109,114,34,7),(5110,115,20,8),(5111,116,24,6),(5112,117,53,10),(5113,118,35,5),(5114,119,36,10),(5115,120,44,5),(5116,121,54,10),(5117,122,18,4),(5118,123,29,12),(5119,124,37,12),(5120,125,10,12),(5121,126,30,5),(5122,127,47,12),(5123,128,53,6),(5124,129,7,4),(5125,130,8,12),(5126,131,26,10),(5127,132,7,12),(5128,133,23,4),(5129,134,39,9),(5130,135,8,3),(5131,136,21,3),(5132,137,50,8),(5133,138,52,8),(5134,139,41,4),(5135,140,34,5),(5136,141,51,8),(5137,142,42,6),(5138,143,14,4),(5139,144,30,3),(5140,145,42,8),(5141,146,31,6),(5142,147,53,4),(5143,148,26,3),(5144,149,47,11),(5145,150,38,9),(5146,151,49,11),(5147,152,50,4),(5148,153,30,7),(5149,154,40,12),(5150,155,5,3),(5151,156,41,3),(5152,157,30,6),(5153,158,21,3),(5154,159,13,12),(5155,160,49,5),(5156,161,32,6),(5157,162,36,7),(5158,163,36,7),(5159,164,20,10),(5160,165,15,4),(5161,166,45,11),(5162,167,9,4),(5163,168,34,5),(5164,169,37,9),(5165,170,45,7),(5166,171,52,11),(5167,172,14,9),(5168,173,32,6),(5169,174,1,8),(5170,175,8,11),(5171,176,44,11),(5172,177,16,7),(5173,178,29,5),(5174,179,36,12),(5175,180,39,8),(5176,181,3,7),(5177,182,43,6),(5178,183,10,3),(5179,184,12,8),(5180,185,22,10),(5181,186,32,11),(5182,187,27,5),(5183,188,6,11),(5184,189,51,8),(5185,190,18,5),(5186,191,29,3),(5187,192,3,5),(5188,193,21,3),(5189,194,11,4),(5190,195,15,7),(5191,196,50,8),(5192,197,6,8),(5193,198,20,9),(5194,199,3,4),(5195,200,48,9),(5196,201,11,11),(5197,202,25,3),(5198,203,29,11),(5199,204,12,6),(5200,205,45,3),(5201,206,40,8),(5202,207,44,4),(5203,208,44,3),(5204,209,26,11),(5205,210,26,12),(5206,211,40,11),(5207,212,24,6),(5208,213,26,4),(5209,214,29,6),(5210,215,44,7),(5211,216,49,7),(5212,217,10,4),(5213,218,28,3),(5214,219,23,4),(5215,220,29,3),(5216,221,8,6),(5217,222,19,6),(5218,223,44,11),(5219,224,27,3),(5220,225,53,12),(5221,226,3,7),(5222,227,7,7),(5223,228,5,7),(5224,229,15,3),(5225,230,6,11),(5226,231,36,12),(5227,232,39,12),(5228,233,24,3),(5229,234,4,5),(5230,235,15,4),(5231,236,36,7),(5232,237,8,7),(5233,238,33,6),(5234,239,26,10),(5235,240,33,8),(5236,241,9,6),(5237,242,18,5),(5238,243,52,11),(5239,244,41,7),(5240,245,35,10),(5241,246,29,4),(5242,247,45,4),(5243,248,48,8),(5244,249,12,4),(5245,250,8,10),(5246,251,49,9),(5247,252,45,11),(5248,253,41,8),(5249,254,54,11),(5250,255,18,4),(5251,256,34,5),(5252,257,17,6),(5253,258,20,6),(5254,259,45,8),(5255,260,52,4),(5256,261,30,3),(5257,262,9,12),(5258,263,34,11),(5259,264,12,11),(5260,265,30,8),(5261,266,52,7),(5262,267,32,3),(5263,268,24,9),(5264,269,3,8),(5265,270,15,8),(5266,271,24,11),(5267,272,9,9),(5268,273,23,12),(5269,274,6,10),(5270,275,52,10),(5271,276,34,5),(5272,277,27,5),(5273,278,27,6),(5274,279,27,6),(5275,280,1,6),(5276,281,39,4),(5277,282,3,4),(5278,283,49,6),(5279,284,6,7),(5280,285,39,5),(5281,286,3,10),(5282,287,41,8),(5283,288,22,11),(5284,289,51,6),(5285,290,17,11),(5286,291,2,6),(5287,292,27,12),(5288,293,10,5),(5289,294,27,3),(5290,295,33,3),(5291,296,53,9),(5292,297,16,12),(5293,298,53,5),(5294,299,30,6),(5295,300,44,7),(5296,301,8,11),(5297,302,49,6),(5298,303,1,4),(5299,304,32,3),(5300,305,2,5),(5301,306,31,9),(5302,307,36,4),(5303,308,31,11),(5304,309,42,3),(5305,310,10,11),(5306,311,48,8),(5307,312,9,9),(5308,313,18,11),(5309,314,31,3),(5310,315,37,11),(5311,316,46,8),(5312,317,25,3),(5313,318,37,11),(5314,319,44,10),(5315,320,8,12),(5316,321,34,11),(5317,322,8,9),(5318,323,21,3),(5319,324,28,12),(5320,325,51,8),(5321,326,2,4),(5322,327,37,12),(5323,328,26,9),(5324,329,26,7),(5325,330,53,5),(5326,331,39,10),(5327,332,1,7),(5328,333,19,12),(5329,334,51,11),(5330,335,32,7),(5331,336,52,7),(5332,337,38,6),(5333,338,15,4),(5334,339,25,10),(5335,340,7,6),(5336,341,25,12),(5337,342,3,11),(5338,343,30,8),(5339,344,12,4),(5340,345,36,7),(5341,346,32,4),(5342,347,35,8),(5343,348,27,11),(5344,349,28,4),(5345,350,16,8),(5346,351,16,4),(5347,352,10,12),(5348,353,1,11),(5349,354,40,11),(5350,355,34,7),(5351,356,40,11),(5352,357,5,4),(5353,358,13,3),(5354,359,21,5),(5355,360,47,5),(5356,361,22,7),(5357,362,51,5),(5358,363,10,5),(5359,364,5,3),(5360,365,25,8),(5361,366,1,11),(5362,367,41,8),(5363,368,19,8),(5364,369,9,12),(5365,370,38,9),(5366,371,25,11),(5367,372,31,10),(5368,373,46,8),(5369,374,50,3),(5370,375,37,3),(5371,376,35,9),(5372,377,10,3),(5373,378,54,4),(5374,379,35,3),(5375,380,15,6),(5376,381,9,5),(5377,382,53,6),(5378,383,54,3),(5379,384,51,11),(5380,385,12,4),(5381,386,17,11),(5382,387,17,4),(5383,388,15,3),(5384,389,31,7),(5385,390,22,6),(5386,391,54,8),(5387,392,13,3),(5388,393,12,12),(5389,394,21,8),(5390,395,48,7),(5391,396,45,6),(5392,397,42,5),(5393,398,35,9),(5394,399,19,11),(5395,400,5,7),(5396,401,50,7),(5397,402,3,11),(5398,403,11,10),(5399,404,44,6),(5400,405,40,10),(5401,406,10,4),(5402,407,22,12),(5403,408,43,9),(5404,409,5,6),(5405,410,7,6),(5406,411,11,11),(5407,412,23,10),(5408,413,5,9),(5409,414,22,8),(5410,415,1,9),(5411,416,25,10),(5412,417,3,7),(5413,418,35,3),(5414,419,24,11),(5415,420,10,12),(5416,421,1,10),(5417,422,51,4),(5418,423,38,12),(5419,424,21,7),(5420,425,38,12),(5421,426,18,12),(5422,427,38,8),(5423,428,39,6),(5424,429,29,7),(5425,430,22,12),(5426,431,15,12),(5427,432,45,9),(5428,433,6,3),(5429,434,15,8),(5430,435,7,5),(5431,436,42,7),(5432,437,27,8),(5433,438,54,5),(5434,439,12,7),(5435,440,47,10),(5436,441,5,6),(5437,442,38,4),(5438,443,16,6),(5439,444,37,8),(5440,445,37,5),(5441,446,22,4),(5442,447,6,6),(5443,448,37,11),(5444,449,51,11),(5445,450,13,8),(5446,451,44,5),(5447,452,33,6),(5448,453,26,8),(5449,454,27,11),(5450,455,42,6),(5451,456,24,11),(5452,457,47,11),(5453,458,35,6),(5454,459,21,3),(5455,460,16,10),(5456,461,39,4),(5457,462,27,8),(5458,463,10,5),(5459,464,40,8),(5460,465,10,5),(5461,466,45,7),(5462,467,11,6),(5463,468,10,8),(5464,469,50,5),(5465,470,52,9),(5466,471,30,10),(5467,472,50,6),(5468,473,3,7),(5469,474,9,4),(5470,475,8,5),(5471,476,21,8),(5472,477,10,4),(5473,478,36,5),(5474,479,46,7),(5475,480,51,8),(5476,481,44,6),(5477,482,31,9),(5478,483,45,7),(5479,484,53,6),(5480,485,20,3),(5481,486,36,7),(5482,487,17,8),(5483,488,52,10),(5484,489,52,6),(5485,490,28,3),(5486,491,50,9),(5487,492,28,11),(5488,493,47,6),(5489,494,28,3),(5490,495,23,5),(5491,496,48,5),(5492,497,10,3),(5493,498,11,9),(5494,499,27,6),(5495,500,32,7),(5496,501,42,8),(5497,502,35,4),(5498,503,6,5),(5499,504,42,5),(5500,505,15,3),(5501,506,47,3),(5502,507,16,5),(5503,508,19,10),(5504,509,54,5),(5505,510,45,6),(5506,511,23,3),(5507,512,47,9),(5508,513,44,8),(5509,514,46,8),(5510,515,30,5),(5511,516,5,3),(5512,517,37,8),(5513,518,36,7),(5514,519,24,4),(5515,520,47,9),(5516,521,40,11),(5517,522,13,3),(5518,523,17,7),(5519,524,27,6),(5520,525,6,6),(5521,526,46,9),(5522,527,26,10),(5523,528,16,12),(5524,529,29,12),(5525,530,51,9),(5526,531,35,9),(5527,532,46,7),(5528,533,14,4),(5529,534,6,5),(5530,535,44,7),(5531,536,14,3),(5532,537,28,6),(5533,538,28,7),(5534,539,43,8),(5535,540,54,5),(5536,541,20,12),(5537,542,48,4),(5538,543,1,9),(5539,544,39,4),(5540,545,5,9),(5541,546,22,4),(5542,547,18,10),(5543,548,42,9),(5544,549,26,3),(5545,550,46,8),(5546,551,14,6),(5547,552,29,11),(5548,553,51,4),(5549,554,18,9),(5550,555,39,5),(5551,556,16,6),(5552,557,54,5),(5553,558,6,10),(5554,559,35,8),(5555,560,7,5),(5556,561,11,11),(5557,562,25,4),(5558,563,38,5),(5559,564,17,7),(5560,565,17,9),(5561,566,53,12),(5562,567,18,4),(5563,568,21,12),(5564,569,26,6),(5565,570,11,6),(5566,571,51,3),(5567,572,32,4),(5568,573,28,7),(5569,574,4,7),(5570,575,17,3),(5571,576,7,11),(5572,577,17,6),(5573,578,42,12),(5574,579,47,11),(5575,580,34,10),(5576,581,43,6),(5577,582,40,3),(5578,583,5,11),(5579,584,43,12),(5580,585,23,11),(5581,586,27,5),(5582,587,30,12),(5583,588,23,3),(5584,589,3,10),(5585,590,39,3),(5586,591,35,9),(5587,592,31,7),(5588,593,26,10),(5589,594,46,6),(5590,595,39,4),(5591,596,36,9),(5592,597,27,6),(5593,598,26,12),(5594,599,44,4),(5595,600,33,10),(5596,601,53,6),(5597,602,16,11),(5598,603,38,9),(5599,604,43,11),(5600,605,38,4),(5601,606,32,10),(5602,607,47,5),(5603,608,1,4),(5604,609,22,11),(5605,610,5,3),(5606,611,38,12),(5607,612,12,5),(5608,613,28,8),(5609,614,11,10),(5610,615,31,7),(5611,616,17,6),(5612,617,27,3),(5613,618,33,6),(5614,619,7,7),(5615,620,38,10),(5616,621,37,5),(5617,622,31,4),(5618,623,41,8),(5619,624,53,3),(5620,625,14,4),(5621,626,42,11),(5622,627,52,5),(5623,628,49,10),(5624,629,5,4),(5625,630,17,4),(5626,631,37,5),(5627,632,49,7),(5628,633,29,12),(5629,634,34,5),(5630,635,3,4),(5631,636,44,7),(5632,637,18,3),(5633,638,4,3),(5634,639,16,6),(5635,640,21,3),(5636,641,8,6),(5637,642,52,4),(5638,643,50,11),(5639,644,29,9),(5640,645,46,7),(5641,646,26,10),(5642,647,8,6),(5643,648,21,11),(5644,649,26,8),(5645,650,4,7),(5646,651,45,7),(5647,652,23,5),(5648,653,1,11),(5649,654,25,4),(5650,655,19,5),(5651,656,52,4),(5652,657,26,3),(5653,658,23,9),(5654,659,29,8),(5655,660,33,7),(5656,661,23,12),(5657,662,4,9),(5658,663,20,12),(5659,664,29,7),(5660,665,4,6),(5661,666,26,5),(5662,667,13,10),(5663,668,10,10),(5664,669,48,10),(5665,670,30,11),(5666,671,12,4),(5667,672,42,4),(5668,673,44,10),(5669,674,22,12),(5670,675,51,3),(5671,676,53,7),(5672,677,44,7),(5673,678,23,6),(5674,679,21,6),(5675,680,20,12),(5676,681,1,6),(5677,682,3,10),(5678,683,22,7),(5679,684,32,5),(5680,685,14,8),(5681,686,33,5),(5682,687,5,7),(5683,688,6,8),(5684,689,25,5),(5685,690,52,4),(5686,691,39,3),(5687,692,47,9),(5688,693,51,4),(5689,694,7,3),(5690,695,36,5),(5691,696,23,8),(5692,697,36,12),(5693,698,30,5),(5694,699,42,12),(5695,700,44,3),(5696,701,7,10),(5697,702,28,4),(5698,703,9,3),(5699,704,29,12),(5700,705,17,4),(5701,706,52,8),(5702,707,7,11),(5703,708,22,8),(5704,709,25,5),(5705,710,35,10),(5706,711,25,9),(5707,712,27,3),(5708,713,4,11),(5709,714,53,8),(5710,715,11,10),(5711,716,26,11),(5712,717,34,5),(5713,718,14,12),(5714,719,23,10),(5715,720,38,11),(5716,721,31,11),(5717,722,4,10),(5718,723,46,9),(5719,724,15,9),(5720,725,35,11),(5721,726,40,11),(5722,727,1,10),(5723,728,52,7),(5724,729,25,9),(5725,730,48,12),(5726,731,4,6),(5727,732,44,9),(5728,733,10,3),(5729,734,28,6),(5730,735,1,5),(5731,736,33,12),(5732,737,24,8),(5733,738,50,3),(5734,739,28,3),(5735,740,5,5),(5736,741,48,12),(5737,742,12,8),(5738,743,47,10),(5739,744,21,4),(5740,745,53,5),(5741,746,11,10),(5742,747,36,12),(5743,748,4,11),(5744,749,14,11),(5745,750,17,4),(5746,751,34,5),(5747,752,8,11),(5748,753,11,5),(5749,754,36,6),(5750,755,51,7),(5751,756,1,11),(5752,757,44,11),(5753,758,15,3),(5754,759,15,5),(5755,760,5,6),(5756,761,1,10),(5757,762,27,9),(5758,763,53,3),(5759,764,31,5),(5760,765,54,9),(5761,766,42,10),(5762,767,24,8),(5763,768,39,6),(5764,769,43,8),(5765,770,42,8),(5766,771,52,3),(5767,772,53,12),(5768,773,37,12),(5769,774,6,9),(5770,775,36,8),(5771,776,51,6),(5772,777,46,4),(5773,778,12,3),(5774,779,5,3),(5775,780,30,3),(5776,781,43,6),(5777,782,17,6),(5778,783,49,11),(5779,784,50,12),(5780,785,5,7),(5781,786,7,6),(5782,787,53,12),(5783,788,5,6),(5784,789,39,12),(5785,790,38,5),(5786,791,24,6),(5787,792,33,8),(5788,793,32,12),(5789,794,35,8),(5790,795,32,3),(5791,796,11,8),(5792,797,34,8),(5793,798,19,6),(5794,799,20,8),(5795,800,27,6),(5796,801,52,6),(5797,802,53,11),(5798,803,24,8),(5799,804,23,5),(5800,805,41,3),(5801,806,23,6),(5802,807,40,10),(5803,808,42,9),(5804,809,21,11),(5805,810,13,10),(5806,811,49,7),(5807,812,51,11),(5808,813,23,11),(5809,814,49,6),(5810,815,51,3),(5811,816,27,11),(5812,817,22,11),(5813,818,4,9),(5814,819,19,11),(5815,820,18,5),(5816,821,11,9),(5817,822,38,11),(5818,823,37,4),(5819,824,1,8),(5820,825,13,10),(5821,826,19,5),(5822,827,22,8),(5823,828,15,10),(5824,829,39,10),(5825,830,22,4),(5826,831,42,5),(5827,832,9,9),(5828,833,21,4),(5829,834,53,4),(5830,835,22,5),(5831,836,25,3),(5832,837,27,8),(5833,838,11,5),(5834,839,45,7),(5835,840,13,7),(5836,841,22,9),(5837,842,11,5),(5838,843,23,8),(5839,844,43,10),(5840,845,28,5),(5841,846,49,6),(5842,847,8,6),(5843,848,54,7),(5844,849,53,10),(5845,850,20,9),(5846,851,20,12),(5847,852,1,7),(5848,853,53,10),(5849,854,3,11),(5850,855,4,7),(5851,856,39,5),(5852,857,1,8),(5853,858,13,12),(5854,859,14,11),(5855,860,16,8),(5856,861,34,5),(5857,862,46,7),(5858,863,11,6),(5859,864,11,9),(5860,865,23,8),(5861,866,30,3),(5862,867,1,10),(5863,868,39,4),(5864,869,31,9),(5865,870,27,9),(5866,871,20,8),(5867,872,17,8),(5868,873,23,7),(5869,874,32,9),(5870,875,52,10),(5871,876,14,11),(5872,877,16,5),(5873,878,28,5),(5874,879,21,10),(5875,880,32,6),(5876,881,15,7),(5877,882,25,4),(5878,883,12,5),(5879,884,31,7),(5880,885,36,12),(5881,886,51,12),(5882,887,15,11),(5883,888,52,10),(5884,889,43,5),(5885,890,8,4),(5886,891,48,8),(5887,892,43,4),(5888,893,51,11),(5889,894,36,8),(5890,895,43,9),(5891,896,20,10),(5892,897,27,7),(5893,898,4,3),(5894,899,50,6),(5895,900,38,8),(5896,901,8,4),(5897,902,54,6),(5898,903,19,6),(5899,904,7,6),(5900,905,6,9),(5901,906,16,7),(5902,907,35,12),(5903,908,6,12),(5904,909,8,8),(5905,910,7,3),(5906,911,37,11),(5907,912,31,10),(5908,913,13,11),(5909,914,48,10),(5910,915,39,4),(5911,916,29,11),(5912,917,42,4),(5913,918,53,10),(5914,919,43,9),(5915,920,8,3),(5916,921,52,5),(5917,922,18,5),(5918,923,52,12),(5919,924,33,8),(5920,925,41,7),(5921,926,3,10),(5922,927,35,7),(5923,928,45,5),(5924,929,53,3),(5925,930,29,3),(5926,931,53,6),(5927,932,12,11),(5928,933,37,11),(5929,934,12,6),(5930,935,24,8),(5931,936,15,3),(5932,937,32,10),(5933,938,34,9),(5934,939,45,11),(5935,940,52,10),(5936,941,38,8),(5937,942,53,9),(5938,943,32,10),(5939,944,16,10),(5940,945,41,5),(5941,946,22,7),(5942,947,23,8),(5943,948,14,10),(5944,949,27,6),(5945,950,13,9),(5946,951,8,8),(5947,952,7,6),(5948,953,20,9),(5949,954,41,11),(5950,955,9,5),(5951,956,44,11),(5952,957,31,10),(5953,958,17,5),(5954,959,22,8),(5955,960,43,10),(5956,961,3,7),(5957,962,47,4),(5958,963,26,11),(5959,964,35,4),(5960,965,9,3),(5961,966,43,3),(5962,967,37,8),(5963,968,54,12),(5964,969,45,9),(5965,970,33,10),(5966,971,51,3),(5967,972,40,4),(5968,973,47,8),(5969,974,50,11),(5970,975,9,6),(5971,976,24,11),(5972,977,39,10),(5973,978,27,6),(5974,979,53,4),(5975,980,7,7),(5976,981,9,6),(5977,982,5,11),(5978,983,50,7),(5979,984,37,7),(5980,985,37,11),(5981,986,19,4),(5982,987,48,7),(5983,988,47,5),(5984,989,48,9),(5985,990,49,9),(5986,991,28,3),(5987,992,25,8),(5988,993,43,3),(5989,994,26,7),(5990,995,31,5),(5991,996,39,3),(5992,997,37,7),(5993,998,28,7),(5994,999,8,7),(5997,3,26,11),(5998,4,14,7),(5999,5,2,10),(6000,6,46,10),(6001,7,5,3),(6002,8,26,5),(6003,9,31,3),(6004,10,41,10),(6005,11,1,5),(6006,12,10,7),(6007,13,21,9),(6008,14,37,11),(6009,15,32,3),(6010,16,19,3),(6011,17,15,9),(6012,18,12,5),(6013,19,51,12),(6014,20,38,6),(6015,21,4,7),(6016,22,30,11),(6017,23,5,5),(6018,24,22,8),(6019,25,27,10),(6020,26,9,12),(6021,27,13,3),(6022,28,49,8),(6023,29,10,3),(6024,30,46,8),(6025,31,5,8),(6026,32,51,4),(6027,33,24,7),(6028,34,2,5),(6029,35,9,4),(6030,36,24,11),(6031,37,24,8),(6032,38,11,9),(6033,39,6,9),(6034,40,16,6),(6035,41,21,4),(6036,42,38,6),(6037,43,33,11),(6038,44,20,12),(6039,45,22,8),(6040,46,18,10),(6041,47,20,6),(6042,48,21,7),(6043,49,22,6),(6044,50,19,8),(6045,51,46,3),(6046,52,25,3),(6047,53,17,12),(6048,54,25,6),(6049,55,48,6),(6050,56,11,3),(6051,57,51,9),(6052,58,47,4),(6053,59,8,7),(6054,60,19,5),(6055,61,4,8),(6056,62,29,6),(6057,63,25,7),(6058,64,21,9),(6059,65,25,7),(6060,66,48,12),(6061,67,15,6),(6062,68,8,9),(6063,69,44,9),(6064,70,37,4),(6065,71,15,9),(6066,72,9,3),(6067,73,29,7),(6068,74,53,12),(6069,75,27,8),(6070,76,17,6),(6071,77,33,10),(6072,78,22,5),(6073,79,14,8),(6074,80,17,8),(6075,81,27,12),(6076,82,17,12),(6077,83,52,12),(6078,84,34,8),(6079,85,35,3),(6080,86,38,8),(6081,87,7,11),(6082,88,12,10),(6083,89,13,12),(6084,90,8,12),(6085,91,24,4),(6086,92,17,8),(6087,93,23,12),(6088,94,6,12),(6089,95,23,7),(6090,96,42,11),(6091,97,12,9),(6092,98,41,4),(6093,99,3,9),(6094,100,15,5),(6095,101,20,4),(6096,102,10,9),(6097,103,21,8),(6098,104,50,11),(6099,105,20,5),(6100,106,9,3),(6101,107,24,3),(6102,108,42,7),(6103,109,13,3),(6104,110,39,9),(6105,111,47,4),(6106,112,15,3),(6107,113,39,10),(6108,114,22,4),(6109,115,1,7),(6110,116,37,10),(6111,117,27,8),(6112,118,50,11),(6113,119,31,10),(6114,120,40,12),(6115,121,23,12),(6116,122,27,7),(6117,123,32,12),(6118,124,27,11),(6119,125,9,4),(6120,126,1,5),(6121,127,49,3),(6122,128,7,6),(6123,129,52,12),(6124,130,34,8),(6125,131,2,4),(6126,132,38,11),(6127,133,16,3),(6128,134,3,5),(6129,135,25,10),(6130,136,33,12),(6131,137,33,3),(6132,138,33,9),(6133,139,47,5),(6134,140,15,4),(6135,141,25,5),(6136,142,47,12),(6137,143,10,10),(6138,144,24,10),(6139,145,30,12),(6140,146,44,4),(6141,147,50,12),(6142,148,41,5),(6143,149,42,9),(6144,150,5,3),(6145,151,5,7),(6146,152,30,9),(6147,153,19,8),(6148,154,28,7),(6149,155,24,5),(6150,156,24,12),(6151,157,53,10),(6152,158,18,11),(6153,159,30,4),(6154,160,25,11),(6155,161,24,7),(6156,162,37,6),(6157,163,27,7),(6158,164,8,11),(6159,165,19,6),(6160,166,43,6),(6161,167,53,12),(6162,168,33,12),(6163,169,7,4),(6164,170,20,6),(6165,171,33,6),(6166,172,35,5),(6167,173,12,8),(6168,174,24,6),(6169,175,15,10),(6170,176,15,10),(6171,177,47,8),(6172,178,2,7),(6173,179,20,4),(6174,180,21,10),(6175,181,15,6),(6176,182,52,3),(6177,183,31,7),(6178,184,20,12),(6179,185,19,8),(6180,186,23,8),(6181,187,40,9),(6182,188,39,4),(6183,189,24,3),(6184,190,39,5),(6185,191,36,7),(6186,192,53,4),(6187,193,25,8),(6188,194,43,7),(6189,195,9,6),(6190,196,50,6),(6191,197,46,12),(6192,198,4,9),(6193,199,28,11),(6194,200,33,11),(6195,201,36,10),(6196,202,41,10),(6197,203,21,5),(6198,204,12,12),(6199,205,44,12),(6200,206,3,8),(6201,207,22,3),(6202,208,17,9),(6203,209,16,10),(6204,210,36,6),(6205,211,53,7),(6206,212,2,6),(6207,213,34,7),(6208,214,35,8),(6209,215,36,9),(6210,216,35,6),(6211,217,29,7),(6212,218,39,7),(6213,219,37,6),(6214,220,44,9),(6215,221,9,11),(6216,222,51,4),(6217,223,8,12),(6218,224,6,6),(6219,225,47,10),(6220,226,12,11),(6221,227,12,7),(6222,228,19,6),(6223,229,4,9),(6224,230,4,9),(6225,231,7,10),(6226,232,35,3),(6227,233,52,8),(6228,234,18,7),(6229,235,10,12),(6230,236,28,7),(6231,237,42,10),(6232,238,17,3),(6233,239,31,10),(6234,240,16,12),(6235,241,40,7),(6236,242,2,5),(6237,243,49,7),(6238,244,21,9),(6239,245,39,9),(6240,246,25,11),(6241,247,51,4),(6242,248,39,4),(6243,249,50,5),(6244,250,12,4),(6245,251,26,8),(6246,252,15,9),(6247,253,11,6),(6248,254,38,10),(6249,255,28,5),(6250,256,43,9),(6251,257,45,3),(6252,258,51,10),(6253,259,23,8),(6254,260,47,7),(6255,261,29,10),(6256,262,1,9),(6257,263,54,9),(6258,264,54,11),(6259,265,18,12),(6260,266,44,8),(6261,267,25,12),(6262,268,3,10),(6263,269,21,6),(6264,270,22,4),(6265,271,13,7),(6266,272,9,9),(6267,273,33,10),(6268,274,13,4),(6269,275,1,5),(6270,276,43,8),(6271,277,24,11),(6272,278,26,11),(6273,279,28,5),(6274,280,34,12),(6275,281,9,3),(6276,282,54,6),(6277,283,18,3),(6278,284,54,4),(6279,285,34,11),(6280,286,20,9),(6281,287,42,3),(6282,288,8,5),(6283,289,38,6),(6284,290,50,9),(6285,291,21,9),(6286,292,17,12),(6287,293,15,4),(6288,294,53,9),(6289,295,37,4),(6290,296,42,8),(6291,297,30,9),(6292,298,27,9),(6293,299,48,7),(6294,300,44,3),(6295,301,39,8),(6296,302,29,7),(6297,303,36,8),(6298,304,45,7),(6299,305,6,7),(6300,306,12,8),(6301,307,11,5),(6302,308,5,6),(6303,309,1,12),(6304,310,50,6),(6305,311,12,7),(6306,312,22,3),(6307,313,23,8),(6308,314,9,4),(6309,315,28,6),(6310,316,8,9),(6311,317,40,7),(6312,318,5,6),(6313,319,31,7),(6314,320,38,9),(6315,321,4,12),(6316,322,46,3),(6317,323,43,9),(6318,324,13,6),(6319,325,39,3),(6320,326,21,4),(6321,327,3,9),(6322,328,10,8),(6323,329,38,8),(6324,330,38,5),(6325,331,1,3),(6326,332,2,10),(6327,333,10,6),(6328,334,23,11),(6329,335,10,5),(6330,336,7,3),(6331,337,34,8),(6332,338,45,8),(6333,339,23,9),(6334,340,16,8),(6335,341,16,11),(6336,342,29,11),(6337,343,45,10),(6338,344,31,3),(6339,345,5,7),(6340,346,7,11),(6341,347,24,9),(6342,348,4,8),(6343,349,51,6),(6344,350,26,3),(6345,351,24,11),(6346,352,22,7),(6347,353,7,5),(6348,354,40,4),(6349,355,42,12),(6350,356,51,3),(6351,357,42,9),(6352,358,25,12),(6353,359,39,5),(6354,360,44,4),(6355,361,25,7),(6356,362,10,8),(6357,363,3,9),(6358,364,5,7),(6359,365,28,8),(6360,366,41,8),(6361,367,34,7),(6362,368,40,4),(6363,369,29,3),(6364,370,50,9),(6365,371,2,4),(6366,372,15,11),(6367,373,17,7),(6368,374,52,3),(6369,375,22,3),(6370,376,2,3),(6371,377,43,5),(6372,378,50,11),(6373,379,6,3),(6374,380,3,6),(6375,381,16,3),(6376,382,30,4),(6377,383,12,9),(6378,384,38,6),(6379,385,13,8),(6380,386,10,4),(6381,387,49,6),(6382,388,20,3),(6383,389,16,3),(6384,390,4,11),(6385,391,3,5),(6386,392,46,12),(6387,393,54,11),(6388,394,41,9),(6389,395,39,3),(6390,396,51,7),(6391,397,49,3),(6392,398,49,8),(6393,399,41,7),(6394,400,19,3),(6395,401,22,12),(6396,402,5,9),(6397,403,6,4),(6398,404,26,7),(6399,405,27,5),(6400,406,51,7),(6401,407,39,11),(6402,408,26,9),(6403,409,28,4),(6404,410,19,8),(6405,411,49,4),(6406,412,29,8),(6407,413,7,12),(6408,414,52,3),(6409,415,51,12),(6410,416,34,10),(6411,417,25,12),(6412,418,27,4),(6413,419,16,7),(6414,420,44,8),(6415,421,48,3),(6416,422,21,11),(6417,423,31,11),(6418,424,31,9),(6419,425,36,6),(6420,426,39,7),(6421,427,30,3),(6422,428,50,7),(6423,429,10,11),(6424,430,26,3),(6425,431,4,11),(6426,432,12,6),(6427,433,37,6),(6428,434,31,8),(6429,435,24,5),(6430,436,50,10),(6431,437,11,6),(6432,438,19,4),(6433,439,18,12),(6434,440,38,6),(6435,441,43,7),(6436,442,30,9),(6437,443,42,6),(6438,444,44,4),(6439,445,44,3),(6440,446,31,9),(6441,447,6,4),(6442,448,12,6),(6443,449,37,12),(6444,450,14,9),(6445,451,47,12),(6446,452,17,7),(6447,453,10,6),(6448,454,52,3),(6449,455,42,4),(6450,456,18,9),(6451,457,47,6),(6452,458,39,10),(6453,459,6,11),(6454,460,16,8),(6455,461,24,9),(6456,462,27,4),(6457,463,54,4),(6458,464,46,5),(6459,465,28,7),(6460,466,12,5),(6461,467,37,7),(6462,468,23,8),(6463,469,26,12),(6464,470,33,8),(6465,471,42,11),(6466,472,1,4),(6467,473,52,10),(6468,474,3,10),(6469,475,2,6),(6470,476,49,4),(6471,477,1,8),(6472,478,3,11),(6473,479,53,5),(6474,480,30,10),(6475,481,22,7),(6476,482,44,8),(6477,483,38,9),(6478,484,53,10),(6479,485,13,10),(6480,486,31,9),(6481,487,34,6),(6482,488,31,6),(6483,489,16,12),(6484,490,54,6),(6485,491,46,8),(6486,492,42,6),(6487,493,23,3),(6488,494,43,3),(6489,495,25,12),(6490,496,33,3),(6491,497,37,3),(6492,498,31,11),(6493,499,13,5),(6494,500,27,9),(6495,501,12,6),(6496,502,29,12),(6497,503,46,3),(6498,504,13,9),(6499,505,54,5),(6500,506,34,7),(6501,507,47,3),(6502,508,26,8),(6503,509,9,5),(6504,510,17,10),(6505,511,49,7),(6506,512,33,8),(6507,513,26,8),(6508,514,47,5),(6509,515,47,6),(6510,516,12,6),(6511,517,10,12),(6512,518,33,7),(6513,519,42,7),(6514,520,16,3),(6515,521,7,9),(6516,522,43,5),(6517,523,51,4),(6518,524,46,4),(6519,525,40,3),(6520,526,47,7),(6521,527,14,12),(6522,528,44,7),(6523,529,39,6),(6524,530,41,7),(6525,531,24,6),(6526,532,44,3),(6527,533,49,11),(6528,534,20,8),(6529,535,39,5),(6530,536,44,4),(6531,537,11,12),(6532,538,21,3),(6533,539,43,8),(6534,540,14,12),(6535,541,23,7),(6536,542,50,10),(6537,543,48,4),(6538,544,50,10),(6539,545,5,12),(6540,546,49,3),(6541,547,28,5),(6542,548,11,12),(6543,549,47,5),(6544,550,52,8),(6545,551,10,7),(6546,552,24,5),(6547,553,44,4),(6548,554,23,10),(6549,555,32,6),(6550,556,10,10),(6551,557,40,3),(6552,558,34,7),(6553,559,43,10),(6554,560,21,8),(6555,561,23,10),(6556,562,46,5),(6557,563,43,10),(6558,564,25,3),(6559,565,26,11),(6560,566,37,4),(6561,567,20,12),(6562,568,47,10),(6563,569,50,6),(6564,570,34,9),(6565,571,46,10),(6566,572,14,3),(6567,573,41,8),(6568,574,36,12),(6569,575,40,5),(6570,576,38,11),(6571,577,22,6),(6572,578,12,5),(6573,579,25,7),(6574,580,23,12),(6575,581,10,8),(6576,582,32,10),(6577,583,54,4),(6578,584,33,6),(6579,585,17,6),(6580,586,14,5),(6581,587,10,5),(6582,588,47,4),(6583,589,48,5),(6584,590,41,9),(6585,591,40,12),(6586,592,16,4),(6587,593,49,4),(6588,594,17,4),(6589,595,14,12),(6590,596,11,5),(6591,597,10,8),(6592,598,16,3),(6593,599,50,4),(6594,600,44,9),(6595,601,2,3),(6596,602,50,10),(6597,603,17,12),(6598,604,1,8),(6599,605,8,7),(6600,606,19,6),(6601,607,5,12),(6602,608,6,3),(6603,609,39,3),(6604,610,27,12),(6605,611,22,4),(6606,612,5,10),(6607,613,39,9),(6608,614,38,5),(6609,615,48,12),(6610,616,50,8),(6611,617,28,9),(6612,618,22,5),(6613,619,12,3),(6614,620,23,4),(6615,621,11,4),(6616,622,40,7),(6617,623,16,8),(6618,624,42,4),(6619,625,52,6),(6620,626,39,9),(6621,627,27,6),(6622,628,14,6),(6623,629,36,10),(6624,630,13,8),(6625,631,53,8),(6626,632,27,5),(6627,633,5,8),(6628,634,15,11),(6629,635,22,9),(6630,636,14,4),(6631,637,15,3),(6632,638,13,10),(6633,639,38,3),(6634,640,49,11),(6635,641,22,10),(6636,642,9,7),(6637,643,24,6),(6638,644,19,6),(6639,645,5,3),(6640,646,22,11),(6641,647,20,10),(6642,648,37,3),(6643,649,17,3),(6644,650,52,5),(6645,651,28,11),(6646,652,23,9),(6647,653,38,5),(6648,654,3,9),(6649,655,8,5),(6650,656,28,5),(6651,657,47,7),(6652,658,48,9),(6653,659,12,6),(6654,660,3,4),(6655,661,36,9),(6656,662,15,10),(6657,663,37,6),(6658,664,12,4),(6659,665,13,10),(6660,666,28,6),(6661,667,44,11),(6662,668,7,8),(6663,669,48,12),(6664,670,47,8),(6665,671,15,11),(6666,672,16,7),(6667,673,37,11),(6668,674,45,4),(6669,675,43,11),(6670,676,9,9),(6671,677,50,8),(6672,678,31,6),(6673,679,35,6),(6674,680,16,5),(6675,681,15,5),(6676,682,5,10),(6677,683,19,9),(6678,684,28,9),(6679,685,33,5),(6680,686,4,4),(6681,687,13,3),(6682,688,39,5),(6683,689,38,4),(6684,690,37,7),(6685,691,16,6),(6686,692,21,11),(6687,693,31,3),(6688,694,8,7),(6689,695,40,6),(6690,696,1,3),(6691,697,17,11),(6692,698,44,3),(6693,699,13,5),(6694,700,18,5),(6695,701,17,6),(6696,702,11,9),(6697,703,52,5),(6698,704,42,3),(6699,705,50,6),(6700,706,38,10),(6701,707,50,3),(6702,708,22,6),(6703,709,51,12),(6704,710,3,11),(6705,711,47,9),(6706,712,31,3),(6707,713,14,12),(6708,714,32,9),(6709,715,16,7),(6710,716,42,10),(6711,717,46,8),(6712,718,50,9),(6713,719,16,7),(6714,720,26,4),(6715,721,27,7),(6716,722,32,9),(6717,723,40,7),(6718,724,4,11),(6719,725,53,4),(6720,726,24,7),(6721,727,33,3),(6722,728,26,4),(6723,729,49,6),(6724,730,1,12),(6725,731,45,8),(6726,732,11,5),(6727,733,35,7),(6728,734,29,4),(6729,735,28,11),(6730,736,54,8),(6731,737,36,3),(6732,738,39,7),(6733,739,49,10),(6734,740,54,5),(6735,741,13,3),(6736,742,39,10),(6737,743,14,11),(6738,744,7,9),(6739,745,5,12),(6740,746,38,10),(6741,747,51,12),(6742,748,29,8),(6743,749,22,12),(6744,750,14,6),(6745,751,11,10),(6746,752,29,6),(6747,753,41,6),(6748,754,52,5),(6749,755,34,7),(6750,756,26,4),(6751,757,28,10),(6752,758,27,12),(6753,759,34,12),(6754,760,12,12),(6755,761,17,6),(6756,762,34,3),(6757,763,4,3),(6758,764,19,4),(6759,765,48,3),(6760,766,30,11),(6761,767,52,10),(6762,768,25,3),(6763,769,54,6),(6764,770,49,5),(6765,771,2,11),(6766,772,13,12),(6767,773,52,5),(6768,774,12,7),(6769,775,6,9),(6770,776,25,5),(6771,777,46,3),(6772,778,49,6),(6773,779,7,11),(6774,780,19,5),(6775,781,44,4),(6776,782,40,10),(6777,783,17,9),(6778,784,53,8),(6779,785,18,7),(6780,786,46,3),(6781,787,29,7),(6782,788,2,7),(6783,789,28,12),(6784,790,22,11),(6785,791,36,7),(6786,792,34,10),(6787,793,50,12),(6788,794,42,11),(6789,795,27,12),(6790,796,46,3),(6791,797,38,12),(6792,798,16,10),(6793,799,30,9),(6794,800,14,3),(6795,801,43,10),(6796,802,51,4),(6797,803,47,11),(6798,804,42,9),(6799,805,53,3),(6800,806,41,4),(6801,807,40,11),(6802,808,17,5),(6803,809,23,5),(6804,810,3,4),(6805,811,25,6),(6806,812,24,5),(6807,813,31,4),(6808,814,15,10),(6809,815,8,11),(6810,816,39,10),(6811,817,16,10),(6812,818,16,9),(6813,819,8,11),(6814,820,42,6),(6815,821,2,4),(6816,822,4,10),(6817,823,39,3),(6818,824,47,8),(6819,825,6,9),(6820,826,41,7),(6821,827,18,11),(6822,828,27,3),(6823,829,23,4),(6824,830,46,4),(6825,831,21,6),(6826,832,6,10),(6827,833,18,8),(6828,834,6,8),(6829,835,41,5),(6830,836,40,3),(6831,837,20,4),(6832,838,32,12),(6833,839,40,3),(6834,840,47,7),(6835,841,30,8),(6836,842,9,4),(6837,843,22,8),(6838,844,43,6),(6839,845,21,4),(6840,846,33,8),(6841,847,20,12),(6842,848,20,8),(6843,849,38,7),(6844,850,5,5),(6845,851,15,11),(6846,852,23,3),(6847,853,40,5),(6848,854,44,3),(6849,855,49,7),(6850,856,54,12),(6851,857,40,6),(6852,858,43,12),(6853,859,35,10),(6854,860,49,8),(6855,861,49,7),(6856,862,16,4),(6857,863,39,10),(6858,864,48,5),(6859,865,11,7),(6860,866,16,8),(6861,867,22,6),(6862,868,33,7),(6863,869,54,4),(6864,870,49,9),(6865,871,2,9),(6866,872,47,10),(6867,873,14,7),(6868,874,38,12),(6869,875,34,9),(6870,876,47,8),(6871,877,53,9),(6872,878,28,11),(6873,879,29,3),(6874,880,25,4),(6875,881,23,12),(6876,882,5,9),(6877,883,1,10),(6878,884,37,6),(6879,885,36,11),(6880,886,38,3),(6881,887,12,6),(6882,888,15,12),(6883,889,45,4),(6884,890,44,3),(6885,891,46,4),(6886,892,25,10),(6887,893,26,6),(6888,894,13,7),(6889,895,46,7),(6890,896,11,12),(6891,897,52,5),(6892,898,34,5),(6893,899,34,12),(6894,900,34,11),(6895,901,21,11),(6896,902,40,11),(6897,903,47,8),(6898,904,38,6),(6899,905,15,5),(6900,906,44,4),(6901,907,2,3),(6902,908,41,11),(6903,909,31,8),(6904,910,18,9),(6905,911,21,8),(6906,912,27,7),(6907,913,29,8),(6908,914,37,7),(6909,915,33,10),(6910,916,5,7),(6911,917,16,3),(6912,918,34,11),(6913,919,26,11),(6914,920,24,8),(6915,921,11,12),(6916,922,50,3),(6917,923,24,10),(6918,924,5,5),(6919,925,19,12),(6920,926,3,4),(6921,927,53,3),(6922,928,5,12),(6923,929,14,12),(6924,930,18,5),(6925,931,9,7),(6926,932,16,6),(6927,933,41,3),(6928,934,5,10),(6929,935,12,8),(6930,936,28,11),(6931,937,26,8),(6932,938,44,10),(6933,939,37,4),(6934,940,17,8),(6935,941,36,9),(6936,942,6,10),(6937,943,32,11),(6938,944,13,8),(6939,945,36,9),(6940,946,41,3),(6941,947,37,9),(6942,948,33,4),(6943,949,14,5),(6944,950,41,5),(6945,951,31,3),(6946,952,20,11),(6947,953,21,6),(6948,954,3,11),(6949,955,2,4),(6950,956,51,12),(6951,957,5,6),(6952,958,47,6),(6953,959,4,10),(6954,960,46,11),(6955,961,33,10),(6956,962,52,6),(6957,963,19,4),(6958,964,51,11),(6959,965,19,6),(6960,966,9,4),(6961,967,25,12),(6962,968,22,10),(6963,969,20,9),(6964,970,28,5),(6965,971,5,4),(6966,972,35,12),(6967,973,8,11),(6968,974,26,11),(6969,975,16,4),(6970,976,8,8),(6971,977,3,12),(6972,978,14,7),(6973,979,53,8),(6974,980,37,12),(6975,981,24,8),(6976,982,4,4),(6977,983,2,4),(6978,984,22,12),(6979,985,3,3),(6980,986,23,10),(6981,987,28,12),(6982,988,12,7),(6983,989,14,4),(6984,990,20,5),(6985,991,2,7),(6986,992,4,5),(6987,993,15,3),(6988,994,38,9),(6989,995,5,5),(6990,996,1,3),(6991,997,34,8),(6992,998,29,10),(6993,999,38,6),(6996,3,40,7),(6997,4,5,11),(6998,5,16,3),(6999,6,2,9),(7000,7,4,3),(7001,8,35,4),(7002,9,36,3),(7003,10,22,5),(7004,11,9,11),(7005,12,19,7),(7006,13,17,5),(7007,14,16,7),(7008,15,15,7),(7009,16,3,8),(7010,17,14,9),(7011,18,34,3),(7012,19,38,7),(7013,20,34,3),(7014,21,27,10),(7015,22,32,7),(7016,23,49,5),(7017,24,31,11),(7018,25,26,5),(7019,26,53,3),(7020,27,51,11),(7021,28,54,8),(7022,29,28,4),(7023,30,22,3),(7024,31,37,5),(7025,32,49,12),(7026,33,17,7),(7027,34,17,9),(7028,35,37,4),(7029,36,39,10),(7030,37,44,12),(7031,38,32,3),(7032,39,48,11),(7033,40,52,3),(7034,41,41,7),(7035,42,8,12),(7036,43,35,5),(7037,44,44,12),(7038,45,25,9),(7039,46,7,10),(7040,47,35,6),(7041,48,45,3),(7042,49,1,11),(7043,50,42,12),(7044,51,53,10),(7045,52,12,10),(7046,53,33,10),(7047,54,20,7),(7048,55,46,8),(7049,56,52,7),(7050,57,14,5),(7051,58,51,9),(7052,59,27,6),(7053,60,29,11),(7054,61,35,9),(7055,62,30,3),(7056,63,26,7),(7057,64,11,11),(7058,65,47,10),(7059,66,2,8),(7060,67,20,4),(7061,68,43,11),(7062,69,10,12),(7063,70,45,6),(7064,71,43,5),(7065,72,9,7),(7066,73,2,12),(7067,74,35,11),(7068,75,20,11),(7069,76,37,5),(7070,77,25,3),(7071,78,47,12),(7072,79,40,11),(7073,80,2,11),(7074,81,5,6),(7075,82,37,6),(7076,83,7,6),(7077,84,42,8),(7078,85,43,8),(7079,86,6,3),(7080,87,32,4),(7081,88,28,4),(7082,89,51,11),(7083,90,17,11),(7084,91,27,3),(7085,92,28,4),(7086,93,35,11),(7087,94,14,12),(7088,95,36,3),(7089,96,23,4),(7090,97,21,3),(7091,98,37,5),(7092,99,35,12),(7093,100,40,3),(7094,101,34,6),(7095,102,50,5),(7096,103,43,9),(7097,104,46,10),(7098,105,46,6),(7099,106,6,8),(7100,107,35,6),(7101,108,27,10),(7102,109,53,9),(7103,110,25,9),(7104,111,25,11),(7105,112,29,8),(7106,113,17,8),(7107,114,9,11),(7108,115,8,7),(7109,116,52,7),(7110,117,24,6),(7111,118,20,5),(7112,119,13,9),(7113,120,22,3),(7114,121,35,12),(7115,122,54,10),(7116,123,19,7),(7117,124,33,6),(7118,125,29,12),(7119,126,20,6),(7120,127,29,3),(7121,128,34,10),(7122,129,43,10),(7123,130,4,11),(7124,131,12,4),(7125,132,35,8),(7126,133,10,4),(7127,134,2,11),(7128,135,6,8),(7129,136,31,6),(7130,137,34,9),(7131,138,28,8),(7132,139,35,12),(7133,140,29,5),(7134,141,52,6),(7135,142,5,7),(7136,143,42,7),(7137,144,7,10),(7138,145,36,6),(7139,146,12,5),(7140,147,20,6),(7141,148,28,8),(7142,149,2,7),(7143,150,9,3),(7144,151,15,7),(7145,152,45,3),(7146,153,7,12),(7147,154,4,12),(7148,155,7,5),(7149,156,53,3),(7150,157,4,11),(7151,158,34,5),(7152,159,39,4),(7153,160,34,3),(7154,161,33,8),(7155,162,23,3),(7156,163,17,12),(7157,164,29,10),(7158,165,42,6),(7159,166,31,5),(7160,167,9,4),(7161,168,19,9),(7162,169,26,3),(7163,170,13,3),(7164,171,10,8),(7165,172,26,3),(7166,173,15,12),(7167,174,23,9),(7168,175,9,3),(7169,176,17,10),(7170,177,18,6),(7171,178,44,5),(7172,179,48,10),(7173,180,52,7),(7174,181,46,12),(7175,182,6,7),(7176,183,18,8),(7177,184,30,5),(7178,185,1,12),(7179,186,22,9),(7180,187,46,3),(7181,188,1,12),(7182,189,22,5),(7183,190,8,5),(7184,191,33,4),(7185,192,24,7),(7186,193,24,6),(7187,194,39,8),(7188,195,24,9),(7189,196,6,6),(7190,197,4,9),(7191,198,43,3),(7192,199,11,12),(7193,200,14,9),(7194,201,23,10),(7195,202,37,8),(7196,203,26,9),(7197,204,26,8),(7198,205,6,9),(7199,206,46,5),(7200,207,53,4),(7201,208,9,10),(7202,209,13,8),(7203,210,16,4),(7204,211,11,6),(7205,212,18,3),(7206,213,2,6),(7207,214,43,3),(7208,215,43,6),(7209,216,28,12),(7210,217,35,12),(7211,218,15,11),(7212,219,8,9),(7213,220,32,7),(7214,221,42,7),(7215,222,23,8),(7216,223,43,8),(7217,224,1,3),(7218,225,25,7),(7219,226,29,4),(7220,227,49,12),(7221,228,27,8),(7222,229,19,10),(7223,230,53,7),(7224,231,37,6),(7225,232,9,4),(7226,233,18,10),(7227,234,19,9),(7228,235,14,12),(7229,236,27,12),(7230,237,10,6),(7231,238,22,11),(7232,239,36,7),(7233,240,22,7),(7234,241,50,3),(7235,242,13,4),(7236,243,40,10),(7237,244,36,8),(7238,245,9,8),(7239,246,22,11),(7240,247,36,7),(7241,248,45,3),(7242,249,50,12),(7243,250,18,7),(7244,251,33,9),(7245,252,6,5),(7246,253,33,10),(7247,254,18,10),(7248,255,38,3),(7249,256,54,8),(7250,257,21,6),(7251,258,32,10),(7252,259,50,10),(7253,260,23,10),(7254,261,23,12),(7255,262,47,9),(7256,263,25,10),(7257,264,41,3),(7258,265,13,8),(7259,266,10,10),(7260,267,23,4),(7261,268,41,4),(7262,269,8,8),(7263,270,15,9),(7264,271,51,12),(7265,272,45,4),(7266,273,17,12),(7267,274,39,10),(7268,275,3,11),(7269,276,44,9),(7270,277,14,10),(7271,278,3,7),(7272,279,27,10),(7273,280,34,8),(7274,281,48,5),(7275,282,27,8),(7276,283,22,5),(7277,284,48,12),(7278,285,52,5),(7279,286,7,4),(7280,287,13,5),(7281,288,18,11),(7282,289,17,12),(7283,290,30,6),(7284,291,18,3),(7285,292,8,5),(7286,293,17,3),(7287,294,16,4),(7288,295,35,9),(7289,296,13,10),(7290,297,46,6),(7291,298,52,10),(7292,299,18,12),(7293,300,48,5),(7294,301,7,7),(7295,302,21,8),(7296,303,40,8),(7297,304,24,10),(7298,305,13,10),(7299,306,38,5),(7300,307,52,8),(7301,308,36,12),(7302,309,45,9),(7303,310,42,5),(7304,311,22,8),(7305,312,39,7),(7306,313,52,12),(7307,314,42,3),(7308,315,12,12),(7309,316,5,4),(7310,317,47,8),(7311,318,53,9),(7312,319,35,12),(7313,320,22,11),(7314,321,27,10),(7315,322,10,10),(7316,323,45,11),(7317,324,34,10),(7318,325,36,11),(7319,326,23,12),(7320,327,8,10),(7321,328,40,3),(7322,329,33,11),(7323,330,41,11),(7324,331,43,3),(7325,332,49,7),(7326,333,46,11),(7327,334,33,9),(7328,335,40,7),(7329,336,9,4),(7330,337,12,5),(7331,338,33,5),(7332,339,17,11),(7333,340,13,8),(7334,341,36,9),(7335,342,19,6),(7336,343,3,11),(7337,344,48,6),(7338,345,31,3),(7339,346,16,11),(7340,347,28,8),(7341,348,22,6),(7342,349,49,4),(7343,350,9,6),(7344,351,28,3),(7345,352,31,4),(7346,353,10,12),(7347,354,40,4),(7348,355,39,11),(7349,356,36,12),(7350,357,42,4),(7351,358,2,12),(7352,359,41,8),(7353,360,13,8),(7354,361,22,11),(7355,362,14,10),(7356,363,33,10),(7357,364,54,5),(7358,365,9,10),(7359,366,16,6),(7360,367,5,3),(7361,368,12,10),(7362,369,44,7),(7363,370,54,8),(7364,371,49,5),(7365,372,48,6),(7366,373,7,12),(7367,374,24,6),(7368,375,33,9),(7369,376,39,12),(7370,377,15,11),(7371,378,4,9),(7372,379,41,8),(7373,380,29,9),(7374,381,27,10),(7375,382,24,3),(7376,383,27,4),(7377,384,7,10),(7378,385,23,8),(7379,386,4,11),(7380,387,51,8),(7381,388,32,6),(7382,389,45,4),(7383,390,36,11),(7384,391,54,11),(7385,392,34,5),(7386,393,27,3),(7387,394,42,11),(7388,395,25,8),(7389,396,37,12),(7390,397,18,8),(7391,398,10,9),(7392,399,18,4),(7393,400,12,5),(7394,401,48,8),(7395,402,18,10),(7396,403,22,5),(7397,404,18,12),(7398,405,32,9),(7399,406,3,9),(7400,407,8,6),(7401,408,34,6),(7402,409,10,7),(7403,410,38,12),(7404,411,16,7),(7405,412,31,5),(7406,413,30,9),(7407,414,20,6),(7408,415,33,4),(7409,416,36,9),(7410,417,19,11),(7411,418,6,6),(7412,419,53,8),(7413,420,40,3),(7414,421,19,10),(7415,422,19,11),(7416,423,30,9),(7417,424,32,5),(7418,425,13,6),(7419,426,50,11),(7420,427,26,9),(7421,428,51,7),(7422,429,2,12),(7423,430,35,4),(7424,431,20,7),(7425,432,30,10),(7426,433,5,6),(7427,434,32,12),(7428,435,42,6),(7429,436,49,4),(7430,437,39,11),(7431,438,41,8),(7432,439,36,6),(7433,440,8,11),(7434,441,34,12),(7435,442,29,8),(7436,443,16,10),(7437,444,41,9),(7438,445,4,7),(7439,446,28,9),(7440,447,6,7),(7441,448,15,10),(7442,449,34,4),(7443,450,3,4),(7444,451,17,6),(7445,452,21,10),(7446,453,9,5),(7447,454,14,11),(7448,455,25,4),(7449,456,12,6),(7450,457,26,10),(7451,458,18,8),(7452,459,6,9),(7453,460,13,9),(7454,461,41,10),(7455,462,6,4),(7456,463,29,12),(7457,464,50,11),(7458,465,36,7),(7459,466,52,5),(7460,467,2,7),(7461,468,31,11),(7462,469,19,10),(7463,470,31,9),(7464,471,51,6),(7465,472,6,10),(7466,473,31,8),(7467,474,2,12),(7468,475,20,6),(7469,476,26,12),(7470,477,54,12),(7471,478,17,10),(7472,479,12,8),(7473,480,38,8),(7474,481,2,9),(7475,482,30,4),(7476,483,16,5),(7477,484,13,11),(7478,485,25,4),(7479,486,29,11),(7480,487,53,11),(7481,488,31,4),(7482,489,29,7),(7483,490,25,3),(7484,491,12,6),(7485,492,47,8),(7486,493,39,7),(7487,494,3,5),(7488,495,2,9),(7489,496,47,10),(7490,497,6,4),(7491,498,52,5),(7492,499,12,6),(7493,500,10,4),(7494,501,45,3),(7495,502,30,6),(7496,503,7,8),(7497,504,16,8),(7498,505,48,7),(7499,506,54,7),(7500,507,34,5),(7501,508,32,10),(7502,509,3,11),(7503,510,40,3),(7504,511,19,9),(7505,512,23,6),(7506,513,20,12),(7507,514,21,11),(7508,515,40,12),(7509,516,32,8),(7510,517,23,6),(7511,518,52,8),(7512,519,38,6),(7513,520,54,8),(7514,521,43,10),(7515,522,11,9),(7516,523,15,10),(7517,524,13,5),(7518,525,40,5),(7519,526,33,12),(7520,527,50,6),(7521,528,28,9),(7522,529,26,3),(7523,530,47,5),(7524,531,27,10),(7525,532,24,5),(7526,533,45,5),(7527,534,51,7),(7528,535,51,5),(7529,536,11,7),(7530,537,24,8),(7531,538,29,9),(7532,539,16,8),(7533,540,48,9),(7534,541,36,12),(7535,542,24,11),(7536,543,18,3),(7537,544,45,9),(7538,545,46,4),(7539,546,40,11),(7540,547,17,10),(7541,548,4,7),(7542,549,36,11),(7543,550,31,4),(7544,551,20,8),(7545,552,48,11),(7546,553,40,11),(7547,554,49,5),(7548,555,38,7),(7549,556,51,11),(7550,557,43,5),(7551,558,52,5),(7552,559,10,6),(7553,560,1,6),(7554,561,41,3),(7555,562,23,4),(7556,563,29,4),(7557,564,40,7),(7558,565,32,9),(7559,566,37,3),(7560,567,2,4),(7561,568,50,7),(7562,569,30,3),(7563,570,24,7),(7564,571,33,3),(7565,572,5,3),(7566,573,34,12),(7567,574,39,4),(7568,575,39,5),(7569,576,28,7),(7570,577,13,12),(7571,578,1,4),(7572,579,32,3),(7573,580,16,8),(7574,581,26,4),(7575,582,35,10),(7576,583,38,12),(7577,584,24,4),(7578,585,5,11),(7579,586,8,4),(7580,587,8,5),(7581,588,41,8),(7582,589,43,3),(7583,590,2,11),(7584,591,28,4),(7585,592,52,11),(7586,593,12,9),(7587,594,50,7),(7588,595,25,7),(7589,596,38,3),(7590,597,7,4),(7591,598,4,3),(7592,599,38,9),(7593,600,43,7),(7594,601,28,3),(7595,602,43,9),(7596,603,8,11),(7597,604,16,5),(7598,605,49,10),(7599,606,53,5),(7600,607,52,7),(7601,608,19,3),(7602,609,26,12),(7603,610,34,7),(7604,611,46,5),(7605,612,7,11),(7606,613,34,11),(7607,614,20,10),(7608,615,38,10),(7609,616,27,8),(7610,617,21,8),(7611,618,12,12),(7612,619,28,12),(7613,620,29,7),(7614,621,11,6),(7615,622,48,6),(7616,623,8,3),(7617,624,48,10),(7618,625,49,9),(7619,626,39,12),(7620,627,14,7),(7621,628,17,4),(7622,629,51,7),(7623,630,3,9),(7624,631,47,11),(7625,632,47,10),(7626,633,50,9),(7627,634,24,3),(7628,635,2,5),(7629,636,31,3),(7630,637,8,11),(7631,638,19,9),(7632,639,53,5),(7633,640,1,7),(7634,641,46,4),(7635,642,14,9),(7636,643,26,8),(7637,644,45,7),(7638,645,31,11),(7639,646,9,5),(7640,647,23,12),(7641,648,19,7),(7642,649,3,11),(7643,650,19,7),(7644,651,37,4),(7645,652,34,7),(7646,653,21,5),(7647,654,45,9),(7648,655,34,8),(7649,656,38,9),(7650,657,46,6),(7651,658,18,7),(7652,659,28,10),(7653,660,54,3),(7654,661,15,10),(7655,662,27,4),(7656,663,3,10),(7657,664,42,8),(7658,665,11,8),(7659,666,52,5),(7660,667,10,3),(7661,668,16,10),(7662,669,51,10),(7663,670,43,5),(7664,671,50,6),(7665,672,43,5),(7666,673,47,4),(7667,674,39,6),(7668,675,49,3),(7669,676,27,7),(7670,677,32,11),(7671,678,53,7),(7672,679,37,4),(7673,680,34,10),(7674,681,32,12),(7675,682,49,4),(7676,683,15,12),(7677,684,53,4),(7678,685,15,7),(7679,686,6,8),(7680,687,20,9),(7681,688,42,12),(7682,689,33,4),(7683,690,41,10),(7684,691,48,3),(7685,692,43,4),(7686,693,45,10),(7687,694,20,7),(7688,695,39,10),(7689,696,38,7),(7690,697,10,8),(7691,698,14,3),(7692,699,32,8),(7693,700,27,4),(7694,701,5,10),(7695,702,22,10),(7696,703,44,8),(7697,704,47,8),(7698,705,6,9),(7699,706,20,12),(7700,707,48,9),(7701,708,44,12),(7702,709,53,11),(7703,710,13,10),(7704,711,36,12),(7705,712,52,6),(7706,713,22,7),(7707,714,43,4),(7708,715,46,4),(7709,716,25,10),(7710,717,15,8),(7711,718,29,10),(7712,719,45,7),(7713,720,52,5),(7714,721,51,6),(7715,722,5,5),(7716,723,39,5),(7717,724,34,11),(7718,725,20,3),(7719,726,36,8),(7720,727,44,6),(7721,728,52,4),(7722,729,9,11),(7723,730,52,12),(7724,731,30,12),(7725,732,41,9),(7726,733,6,11),(7727,734,42,3),(7728,735,6,5),(7729,736,30,11),(7730,737,16,8),(7731,738,13,8),(7732,739,30,4),(7733,740,40,7),(7734,741,8,12),(7735,742,33,8),(7736,743,35,11),(7737,744,28,12),(7738,745,21,3),(7739,746,53,3),(7740,747,25,6),(7741,748,51,4),(7742,749,9,6),(7743,750,41,11),(7744,751,12,8),(7745,752,51,7),(7746,753,8,3),(7747,754,40,5),(7748,755,8,10),(7749,756,23,8),(7750,757,16,9),(7751,758,48,12),(7752,759,12,4),(7753,760,25,7),(7754,761,13,5),(7755,762,52,5),(7756,763,23,3),(7757,764,53,10),(7758,765,15,7),(7759,766,20,4),(7760,767,47,11),(7761,768,2,12),(7762,769,2,6),(7763,770,50,6),(7764,771,18,6),(7765,772,36,4),(7766,773,7,5),(7767,774,33,10),(7768,775,10,5),(7769,776,37,3),(7770,777,25,6),(7771,778,35,12),(7772,779,15,9),(7773,780,4,10),(7774,781,24,5),(7775,782,39,12),(7776,783,32,5),(7777,784,39,11),(7778,785,3,7),(7779,786,49,4),(7780,787,40,3),(7781,788,35,12),(7782,789,7,9),(7783,790,14,9),(7784,791,17,11),(7785,792,38,6),(7786,793,26,10),(7787,794,40,11),(7788,795,35,4),(7789,796,15,5),(7790,797,5,3),(7791,798,15,7),(7792,799,37,6),(7793,800,5,12),(7794,801,43,10),(7795,802,39,11),(7796,803,33,7),(7797,804,4,4),(7798,805,48,10),(7799,806,3,11),(7800,807,37,9),(7801,808,51,12),(7802,809,2,12),(7803,810,40,9),(7804,811,3,3),(7805,812,51,3),(7806,813,46,3),(7807,814,8,7),(7808,815,1,9),(7809,816,43,4),(7810,817,43,11),(7811,818,26,5),(7812,819,3,9),(7813,820,46,8),(7814,821,38,5),(7815,822,42,7),(7816,823,43,5),(7817,824,14,7),(7818,825,54,10),(7819,826,13,4),(7820,827,9,3),(7821,828,43,9),(7822,829,37,4),(7823,830,4,9),(7824,831,2,3),(7825,832,2,12),(7826,833,41,8),(7827,834,34,5),(7828,835,5,5),(7829,836,23,6),(7830,837,11,8),(7831,838,27,7),(7832,839,49,3),(7833,840,51,10),(7834,841,5,4),(7835,842,2,8),(7836,843,30,9),(7837,844,2,7),(7838,845,23,4),(7839,846,21,8),(7840,847,38,7),(7841,848,10,11),(7842,849,35,4),(7843,850,45,5),(7844,851,12,9),(7845,852,43,9),(7846,853,47,7),(7847,854,3,4),(7848,855,39,8),(7849,856,54,11),(7850,857,23,7),(7851,858,47,4),(7852,859,41,11),(7853,860,48,3),(7854,861,11,9),(7855,862,1,8),(7856,863,27,5),(7857,864,32,12),(7858,865,41,9),(7859,866,29,8),(7860,867,9,7),(7861,868,8,3),(7862,869,19,10),(7863,870,27,5),(7864,871,20,3),(7865,872,48,12),(7866,873,3,12),(7867,874,37,12),(7868,875,13,4),(7869,876,23,11),(7870,877,27,11),(7871,878,6,9),(7872,879,23,7),(7873,880,15,3),(7874,881,42,10),(7875,882,26,7),(7876,883,40,12),(7877,884,40,6),(7878,885,27,7),(7879,886,17,9),(7880,887,48,10),(7881,888,20,9),(7882,889,53,5),(7883,890,27,4),(7884,891,2,10),(7885,892,25,8),(7886,893,7,3),(7887,894,38,7),(7888,895,21,9),(7889,896,26,12),(7890,897,21,11),(7891,898,22,3),(7892,899,7,12),(7893,900,28,11),(7894,901,24,9),(7895,902,4,4),(7896,903,40,5),(7897,904,9,6),(7898,905,28,11),(7899,906,53,9),(7900,907,4,12),(7901,908,52,9),(7902,909,21,4),(7903,910,3,8),(7904,911,16,5),(7905,912,50,11),(7906,913,8,4),(7907,914,28,7),(7908,915,42,11),(7909,916,43,3),(7910,917,22,7),(7911,918,12,11),(7912,919,42,6),(7913,920,19,6),(7914,921,34,10),(7915,922,38,3),(7916,923,18,3),(7917,924,32,10),(7918,925,11,11),(7919,926,22,5),(7920,927,36,5),(7921,928,1,7),(7922,929,44,12),(7923,930,41,5),(7924,931,52,5),(7925,932,35,4),(7926,933,13,6),(7927,934,9,9),(7928,935,5,12),(7929,936,26,3),(7930,937,21,11),(7931,938,39,12),(7932,939,39,7),(7933,940,45,11),(7934,941,39,5),(7935,942,8,6),(7936,943,45,7),(7937,944,49,7),(7938,945,30,9),(7939,946,40,8),(7940,947,28,8),(7941,948,12,9),(7942,949,12,10),(7943,950,47,8),(7944,951,17,12),(7945,952,49,8),(7946,953,31,12),(7947,954,44,9),(7948,955,50,9),(7949,956,14,9),(7950,957,37,7),(7951,958,23,6),(7952,959,46,9),(7953,960,33,11),(7954,961,20,3),(7955,962,6,8),(7956,963,42,10),(7957,964,34,9),(7958,965,7,11),(7959,966,2,3),(7960,967,22,5),(7961,968,20,10),(7962,969,35,12),(7963,970,10,7),(7964,971,39,7),(7965,972,51,7),(7966,973,40,9),(7967,974,42,12),(7968,975,35,6),(7969,976,16,12),(7970,977,32,8),(7971,978,39,8),(7972,979,43,11),(7973,980,22,10),(7974,981,23,3),(7975,982,50,4),(7976,983,29,5),(7977,984,15,9),(7978,985,53,8),(7979,986,21,7),(7980,987,26,9),(7981,988,35,7),(7982,989,43,8),(7983,990,1,6),(7984,991,54,12),(7985,992,53,4),(7986,993,25,12),(7987,994,16,4),(7988,995,41,5),(7989,996,7,4),(7990,997,3,9),(7991,998,18,4),(7992,999,54,4),(7995,3,5,8),(7996,4,18,6),(7997,5,13,9),(7998,6,37,8),(7999,7,11,3),(8000,8,4,7),(8001,9,9,12),(8002,10,39,4),(8003,11,43,7),(8004,12,10,9),(8005,13,21,8),(8006,14,28,8),(8007,15,18,12),(8008,16,12,10),(8009,17,7,12),(8010,18,18,12),(8011,19,37,3),(8012,20,43,9),(8013,21,49,3),(8014,22,35,10),(8015,23,53,3),(8016,24,9,7),(8017,25,14,7),(8018,26,28,3),(8019,27,42,5),(8020,28,48,6),(8021,29,44,3),(8022,30,36,5),(8023,31,18,5),(8024,32,35,3),(8025,33,42,11),(8026,34,10,3),(8027,35,2,5),(8028,36,18,4),(8029,37,33,9),(8030,38,12,4),(8031,39,25,10),(8032,40,12,6),(8033,41,22,5),(8034,42,43,9),(8035,43,23,11),(8036,44,13,11),(8037,45,10,11),(8038,46,14,3),(8039,47,47,4),(8040,48,3,3),(8041,49,46,8),(8042,50,12,3),(8043,51,8,12),(8044,52,44,12),(8045,53,11,8),(8046,54,39,11),(8047,55,18,11),(8048,56,37,4),(8049,57,11,10),(8050,58,5,6),(8051,59,27,3),(8052,60,9,12),(8053,61,43,7),(8054,62,8,12),(8055,63,9,12),(8056,64,26,4),(8057,65,38,6),(8058,66,37,10),(8059,67,3,7),(8060,68,13,5),(8061,69,2,4),(8062,70,31,4),(8063,71,43,8),(8064,72,45,11),(8065,73,41,11),(8066,74,31,12),(8067,75,38,3),(8068,76,41,11),(8069,77,53,7),(8070,78,32,7),(8071,79,23,4),(8072,80,54,6),(8073,81,2,11),(8074,82,27,4),(8075,83,37,7),(8076,84,43,5),(8077,85,27,8),(8078,86,29,11),(8079,87,48,12),(8080,88,11,10),(8081,89,10,11),(8082,90,54,5),(8083,91,49,6),(8084,92,2,4),(8085,93,5,8),(8086,94,40,10),(8087,95,52,7),(8088,96,16,6),(8089,97,7,7),(8090,98,54,3),(8091,99,38,9),(8092,100,34,3),(8093,101,16,10),(8094,102,32,11),(8095,103,42,6),(8096,104,12,11),(8097,105,48,11),(8098,106,48,7),(8099,107,22,9),(8100,108,30,8),(8101,109,31,9),(8102,110,11,12),(8103,111,27,5),(8104,112,10,10),(8105,113,32,5),(8106,114,16,8),(8107,115,45,12),(8108,116,32,12),(8109,117,30,8),(8110,118,25,5),(8111,119,51,7),(8112,120,53,8),(8113,121,26,11),(8114,122,4,7),(8115,123,30,9),(8116,124,29,8),(8117,125,16,9),(8118,126,2,12),(8119,127,20,6),(8120,128,50,7),(8121,129,37,8),(8122,130,17,3),(8123,131,5,3),(8124,132,29,7),(8125,133,29,4),(8126,134,4,10),(8127,135,9,8),(8128,136,38,5),(8129,137,41,12),(8130,138,27,10),(8131,139,3,4),(8132,140,47,5),(8133,141,26,9),(8134,142,20,4),(8135,143,24,12),(8136,144,34,8),(8137,145,24,4),(8138,146,10,10),(8139,147,1,6),(8140,148,10,5),(8141,149,5,7),(8142,150,35,8),(8143,151,12,9),(8144,152,24,5),(8145,153,38,6),(8146,154,14,10),(8147,155,13,11),(8148,156,19,12),(8149,157,51,9),(8150,158,12,12),(8151,159,11,4),(8152,160,37,3),(8153,161,15,9),(8154,162,3,12),(8155,163,3,11),(8156,164,45,8),(8157,165,16,11),(8158,166,18,5),(8159,167,44,10),(8160,168,47,8),(8161,169,23,7),(8162,170,45,5),(8163,171,25,4),(8164,172,23,12),(8165,173,52,3),(8166,174,47,6),(8167,175,16,9),(8168,176,33,11),(8169,177,31,7),(8170,178,49,12),(8171,179,36,10),(8172,180,9,7),(8173,181,18,5),(8174,182,31,4),(8175,183,51,12),(8176,184,41,7),(8177,185,25,3),(8178,186,19,5),(8179,187,27,11),(8180,188,45,6),(8181,189,35,12),(8182,190,8,10),(8183,191,53,8),(8184,192,8,4),(8185,193,21,3),(8186,194,33,6),(8187,195,42,12),(8188,196,34,8),(8189,197,48,4),(8190,198,34,11),(8191,199,10,12),(8192,200,23,7),(8193,201,5,7),(8194,202,8,7),(8195,203,19,4),(8196,204,54,7),(8197,205,40,8),(8198,206,17,12),(8199,207,25,7),(8200,208,27,5),(8201,209,38,11),(8202,210,23,11),(8203,211,30,11),(8204,212,49,8),(8205,213,29,4),(8206,214,10,9),(8207,215,10,5),(8208,216,2,4),(8209,217,35,8),(8210,218,4,9),(8211,219,43,4),(8212,220,39,8),(8213,221,50,6),(8214,222,52,11),(8215,223,34,12),(8216,224,18,6),(8217,225,8,10),(8218,226,24,3),(8219,227,52,3),(8220,228,44,7),(8221,229,5,7),(8222,230,5,11),(8223,231,21,7),(8224,232,47,11),(8225,233,42,3),(8226,234,11,9),(8227,235,43,7),(8228,236,54,8),(8229,237,17,11),(8230,238,38,7),(8231,239,49,3),(8232,240,4,9),(8233,241,18,3),(8234,242,43,9),(8235,243,25,6),(8236,244,25,10),(8237,245,24,11),(8238,246,51,9),(8239,247,54,5),(8240,248,8,11),(8241,249,5,11),(8242,250,15,8),(8243,251,54,8),(8244,252,14,3),(8245,253,25,8),(8246,254,34,6),(8247,255,6,6),(8248,256,39,3),(8249,257,47,9),(8250,258,21,7),(8251,259,15,4),(8252,260,34,11),(8253,261,13,5),(8254,262,11,3),(8255,263,11,7),(8256,264,48,10),(8257,265,49,6),(8258,266,25,9),(8259,267,51,6),(8260,268,2,10),(8261,269,5,8),(8262,270,24,4),(8263,271,33,6),(8264,272,7,7),(8265,273,27,4),(8266,274,15,5),(8267,275,34,8),(8268,276,24,6),(8269,277,51,5),(8270,278,23,4),(8271,279,18,12),(8272,280,35,3),(8273,281,20,7),(8274,282,45,6),(8275,283,40,7),(8276,284,49,6),(8277,285,48,8),(8278,286,51,11),(8279,287,26,4),(8280,288,45,5),(8281,289,22,8),(8282,290,46,6),(8283,291,1,3),(8284,292,42,5),(8285,293,11,10),(8286,294,23,4),(8287,295,22,11),(8288,296,44,10),(8289,297,19,11),(8290,298,11,4),(8291,299,45,9),(8292,300,26,10),(8293,301,36,4),(8294,302,52,4),(8295,303,16,8),(8296,304,4,5),(8297,305,20,7),(8298,306,9,9),(8299,307,32,9),(8300,308,11,8),(8301,309,13,4),(8302,310,25,5),(8303,311,18,4),(8304,312,19,12),(8305,313,2,3),(8306,314,19,11),(8307,315,34,6),(8308,316,16,4),(8309,317,39,7),(8310,318,11,5),(8311,319,44,10),(8312,320,30,4),(8313,321,20,3),(8314,322,11,5),(8315,323,23,7),(8316,324,11,4),(8317,325,2,11),(8318,326,13,8),(8319,327,1,11),(8320,328,16,9),(8321,329,47,11),(8322,330,15,3),(8323,331,36,12),(8324,332,3,4),(8325,333,19,6),(8326,334,10,9),(8327,335,50,8),(8328,336,13,9),(8329,337,29,3),(8330,338,17,11),(8331,339,9,8),(8332,340,39,10),(8333,341,42,9),(8334,342,43,3),(8335,343,19,5),(8336,344,35,11),(8337,345,1,6),(8338,346,50,3),(8339,347,2,3),(8340,348,34,7),(8341,349,51,7),(8342,350,28,3),(8343,351,5,8),(8344,352,29,3),(8345,353,53,9),(8346,354,18,4),(8347,355,33,4),(8348,356,45,5),(8349,357,49,6),(8350,358,26,8),(8351,359,22,12),(8352,360,33,10),(8353,361,50,9),(8354,362,20,5),(8355,363,51,5),(8356,364,49,11),(8357,365,33,7),(8358,366,53,11),(8359,367,46,10),(8360,368,35,8),(8361,369,19,8),(8362,370,25,10),(8363,371,35,3),(8364,372,52,4),(8365,373,26,5),(8366,374,30,8),(8367,375,34,4),(8368,376,6,7),(8369,377,38,11),(8370,378,15,9),(8371,379,31,10),(8372,380,22,12),(8373,381,37,4),(8374,382,36,4),(8375,383,1,10),(8376,384,4,4),(8377,385,39,3),(8378,386,48,12),(8379,387,49,3),(8380,388,48,11),(8381,389,30,9),(8382,390,36,6),(8383,391,52,11),(8384,392,35,12),(8385,393,26,11),(8386,394,42,4),(8387,395,49,11),(8388,396,6,8),(8389,397,53,10),(8390,398,23,9),(8391,399,1,9),(8392,400,36,10),(8393,401,47,4),(8394,402,9,7),(8395,403,47,4),(8396,404,2,4),(8397,405,9,9),(8398,406,39,4),(8399,407,34,10),(8400,408,53,11),(8401,409,34,4),(8402,410,43,11),(8403,411,23,4),(8404,412,27,11),(8405,413,47,10),(8406,414,44,6),(8407,415,30,7),(8408,416,33,6),(8409,417,34,7),(8410,418,24,12),(8411,419,41,7),(8412,420,6,7),(8413,421,32,8),(8414,422,8,7),(8415,423,32,7),(8416,424,38,6),(8417,425,23,10),(8418,426,50,3),(8419,427,2,5),(8420,428,54,8),(8421,429,25,3),(8422,430,38,5),(8423,431,52,7),(8424,432,46,3),(8425,433,26,3),(8426,434,31,11),(8427,435,31,9),(8428,436,29,8),(8429,437,16,10),(8430,438,27,6),(8431,439,41,12),(8432,440,42,5),(8433,441,11,9),(8434,442,22,6),(8435,443,17,4),(8436,444,23,7),(8437,445,25,10),(8438,446,9,6),(8439,447,10,3),(8440,448,40,5),(8441,449,25,8),(8442,450,47,8),(8443,451,44,3),(8444,452,28,11),(8445,453,33,12),(8446,454,32,10),(8447,455,42,10),(8448,456,13,5),(8449,457,28,6),(8450,458,30,12),(8451,459,54,9),(8452,460,50,8),(8453,461,12,6),(8454,462,10,10),(8455,463,24,11),(8456,464,9,9),(8457,465,1,10),(8458,466,48,7),(8459,467,23,6),(8460,468,50,7),(8461,469,45,7),(8462,470,11,9),(8463,471,24,8),(8464,472,42,5),(8465,473,30,7),(8466,474,4,4),(8467,475,41,8),(8468,476,43,7),(8469,477,22,8),(8470,478,29,12),(8471,479,12,10),(8472,480,54,12),(8473,481,22,8),(8474,482,34,9),(8475,483,32,6),(8476,484,23,7),(8477,485,54,11),(8478,486,11,6),(8479,487,21,10),(8480,488,45,3),(8481,489,49,5),(8482,490,30,11),(8483,491,39,8),(8484,492,37,6),(8485,493,35,3),(8486,494,28,7),(8487,495,42,5),(8488,496,11,6),(8489,497,53,12),(8490,498,46,11),(8491,499,18,7),(8492,500,4,3),(8493,501,28,9),(8494,502,50,3),(8495,503,14,3),(8496,504,23,10),(8497,505,6,7),(8498,506,10,4),(8499,507,4,8),(8500,508,24,12),(8501,509,14,4),(8502,510,2,3),(8503,511,48,5),(8504,512,50,5),(8505,513,35,6),(8506,514,25,9),(8507,515,44,10),(8508,516,5,11),(8509,517,30,4),(8510,518,49,6),(8511,519,51,4),(8512,520,12,7),(8513,521,16,4),(8514,522,43,3),(8515,523,26,4),(8516,524,44,5),(8517,525,36,12),(8518,526,31,7),(8519,527,2,11),(8520,528,11,9),(8521,529,34,3),(8522,530,46,5),(8523,531,39,6),(8524,532,6,8),(8525,533,40,11),(8526,534,16,12),(8527,535,54,10),(8528,536,9,4),(8529,537,14,9),(8530,538,31,6),(8531,539,42,3),(8532,540,25,6),(8533,541,25,10),(8534,542,22,12),(8535,543,30,9),(8536,544,53,11),(8537,545,23,12),(8538,546,23,11),(8539,547,14,4),(8540,548,15,4),(8541,549,53,8),(8542,550,49,10),(8543,551,47,5),(8544,552,9,8),(8545,553,28,12),(8546,554,28,11),(8547,555,40,9),(8548,556,9,7),(8549,557,18,6),(8550,558,1,5),(8551,559,48,6),(8552,560,17,9),(8553,561,53,3),(8554,562,21,3),(8555,563,36,5),(8556,564,46,6),(8557,565,30,12),(8558,566,40,10),(8559,567,35,5),(8560,568,16,8),(8561,569,26,4),(8562,570,38,11),(8563,571,45,12),(8564,572,6,10),(8565,573,15,4),(8566,574,10,12),(8567,575,47,8),(8568,576,48,11),(8569,577,29,5),(8570,578,3,6),(8571,579,53,12),(8572,580,27,9),(8573,581,41,11),(8574,582,33,4),(8575,583,43,10),(8576,584,11,4),(8577,585,38,7),(8578,586,30,12),(8579,587,15,5),(8580,588,19,4),(8581,589,26,10),(8582,590,14,6),(8583,591,2,3),(8584,592,13,5),(8585,593,40,9),(8586,594,53,8),(8587,595,30,11),(8588,596,13,9),(8589,597,36,12),(8590,598,46,6),(8591,599,52,11),(8592,600,26,7),(8593,601,42,5),(8594,602,20,8),(8595,603,46,3),(8596,604,20,6),(8597,605,6,6),(8598,606,47,5),(8599,607,11,6),(8600,608,40,6),(8601,609,15,4),(8602,610,37,10),(8603,611,32,12),(8604,612,5,3),(8605,613,49,8),(8606,614,26,5),(8607,615,8,9),(8608,616,40,12),(8609,617,49,6),(8610,618,8,6),(8611,619,37,3),(8612,620,15,6),(8613,621,49,10),(8614,622,5,10),(8615,623,44,12),(8616,624,5,7),(8617,625,46,10),(8618,626,32,12),(8619,627,11,7),(8620,628,50,6),(8621,629,8,10),(8622,630,48,9),(8623,631,37,4),(8624,632,8,3),(8625,633,22,3),(8626,634,7,5),(8627,635,52,9),(8628,636,19,9),(8629,637,12,11),(8630,638,32,11),(8631,639,9,3),(8632,640,6,5),(8633,641,51,7),(8634,642,45,8),(8635,643,4,8),(8636,644,7,12),(8637,645,30,11),(8638,646,51,3),(8639,647,37,5),(8640,648,21,7),(8641,649,46,9),(8642,650,52,6),(8643,651,23,9),(8644,652,4,8),(8645,653,6,3),(8646,654,31,7),(8647,655,37,7),(8648,656,21,5),(8649,657,32,12),(8650,658,49,9),(8651,659,24,7),(8652,660,5,4),(8653,661,52,8),(8654,662,48,7),(8655,663,13,3),(8656,664,19,5),(8657,665,13,11),(8658,666,22,4),(8659,667,41,9),(8660,668,51,10),(8661,669,41,10),(8662,670,1,7),(8663,671,12,7),(8664,672,18,9),(8665,673,36,12),(8666,674,1,8),(8667,675,33,3),(8668,676,27,9),(8669,677,30,3),(8670,678,37,7),(8671,679,5,4),(8672,680,49,6),(8673,681,1,12),(8674,682,4,5),(8675,683,34,8),(8676,684,24,9),(8677,685,45,4),(8678,686,29,12),(8679,687,49,4),(8680,688,23,9),(8681,689,34,3),(8682,690,38,9),(8683,691,9,6),(8684,692,21,12),(8685,693,9,9),(8686,694,44,7),(8687,695,43,10),(8688,696,10,3),(8689,697,15,4),(8690,698,19,5),(8691,699,20,3),(8692,700,12,11),(8693,701,25,9),(8694,702,42,4),(8695,703,28,9),(8696,704,43,12),(8697,705,39,11),(8698,706,46,5),(8699,707,6,12),(8700,708,16,6),(8701,709,53,11),(8702,710,20,6),(8703,711,33,11),(8704,712,38,8),(8705,713,40,9),(8706,714,38,8),(8707,715,11,12),(8708,716,9,3),(8709,717,26,12),(8710,718,38,11),(8711,719,4,4),(8712,720,29,7),(8713,721,12,3),(8714,722,19,4),(8715,723,51,12),(8716,724,14,5),(8717,725,4,7),(8718,726,28,11),(8719,727,34,5),(8720,728,43,12),(8721,729,40,3),(8722,730,5,3),(8723,731,6,3),(8724,732,18,7),(8725,733,23,7),(8726,734,14,4),(8727,735,39,3),(8728,736,21,10),(8729,737,3,11),(8730,738,5,12),(8731,739,30,7),(8732,740,29,10),(8733,741,5,7),(8734,742,19,10),(8735,743,37,12),(8736,744,38,5),(8737,745,14,6),(8738,746,32,12),(8739,747,43,8),(8740,748,29,12),(8741,749,54,8),(8742,750,13,10),(8743,751,49,7),(8744,752,30,11),(8745,753,45,4),(8746,754,43,10),(8747,755,3,12),(8748,756,21,11),(8749,757,28,3),(8750,758,27,11),(8751,759,49,10),(8752,760,36,11),(8753,761,22,3),(8754,762,32,10),(8755,763,27,11),(8756,764,25,6),(8757,765,46,8),(8758,766,32,9),(8759,767,2,6),(8760,768,1,5),(8761,769,50,5),(8762,770,4,6),(8763,771,38,8),(8764,772,52,7),(8765,773,7,3),(8766,774,35,11),(8767,775,15,11),(8768,776,45,3),(8769,777,23,11),(8770,778,33,10),(8771,779,36,9),(8772,780,3,6),(8773,781,21,8),(8774,782,16,12),(8775,783,9,12),(8776,784,3,6),(8777,785,10,4),(8778,786,9,12),(8779,787,26,5),(8780,788,16,4),(8781,789,34,6),(8782,790,34,12),(8783,791,2,3),(8784,792,51,11),(8785,793,27,8),(8786,794,26,9),(8787,795,12,10),(8788,796,14,10),(8789,797,11,6),(8790,798,22,7),(8791,799,12,8),(8792,800,51,6),(8793,801,18,8),(8794,802,52,8),(8795,803,28,7),(8796,804,33,5),(8797,805,35,10),(8798,806,17,8),(8799,807,32,10),(8800,808,31,3),(8801,809,51,11),(8802,810,49,6),(8803,811,35,4),(8804,812,37,7),(8805,813,1,12),(8806,814,45,8),(8807,815,12,11),(8808,816,43,9),(8809,817,16,9),(8810,818,22,3),(8811,819,19,3),(8812,820,4,9),(8813,821,37,10),(8814,822,13,3),(8815,823,5,10),(8816,824,29,8),(8817,825,6,9),(8818,826,40,5),(8819,827,4,12),(8820,828,1,3),(8821,829,51,8),(8822,830,25,7),(8823,831,24,5),(8824,832,50,10),(8825,833,48,7),(8826,834,14,10),(8827,835,29,7),(8828,836,21,11),(8829,837,8,6),(8830,838,12,6),(8831,839,10,6),(8832,840,40,10),(8833,841,25,8),(8834,842,4,6),(8835,843,33,8),(8836,844,37,6),(8837,845,34,9),(8838,846,41,12),(8839,847,3,5),(8840,848,51,3),(8841,849,46,8),(8842,850,39,9),(8843,851,11,10),(8844,852,3,7),(8845,853,13,5),(8846,854,38,9),(8847,855,43,6),(8848,856,16,7),(8849,857,38,6),(8850,858,53,10),(8851,859,3,7),(8852,860,40,11),(8853,861,3,6),(8854,862,41,5),(8855,863,46,6),(8856,864,40,10),(8857,865,49,11),(8858,866,47,8),(8859,867,20,11),(8860,868,4,12),(8861,869,13,6),(8862,870,36,12),(8863,871,11,9),(8864,872,30,8),(8865,873,9,6),(8866,874,15,4),(8867,875,17,10),(8868,876,43,9),(8869,877,12,8),(8870,878,39,7),(8871,879,36,5),(8872,880,37,4),(8873,881,51,5),(8874,882,11,12),(8875,883,32,11),(8876,884,34,9),(8877,885,53,12),(8878,886,52,5),(8879,887,10,3),(8880,888,36,4),(8881,889,21,7),(8882,890,16,7),(8883,891,15,4),(8884,892,8,7),(8885,893,28,3),(8886,894,18,5),(8887,895,43,9),(8888,896,38,8),(8889,897,33,6),(8890,898,4,6),(8891,899,25,7),(8892,900,19,8),(8893,901,36,7),(8894,902,22,12),(8895,903,16,4),(8896,904,18,8),(8897,905,37,10),(8898,906,5,7),(8899,907,4,10),(8900,908,20,3),(8901,909,5,10),(8902,910,29,6),(8903,911,40,3),(8904,912,1,11),(8905,913,48,6),(8906,914,10,8),(8907,915,34,3),(8908,916,13,4),(8909,917,24,5),(8910,918,2,5),(8911,919,22,3),(8912,920,50,10),(8913,921,40,8),(8914,922,2,7),(8915,923,21,11),(8916,924,34,7),(8917,925,13,12),(8918,926,32,11),(8919,927,38,9),(8920,928,34,3),(8921,929,23,8),(8922,930,36,4),(8923,931,13,5),(8924,932,3,11),(8925,933,21,5),(8926,934,51,4),(8927,935,22,3),(8928,936,31,8),(8929,937,46,11),(8930,938,26,5),(8931,939,14,10),(8932,940,46,10),(8933,941,23,12),(8934,942,26,7),(8935,943,39,4),(8936,944,7,9),(8937,945,43,9),(8938,946,15,12),(8939,947,30,9),(8940,948,18,9),(8941,949,24,4),(8942,950,27,6),(8943,951,42,12),(8944,952,51,6),(8945,953,39,12),(8946,954,3,8),(8947,955,53,8),(8948,956,50,3),(8949,957,37,10),(8950,958,45,4),(8951,959,50,9),(8952,960,37,3),(8953,961,3,12),(8954,962,23,11),(8955,963,14,12),(8956,964,51,3),(8957,965,37,10),(8958,966,38,12),(8959,967,14,4),(8960,968,27,4),(8961,969,25,8),(8962,970,8,5),(8963,971,24,6),(8964,972,28,11),(8965,973,15,4),(8966,974,36,3),(8967,975,54,12),(8968,976,5,7),(8969,977,42,12),(8970,978,11,7),(8971,979,11,11),(8972,980,29,10),(8973,981,45,4),(8974,982,52,7),(8975,983,17,9),(8976,984,1,11),(8977,985,44,5),(8978,986,10,7),(8979,987,40,10),(8980,988,48,11),(8981,989,2,5),(8982,990,40,5),(8983,991,27,10),(8984,992,19,8),(8985,993,26,12),(8986,994,48,6),(8987,995,46,5),(8988,996,33,3),(8989,997,53,3),(8990,998,15,5),(8991,999,39,6);
/*!40000 ALTER TABLE `Cart` ENABLE KEYS */;
UNLOCK TABLES;

--
-- Table structure for table `Category`
--

DROP TABLE IF EXISTS `Category`;
/*!40101 SET @saved_cs_client     = @@character_set_client */;
/*!40101 SET character_set_client = utf8 */;
CREATE TABLE `Category` (
  `category_ID` int(11) NOT NULL,
  `category_name` varchar(50) DEFAULT NULL,
  PRIMARY KEY (`category_ID`)
) ENGINE=InnoDB DEFAULT CHARSET=latin1;
/*!40101 SET character_set_client = @saved_cs_client */;

--
-- Dumping data for table `Category`
--

LOCK TABLES `Category` WRITE;
/*!40000 ALTER TABLE `Category` DISABLE KEYS */;
INSERT INTO `Category` VALUES (1,'Clothes'),(2,'Electronics'),(3,'Novels');
/*!40000 ALTER TABLE `Category` ENABLE KEYS */;
UNLOCK TABLES;

--
-- Table structure for table `City`
--

DROP TABLE IF EXISTS `City`;
/*!40101 SET @saved_cs_client     = @@character_set_client */;
/*!40101 SET character_set_client = utf8 */;
CREATE TABLE `City` (
  `city_name` varchar(50) NOT NULL,
  PRIMARY KEY (`city_name`)
) ENGINE=InnoDB DEFAULT CHARSET=latin1;
/*!40101 SET character_set_client = @saved_cs_client */;

--
-- Dumping data for table `City`
--

LOCK TABLES `City` WRITE;
/*!40000 ALTER TABLE `City` DISABLE KEYS */;
INSERT INTO `City` VALUES ('Ahmedabad'),('Barcelona'),('Chennai'),('Delhi'),('Gandhinagar'),('Hyderabad'),('Kochi'),('Kolkata'),('London'),('Madrid'),('Mumbai');
/*!40000 ALTER TABLE `City` ENABLE KEYS */;
UNLOCK TABLES;

--
-- Table structure for table `Clothes`
--

DROP TABLE IF EXISTS `Clothes`;
/*!40101 SET @saved_cs_client     = @@character_set_client */;
/*!40101 SET character_set_client = utf8 */;
CREATE TABLE `Clothes` (
  `product_ID` int(11) DEFAULT NULL,
  `Name` varchar(50) DEFAULT NULL,
  `Date_of_first_arrival` date DEFAULT NULL,
  `description` varchar(500) DEFAULT NULL,
  `brand` varchar(50) DEFAULT NULL,
  KEY `product_ID` (`product_ID`),
  CONSTRAINT `Clothes_ibfk_1` FOREIGN KEY (`product_ID`) REFERENCES `Products` (`product_ID`) ON DELETE CASCADE
) ENGINE=InnoDB DEFAULT CHARSET=latin1;
/*!40101 SET character_set_client = @saved_cs_client */;

--
-- Dumping data for table `Clothes`
--

LOCK TABLES `Clothes` WRITE;
/*!40000 ALTER TABLE `Clothes` DISABLE KEYS */;
INSERT INTO `Clothes` VALUES (45,'Arrow: Mens Regular fit solid shirt','2020-10-01','Arrow: Mens Regular fit solid shirt is very cool to wear.','Arrow'),(46,'Louis Philippe: Mens Regular fit formal shirt','2020-11-04','Louis Philippe: Mens Regular fit formal shirt is very cool to wear.','Louis Philippe'),(47,'Tommy Hilfiger: Mens Regular fit formal shirt','2020-11-10','Tommy Hilfiger: Mens Regular fit formal shirt is very cool to wear.','Tommy Hilfiger'),(48,'Mens Bomber Jacket','2020-12-10','Mens Bomber Jacket is very cool to wear.','Fort Collins'),(49,'Mens Cotton Turtle Neck Sweater','2018-09-11','Mens Cotton Turtle Neck Sweater is very cool to wear.','Denimholic'),(50,'Round Neck Sweater','2018-07-12','Round Neck Sweater is very cool to wear.','Alan Jones'),(51,'Blended Sweater','2017-05-13','Blended Sweater is very cool to wear.','Aarbee'),(52,'Relaxed Jeans','2019-07-20','Relaxed Jeans is very cool to wear.','Ben Martin'),(53,'Slim Fit Denim Jeans','2020-12-12','Slim Fit Denim Jeans is very cool to wear.','Urbano Fashion'),(54,'Cut and Sew Denim Jeans','2020-12-13','Cut and Sew Denim Jeans is very cool to wear.','Campus Sutra');
/*!40000 ALTER TABLE `Clothes` ENABLE KEYS */;
UNLOCK TABLES;

--
-- Table structure for table `Country`
--

DROP TABLE IF EXISTS `Country`;
/*!40101 SET @saved_cs_client     = @@character_set_client */;
/*!40101 SET character_set_client = utf8 */;
CREATE TABLE `Country` (
  `country_name` varchar(50) NOT NULL,
  PRIMARY KEY (`country_name`)
) ENGINE=InnoDB DEFAULT CHARSET=latin1;
/*!40101 SET character_set_client = @saved_cs_client */;

--
-- Dumping data for table `Country`
--

LOCK TABLES `Country` WRITE;
/*!40000 ALTER TABLE `Country` DISABLE KEYS */;
INSERT INTO `Country` VALUES ('Germany'),('India'),('Spain');
/*!40000 ALTER TABLE `Country` ENABLE KEYS */;
UNLOCK TABLES;

--
-- Table structure for table `Delivery_Address`
--

DROP TABLE IF EXISTS `Delivery_Address`;
/*!40101 SET @saved_cs_client     = @@character_set_client */;
/*!40101 SET character_set_client = utf8 */;
CREATE TABLE `Delivery_Address` (
  `address_ID` int(11) NOT NULL AUTO_INCREMENT,
  `user_ID` int(11) DEFAULT NULL,
  `city` varchar(50) DEFAULT NULL,
  `state` varchar(50) DEFAULT NULL,
  `country` varchar(50) DEFAULT NULL,
  `Phone` varchar(50) DEFAULT NULL,
  `Pin` varchar(50) DEFAULT NULL,
  PRIMARY KEY (`address_ID`),
  KEY `user_ID` (`user_ID`),
  KEY `country` (`country`),
  KEY `state` (`state`),
  KEY `city` (`city`),
  CONSTRAINT `Delivery_Address_ibfk_1` FOREIGN KEY (`user_ID`) REFERENCES `Users` (`user_ID`) ON DELETE CASCADE,
  CONSTRAINT `Delivery_Address_ibfk_2` FOREIGN KEY (`country`) REFERENCES `Country` (`country_name`) ON DELETE SET NULL,
  CONSTRAINT `Delivery_Address_ibfk_3` FOREIGN KEY (`state`) REFERENCES `State` (`state_name`) ON DELETE SET NULL,
  CONSTRAINT `Delivery_Address_ibfk_4` FOREIGN KEY (`city`) REFERENCES `City` (`city_name`) ON DELETE SET NULL
) ENGINE=InnoDB AUTO_INCREMENT=91 DEFAULT CHARSET=latin1;
/*!40101 SET character_set_client = @saved_cs_client */;

--
-- Dumping data for table `Delivery_Address`
--

LOCK TABLES `Delivery_Address` WRITE;
/*!40000 ALTER TABLE `Delivery_Address` DISABLE KEYS */;
INSERT INTO `Delivery_Address` VALUES (19,3,'Ahmedabad','Gujarat','India','5655225576','830661'),(20,3,'Gandhinagar','Gujarat','India','8321727094','350119'),(21,3,'Mumbai','Maharashtra','India','4844040409','935027'),(22,3,'Chennai','Tamil Nadu','India','4369013483','816917'),(23,3,'Kochi','Kerala','India','4092059295','812544'),(24,3,'Hyderabad','Telangana','India','9184188732','789320'),(25,3,'Delhi','Delhi','India','8482188321','329625'),(26,3,'Kolkata','West Bengal','India','9432057484','179779'),(27,3,'Madrid','Madrid','Spain','5974459006','402688'),(28,4,'Ahmedabad','Gujarat','India','1741027648','480931'),(29,4,'Gandhinagar','Gujarat','India','7437708421','240765'),(30,4,'Mumbai','Maharashtra','India','2037276571','267341'),(31,4,'Chennai','Tamil Nadu','India','5294174307','113960'),(32,4,'Kochi','Kerala','India','5424864759','625769'),(33,4,'Hyderabad','Telangana','India','4313855439','177501'),(34,4,'Delhi','Delhi','India','7079639825','823481'),(35,4,'Kolkata','West Bengal','India','6842142020','922098'),(36,4,'Madrid','Madrid','Spain','5629538926','369441'),(37,5,'Ahmedabad','Gujarat','India','3255872800','641617'),(38,5,'Gandhinagar','Gujarat','India','8589387390','434952'),(39,5,'Mumbai','Maharashtra','India','7279379029','416655'),(40,5,'Chennai','Tamil Nadu','India','3337080042','789008'),(41,5,'Kochi','Kerala','India','1623900873','402590'),(42,5,'Hyderabad','Telangana','India','1057928633','375744'),(43,5,'Delhi','Delhi','India','3380850657','543040'),(44,5,'Kolkata','West Bengal','India','1797842898','427193'),(45,5,'Madrid','Madrid','Spain','6331610431','156140'),(46,6,'Ahmedabad','Gujarat','India','5311830959','331898'),(47,6,'Gandhinagar','Gujarat','India','1843042581','163440'),(48,6,'Mumbai','Maharashtra','India','7714017001','749261'),(49,6,'Chennai','Tamil Nadu','India','1636566735','273823'),(50,6,'Kochi','Kerala','India','7005832647','621542'),(51,6,'Hyderabad','Telangana','India','3413225856','388429'),(52,6,'Delhi','Delhi','India','6165461194','929095'),(53,6,'Kolkata','West Bengal','India','9648410207','961852'),(54,6,'Madrid','Madrid','Spain','5202894522','492158'),(55,7,'Ahmedabad','Gujarat','India','6621947535','464312'),(56,7,'Gandhinagar','Gujarat','India','8262086125','638365'),(57,7,'Mumbai','Maharashtra','India','2049463051','570024'),(58,7,'Chennai','Tamil Nadu','India','1842302464','774655'),(59,7,'Kochi','Kerala','India','2141600587','571295'),(60,7,'Hyderabad','Telangana','India','2833109923','668893'),(61,7,'Delhi','Delhi','India','2029042922','341558'),(62,7,'Kolkata','West Bengal','India','2146201219','666599'),(63,7,'Madrid','Madrid','Spain','3463260481','285704'),(64,8,'Ahmedabad','Gujarat','India','9135928230','824478'),(65,8,'Gandhinagar','Gujarat','India','8255644650','990833'),(66,8,'Mumbai','Maharashtra','India','7032346611','801325'),(67,8,'Chennai','Tamil Nadu','India','8812870413','641975'),(68,8,'Kochi','Kerala','India','2445621213','249428'),(69,8,'Hyderabad','Telangana','India','3369164992','299691'),(70,8,'Delhi','Delhi','India','6520220855','822831'),(71,8,'Kolkata','West Bengal','India','6982395469','947653'),(72,8,'Madrid','Madrid','Spain','2003525103','908048'),(73,9,'Ahmedabad','Gujarat','India','2317521959','803356'),(74,9,'Gandhinagar','Gujarat','India','4280541827','121232'),(75,9,'Mumbai','Maharashtra','India','7037666572','686670'),(76,9,'Chennai','Tamil Nadu','India','5952199032','654537'),(77,9,'Kochi','Kerala','India','6038057826','725044'),(78,9,'Hyderabad','Telangana','India','4361874425','831110'),(79,9,'Delhi','Delhi','India','5011100762','815544'),(80,9,'Kolkata','West Bengal','India','2942270106','390496'),(81,9,'Madrid','Madrid','Spain','9450243128','399809'),(82,10,'Ahmedabad','Gujarat','India','2584724932','884125'),(83,10,'Gandhinagar','Gujarat','India','5337098305','343957'),(84,10,'Mumbai','Maharashtra','India','8763625253','711697'),(85,10,'Chennai','Tamil Nadu','India','2988347882','229515'),(86,10,'Kochi','Kerala','India','3109894775','154042'),(87,10,'Hyderabad','Telangana','India','8152045779','731140'),(88,10,'Delhi','Delhi','India','2323173851','899468'),(89,10,'Kolkata','West Bengal','India','5443687491','494347'),(90,10,'Madrid','Madrid','Spain','4038188702','561853');
/*!40000 ALTER TABLE `Delivery_Address` ENABLE KEYS */;
UNLOCK TABLES;

--
-- Table structure for table `Electronics`
--

DROP TABLE IF EXISTS `Electronics`;
/*!40101 SET @saved_cs_client     = @@character_set_client */;
/*!40101 SET character_set_client = utf8 */;
CREATE TABLE `Electronics` (
  `product_ID` int(11) DEFAULT NULL,
  `Name` varchar(50) DEFAULT NULL,
  `description` varchar(500) DEFAULT NULL,
  `sub_category` varchar(50) DEFAULT NULL,
  KEY `product_ID` (`product_ID`),
  CONSTRAINT `Electronics_ibfk_1` FOREIGN KEY (`product_ID`) REFERENCES `Products` (`product_ID`) ON DELETE CASCADE
) ENGINE=InnoDB DEFAULT CHARSET=latin1;
/*!40101 SET character_set_client = @saved_cs_client */;

--
-- Dumping data for table `Electronics`
--

LOCK TABLES `Electronics` WRITE;
/*!40000 ALTER TABLE `Electronics` DISABLE KEYS */;
INSERT INTO `Electronics` VALUES (1,'Apple Iphone 12','Apple Iphone 12 is a must to improve the productivity','Mobile Phone'),(2,'Xiaomi Redmi 8','Xiaomi Redmi 8 is a must to improve the productivity','Mobile Phone'),(3,'Xiaomi Redmi 9','Xiaomi Redmi 9 is a must to improve the productivity','Mobile Phone'),(4,'Xiaomi Redmi Note 10 Pro','Xiaomi Redmi Note 10 Pro is a must to improve the productivity','Mobile Phone'),(5,'Vivo V28','Vivo V28 is a must to improve the productivity','Mobile Phone'),(6,'Oppo F64','Oppo F64 is a must to improve the productivity','Mobile Phone'),(7,'Lenovo Zenphone','Lenovo Zenphone is a must to improve the productivity','Mobile Phone'),(8,'HTC Desire','HTC Desire is a must to improve the productivity','Mobile Phone'),(9,'Huawei Air','Huawei Air is a must to improve the productivity','Mobile Phone'),(10,'Samsung Galaxy Note 5','Samsung Galaxy Note 5 is a must to improve the productivity','Mobile Phone'),(11,'Apple Iphone SE','Apple Iphone SE is a must to improve the productivity','Mobile Phone'),(12,'Apple Macbook Air','Apple Macbook Air is a must to improve the productivity','Laptop'),(13,'Lenovo Thinkpad HV324','Lenovo Thinkpad HV324 is a must to improve the productivity','Laptop'),(14,'Dell Vostro H3424','Dell Vostro H3424 is a must to improve the productivity','Laptop'),(15,'HP Pavillion','HP Pavillion is a must to improve the productivity','Laptop'),(16,'Acer Aspire','Acer Aspire is a must to improve the productivity','Laptop'),(17,'Apple Macbook Pro','Apple Macbook Pro is a must to improve the productivity','Laptop'),(18,'HP Omen V2341','HP Omen V2341 is a must to improve the productivity','Laptop'),(19,'Lenovo Ideapad S1234','Lenovo Ideapad S1234 is a must to improve the productivity','Laptop'),(20,'Mi Notebook Horizon','Mi Notebook Horizon is a must to improve the productivity','Laptop'),(21,'Dell Inspiron 3452','Dell Inspiron 3452 is a must to improve the productivity','Laptop'),(22,'Asus Vivobook Ultra K14','Asus Vivobook Ultra K14 is a must to improve the productivity','Laptop'),(23,'Acer One 14 Z2-485','Acer One 14 Z2-485 is a must to improve the productivity','Laptop'),(24,'boat bassheads','boat bassheads is a must to improve the productivity','Ear Phones'),(25,'boat rockerz 450 Bluetooth','boat rockerz 450 Bluetooth is a must to improve the productivity','Ear Phones'),(26,'JBL T460BT','JBL T460BT is a must to improve the productivity','Ear Phones'),(27,'Zebronics Zeb Thunder','Zebronics Zeb Thunder is a must to improve the productivity','Ear Phones'),(28,'JBL C100SI','JBL C100SI is a must to improve the productivity','Ear Phones'),(29,'Ptron Boom','Ptron Boom is a must to improve the productivity','Ear Phones'),(30,'Sony MDR-Zx','Sony MDR-Zx is a must to improve the productivity','Ear Phones'),(31,'JBL C115TWS','JBL C115TWS is a must to improve the productivity','Ear Phones'),(32,'Boult Audio Bass heads','Boult Audio Bass heads is a must to improve the productivity','Ear Phones'),(33,'Cosmic Byte Star Dust','Cosmic Byte Star Dust is a must to improve the productivity','Ear Phones'),(34,'pTron Tangent Beat','pTron Tangent Beat is a must to improve the productivity','Ear Phones');
/*!40000 ALTER TABLE `Electronics` ENABLE KEYS */;
UNLOCK TABLES;

--
-- Table structure for table `History`
--

DROP TABLE IF EXISTS `History`;
/*!40101 SET @saved_cs_client     = @@character_set_client */;
/*!40101 SET character_set_client = utf8 */;
CREATE TABLE `History` (
  `history_ID` int(11) NOT NULL AUTO_INCREMENT,
  `user_ID` int(11) DEFAULT NULL,
  `product_ID` int(11) DEFAULT NULL,
  `date_visited` date DEFAULT NULL,
  `time_visited` time DEFAULT NULL,
  PRIMARY KEY (`history_ID`)
) ENGINE=InnoDB AUTO_INCREMENT=171 DEFAULT CHARSET=latin1;
/*!40101 SET character_set_client = @saved_cs_client */;

--
-- Dumping data for table `History`
--

LOCK TABLES `History` WRITE;
/*!40000 ALTER TABLE `History` DISABLE KEYS */;
INSERT INTO `History` VALUES (1,3,24,'2020-01-01','00:10:00'),(2,3,24,'2020-01-02','00:10:00'),(3,3,24,'2020-01-03','00:10:00'),(4,3,24,'2020-01-04','00:10:00'),(5,3,24,'2020-01-05','00:10:00'),(6,3,24,'2020-01-06','00:10:00'),(7,3,24,'2020-01-07','00:10:00'),(8,3,24,'2020-01-08','00:10:00'),(9,3,24,'2020-01-09','00:10:00'),(10,3,24,'2020-01-10','00:10:00'),(11,3,24,'2020-01-11','00:10:00'),(12,3,24,'2020-01-12','00:10:00'),(13,3,24,'2020-01-13','00:10:00'),(14,3,24,'2020-01-14','00:10:00'),(15,3,24,'2020-01-15','00:10:00'),(16,3,24,'2020-01-16','00:10:00'),(17,3,24,'2020-01-17','00:10:00'),(18,3,24,'2020-01-18','00:10:00'),(19,3,24,'2020-01-19','00:10:00'),(20,3,24,'2020-01-20','00:10:00'),(21,3,24,'2020-01-21','00:10:00'),(22,3,24,'2020-01-22','00:10:00'),(23,3,24,'2020-01-23','00:10:00'),(24,3,24,'2020-01-24','00:10:00'),(25,3,24,'2020-01-25','00:10:00'),(26,3,24,'2020-01-26','00:10:00'),(27,3,24,'2020-01-27','00:10:00'),(28,3,24,'2020-01-28','00:10:00'),(29,5,23,'2020-01-02','00:10:00'),(30,5,23,'2020-01-03','00:10:00'),(31,5,23,'2020-01-04','00:10:00'),(32,5,23,'2020-01-05','00:10:00'),(33,5,23,'2020-01-06','00:10:00'),(34,5,23,'2020-01-07','00:10:00'),(35,5,23,'2020-01-08','00:10:00'),(36,5,23,'2020-01-09','00:10:00'),(37,5,23,'2020-01-10','00:10:00'),(38,5,23,'2020-01-11','00:10:00'),(39,5,23,'2020-01-12','00:10:00'),(40,5,23,'2020-01-13','00:10:00'),(41,5,23,'2020-01-14','00:10:00'),(42,5,23,'2020-01-15','00:10:00'),(43,5,23,'2020-01-16','00:10:00'),(44,5,23,'2020-01-17','00:10:00'),(45,5,23,'2020-01-18','00:10:00'),(46,5,23,'2020-01-19','00:10:00'),(47,5,23,'2020-01-20','00:10:00'),(48,5,23,'2020-01-21','00:10:00'),(49,5,23,'2020-01-22','00:10:00'),(50,5,23,'2020-01-23','00:10:00'),(51,5,23,'2020-01-24','00:10:00'),(52,5,23,'2020-01-25','00:10:00'),(53,5,23,'2020-01-26','00:10:00'),(54,5,23,'2020-01-27','00:10:00'),(55,5,23,'2020-01-28','00:10:00'),(56,7,25,'2020-01-01','00:10:00'),(57,7,25,'2020-07-01','00:10:00'),(58,7,25,'2020-08-02','00:10:00'),(59,7,25,'2020-09-03','00:10:00'),(60,7,25,'2020-10-04','00:10:00'),(61,7,25,'2020-11-05','00:10:00'),(62,7,25,'2020-07-01','00:10:00'),(63,7,25,'2020-08-02','00:10:00'),(64,7,25,'2020-09-03','00:10:00'),(65,7,25,'2020-10-04','00:10:00'),(66,7,25,'2020-11-05','00:10:00'),(67,7,25,'2020-07-01','00:10:00'),(68,7,25,'2020-08-02','00:10:00'),(69,7,25,'2020-09-03','00:10:00'),(70,7,25,'2020-10-04','00:10:00'),(71,7,25,'2020-11-05','00:10:00'),(72,7,25,'2020-07-01','00:10:00'),(73,7,25,'2020-08-02','00:10:00'),(74,7,25,'2020-09-03','00:10:00'),(75,7,25,'2020-10-04','00:10:00'),(76,7,25,'2020-11-05','00:10:00'),(77,7,25,'2020-07-01','00:10:00'),(78,7,25,'2020-08-02','00:10:00'),(79,7,25,'2020-09-03','00:10:00'),(80,7,25,'2020-10-04','00:10:00'),(81,7,25,'2020-11-05','00:10:00'),(82,7,26,'2020-01-01','00:10:00'),(83,7,25,'2020-07-01','00:10:00'),(84,7,25,'2020-08-02','00:10:00'),(85,7,25,'2020-09-03','00:10:00'),(86,7,25,'2020-10-04','00:10:00'),(87,7,25,'2020-07-01','00:10:00'),(88,7,25,'2020-08-02','00:10:00'),(89,7,25,'2020-09-03','00:10:00'),(90,7,25,'2020-10-04','00:10:00'),(91,7,26,'2021-01-30','00:10:00'),(92,7,25,'2020-01-01','00:10:00'),(93,7,25,'2020-02-02','00:10:00'),(94,7,25,'2020-01-01','00:10:00'),(95,7,25,'2020-02-02','00:10:00'),(96,7,25,'2020-01-01','00:10:00'),(97,7,25,'2020-02-02','00:10:00'),(98,7,25,'2020-01-01','00:10:00'),(99,7,25,'2020-02-02','00:10:00'),(100,7,25,'2020-01-01','00:10:00'),(101,7,25,'2020-02-02','00:10:00'),(102,7,25,'2020-01-01','00:10:00'),(103,7,25,'2020-02-02','00:10:00'),(104,7,25,'2020-01-01','00:10:00'),(105,7,25,'2020-02-02','00:10:00'),(106,7,25,'2020-01-01','00:10:00'),(107,7,25,'2020-02-02','00:10:00'),(108,7,25,'2020-01-01','00:10:00'),(109,7,25,'2020-02-02','00:10:00'),(110,7,25,'2020-01-01','00:10:00'),(111,7,25,'2020-02-02','00:10:00'),(112,9,28,'2021-01-30','00:10:00'),(113,8,27,'2021-01-01','00:10:00'),(114,8,27,'2021-02-02','00:10:00'),(115,8,27,'2021-01-01','00:10:00'),(116,8,27,'2021-02-02','00:10:00'),(117,8,27,'2021-01-01','00:10:00'),(118,8,27,'2021-02-02','00:10:00'),(119,8,27,'2021-01-01','00:10:00'),(120,8,27,'2021-02-02','00:10:00'),(121,8,27,'2021-01-01','00:10:00'),(122,8,27,'2021-02-02','00:10:00'),(123,8,27,'2021-01-01','00:10:00'),(124,8,27,'2021-02-02','00:10:00'),(125,8,27,'2021-01-01','00:10:00'),(126,8,27,'2021-02-02','00:10:00'),(127,8,27,'2021-01-01','00:10:00'),(128,8,27,'2021-02-02','00:10:00'),(129,8,27,'2021-01-01','00:10:00'),(130,8,27,'2021-02-02','00:10:00'),(131,8,27,'2021-01-01','00:10:00'),(132,8,27,'2021-02-02','00:10:00'),(133,10,2,'2021-01-30','00:10:00'),(134,10,2,'2021-01-01','00:10:00'),(135,10,2,'2021-02-02','00:10:00'),(136,10,2,'2021-01-01','00:10:00'),(137,10,2,'2021-02-02','00:10:00'),(138,10,2,'2021-01-01','00:10:00'),(139,10,2,'2021-02-02','00:10:00'),(140,10,2,'2021-01-01','00:10:00'),(141,10,2,'2021-02-02','00:10:00'),(142,11,2,'2021-01-30','00:10:00'),(143,11,2,'2021-01-01','00:10:00'),(144,11,2,'2021-02-02','00:10:00'),(145,11,2,'2021-01-01','00:10:00'),(146,11,2,'2021-02-02','00:10:00'),(147,11,2,'2021-01-01','00:10:00'),(148,11,2,'2021-02-02','00:10:00'),(149,11,2,'2021-01-01','00:10:00'),(150,11,2,'2021-02-02','00:10:00'),(151,12,52,'2021-01-30','00:10:00'),(152,12,52,'2021-01-01','00:10:00'),(153,12,52,'2021-02-02','00:10:00'),(154,12,52,'2021-01-01','00:10:00'),(155,12,52,'2021-02-02','00:10:00'),(156,12,52,'2021-01-01','00:10:00'),(157,12,52,'2021-02-02','00:10:00'),(158,12,52,'2021-01-01','00:10:00'),(159,12,52,'2021-02-02','00:10:00'),(160,13,52,'2021-01-30','00:10:00'),(161,13,52,'2021-01-01','00:10:00'),(162,13,52,'2021-02-02','00:10:00'),(163,13,52,'2021-01-01','00:10:00'),(164,13,52,'2021-02-02','00:10:00'),(165,13,52,'2021-01-01','00:10:00'),(166,13,52,'2021-02-02','00:10:00'),(167,13,52,'2021-01-01','00:10:00'),(168,13,52,'2021-02-02','00:10:00'),(169,13,52,'2021-01-01','00:10:00'),(170,13,52,'2021-02-02','00:10:00');
/*!40000 ALTER TABLE `History` ENABLE KEYS */;
UNLOCK TABLES;

--
-- Table structure for table `Novels`
--

DROP TABLE IF EXISTS `Novels`;
/*!40101 SET @saved_cs_client     = @@character_set_client */;
/*!40101 SET character_set_client = utf8 */;
CREATE TABLE `Novels` (
  `product_ID` int(11) DEFAULT NULL,
  `Name` varchar(50) DEFAULT NULL,
  `Author` varchar(50) DEFAULT NULL,
  `year_of_publication` date DEFAULT NULL,
  `description` varchar(500) DEFAULT NULL,
  KEY `product_ID` (`product_ID`),
  CONSTRAINT `Novels_ibfk_1` FOREIGN KEY (`product_ID`) REFERENCES `Products` (`product_ID`) ON DELETE CASCADE
) ENGINE=InnoDB DEFAULT CHARSET=latin1;
/*!40101 SET character_set_client = @saved_cs_client */;

--
-- Dumping data for table `Novels`
--

LOCK TABLES `Novels` WRITE;
/*!40000 ALTER TABLE `Novels` DISABLE KEYS */;
INSERT INTO `Novels` VALUES (35,'The Davinci Code','Dan Brown','2010-07-06','The Davinci Code by Dan Brown is a good one to read'),(36,'Angels and Demons','Dan Brown','2009-05-14','Angels and Demons by Dan Brown is a good one to read'),(37,'Deception Point','Dan Brown','2009-05-14','Deception Point by Dan Brown is a good one to read'),(38,'The Lost Symbol','Dan Brown','2009-09-15','The Lost Symbol by Dan Brown is a good one to read'),(39,'Sacred Games','Vikram Chandra','2011-03-03','Sacred Games by Vikram Chandra is a good one to read'),(40,'Harry Potter and the Philosphers stone','JK Rowling','2014-09-01','Harry Potter and the Philosphers stone by JK Rowling is a good one to read'),(41,'Harry Potter and the Chamber of Secrets','JK Rowling','2014-09-03','Harry Potter and the Chamber of Secrets by JK Rowling is a good one to read'),(42,'The Fountainhead','Ayn Rand','1996-09-01','The Fountainhead by Ayn Rand is a good one to read'),(43,'One Indian Girl','Chetan Bhagat','2016-10-01','One Indian Girl by Chetan Bhagat is a good one to read'),(44,'The Adventure of Sherlock Holmes','Sir Arthur Conan Doyle','2016-09-01','The Adventure of Sherlock Holmes by Sir Arthur Conan Doyle is a good one to read');
/*!40000 ALTER TABLE `Novels` ENABLE KEYS */;
UNLOCK TABLES;

--
-- Table structure for table `Orders`
--

DROP TABLE IF EXISTS `Orders`;
/*!40101 SET @saved_cs_client     = @@character_set_client */;
/*!40101 SET character_set_client = utf8 */;
CREATE TABLE `Orders` (
  `order_Number` int(11) NOT NULL AUTO_INCREMENT,
  `product_ID` int(11) DEFAULT NULL,
  `user_ID` int(11) DEFAULT NULL,
  `order_Date` date DEFAULT NULL,
  `order_Time` time DEFAULT NULL,
  `address_ID` int(11) DEFAULT NULL,
  `quantity` int(11) NOT NULL,
  `rating` float DEFAULT NULL,
  `review` varchar(500) DEFAULT NULL,
  PRIMARY KEY (`order_Number`),
  KEY `product_ID` (`product_ID`),
  KEY `user_ID` (`user_ID`),
  KEY `address_ID` (`address_ID`),
  CONSTRAINT `Orders_ibfk_1` FOREIGN KEY (`product_ID`) REFERENCES `Products` (`product_ID`) ON DELETE SET NULL,
  CONSTRAINT `Orders_ibfk_2` FOREIGN KEY (`user_ID`) REFERENCES `Users` (`user_ID`) ON DELETE SET NULL,
  CONSTRAINT `Orders_ibfk_3` FOREIGN KEY (`address_ID`) REFERENCES `Delivery_Address` (`address_ID`) ON DELETE SET NULL
) ENGINE=InnoDB AUTO_INCREMENT=93 DEFAULT CHARSET=latin1;
/*!40101 SET character_set_client = @saved_cs_client */;

--
-- Dumping data for table `Orders`
--

LOCK TABLES `Orders` WRITE;
/*!40000 ALTER TABLE `Orders` DISABLE KEYS */;
INSERT INTO `Orders` VALUES (3,19,1,'2020-01-01','05:30:00',1,5,3,'I really enjoyed it and it was an awesome experience'),(4,22,1,'2020-03-03','06:30:00',2,6,5,'I really enjoyed it and it was an awesome experience'),(5,53,1,'2020-05-05','07:30:00',3,7,3,'I really enjoyed it and it was an awesome experience'),(6,47,1,'2020-07-07','08:30:00',4,6,2,'I really enjoyed it and it was an awesome experience'),(7,52,1,'2020-09-09','09:30:00',5,5,5,'I really enjoyed it and it was an awesome experience'),(8,34,1,'2020-11-11','10:30:00',6,10,2,'I really enjoyed it and it was an awesome experience'),(9,48,1,'2020-02-13','11:30:00',7,6,3,'I really enjoyed it and it was an awesome experience'),(10,40,1,'2020-04-15','12:30:00',8,1,3,'I really enjoyed it and it was an awesome experience'),(11,10,1,'2020-06-17','13:30:00',9,2,2,'I really enjoyed it and it was an awesome experience'),(12,33,2,'2020-08-19','14:30:00',10,1,3,'I really enjoyed it and it was an awesome experience'),(13,39,2,'2020-10-21','15:30:00',11,10,2,'I really enjoyed it and it was an awesome experience'),(14,17,2,'2020-01-23','16:30:00',12,7,2,'I really enjoyed it and it was an awesome experience'),(15,40,2,'2020-03-25','17:30:00',13,6,3,'I really enjoyed it and it was an awesome experience'),(16,35,2,'2020-05-27','18:30:00',14,1,2,'I really enjoyed it and it was an awesome experience'),(17,49,2,'2020-07-01','19:30:00',15,1,3,'I really enjoyed it and it was an awesome experience'),(18,15,2,'2020-09-03','20:30:00',16,8,2,'I really enjoyed it and it was an awesome experience'),(19,47,2,'2020-11-05','21:30:00',17,6,1,'I really enjoyed it and it was an awesome experience'),(20,18,2,'2020-02-07','22:30:00',18,5,3,'I really enjoyed it and it was an awesome experience'),(21,31,3,'2020-04-09','23:30:00',19,10,3,'I really enjoyed it and it was an awesome experience'),(22,41,3,'2020-06-11','00:30:00',20,3,5,'I really enjoyed it and it was an awesome experience'),(23,29,3,'2020-08-13','01:30:00',21,6,5,'I really enjoyed it and it was an awesome experience'),(24,48,3,'2020-10-15','02:30:00',22,9,1,'I really enjoyed it and it was an awesome experience'),(25,39,3,'2020-01-17','03:30:00',23,1,3,'I really enjoyed it and it was an awesome experience'),(26,48,3,'2020-03-19','04:30:00',24,1,3,'I really enjoyed it and it was an awesome experience'),(27,37,3,'2020-05-21','05:30:00',25,2,3,'I really enjoyed it and it was an awesome experience'),(28,29,3,'2020-07-23','06:30:00',26,8,4,'I really enjoyed it and it was an awesome experience'),(29,4,3,'2020-09-25','07:30:00',27,6,4,'I really enjoyed it and it was an awesome experience'),(30,29,4,'2020-11-27','08:30:00',28,3,1,'I really enjoyed it and it was an awesome experience'),(31,8,4,'2020-02-01','09:30:00',29,5,4,'I really enjoyed it and it was an awesome experience'),(32,45,4,'2020-04-03','10:30:00',30,8,1,'I really enjoyed it and it was an awesome experience'),(33,8,4,'2020-06-05','11:30:00',31,10,5,'I really enjoyed it and it was an awesome experience'),(34,45,4,'2020-08-07','12:30:00',32,4,5,'I really enjoyed it and it was an awesome experience'),(35,30,4,'2020-10-09','13:30:00',33,9,3,'I really enjoyed it and it was an awesome experience'),(36,47,4,'2020-01-11','14:30:00',34,7,3,'I really enjoyed it and it was an awesome experience'),(37,9,4,'2020-03-13','15:30:00',35,3,1,'I really enjoyed it and it was an awesome experience'),(38,5,4,'2020-05-15','16:30:00',36,1,1,'I really enjoyed it and it was an awesome experience'),(39,6,5,'2020-07-17','17:30:00',37,6,5,'I really enjoyed it and it was an awesome experience'),(40,7,5,'2020-09-19','18:30:00',38,3,4,'I really enjoyed it and it was an awesome experience'),(41,31,5,'2020-11-21','19:30:00',39,9,5,'I really enjoyed it and it was an awesome experience'),(42,35,5,'2020-02-23','20:30:00',40,7,2,'I really enjoyed it and it was an awesome experience'),(43,21,5,'2020-04-25','21:30:00',41,3,5,'I really enjoyed it and it was an awesome experience'),(44,9,5,'2020-06-27','22:30:00',42,5,5,'I really enjoyed it and it was an awesome experience'),(45,25,5,'2020-08-01','23:30:00',43,3,4,'I really enjoyed it and it was an awesome experience'),(46,17,5,'2020-10-03','00:30:00',44,7,2,'I really enjoyed it and it was an awesome experience'),(47,33,5,'2020-01-05','01:30:00',45,4,3,'I really enjoyed it and it was an awesome experience'),(48,10,6,'2020-03-07','02:30:00',46,6,2,'I really enjoyed it and it was an awesome experience'),(49,12,6,'2020-05-09','03:30:00',47,6,5,'I really enjoyed it and it was an awesome experience'),(50,7,6,'2020-07-11','04:30:00',48,10,4,'I really enjoyed it and it was an awesome experience'),(51,46,6,'2020-09-13','05:30:00',49,4,4,'I really enjoyed it and it was an awesome experience'),(52,6,6,'2020-11-15','06:30:00',50,7,2,'I really enjoyed it and it was an awesome experience'),(53,33,6,'2020-02-17','07:30:00',51,4,4,'I really enjoyed it and it was an awesome experience'),(54,28,6,'2020-04-19','08:30:00',52,7,3,'I really enjoyed it and it was an awesome experience'),(55,21,6,'2020-06-21','09:30:00',53,3,2,'I really enjoyed it and it was an awesome experience'),(56,29,6,'2020-08-23','10:30:00',54,4,1,'I really enjoyed it and it was an awesome experience'),(57,20,7,'2020-10-25','11:30:00',55,3,2,'I really enjoyed it and it was an awesome experience'),(58,54,7,'2020-01-27','12:30:00',56,9,1,'I really enjoyed it and it was an awesome experience'),(59,21,7,'2020-03-01','13:30:00',57,7,1,'I really enjoyed it and it was an awesome experience'),(60,11,7,'2020-05-03','14:30:00',58,5,3,'I really enjoyed it and it was an awesome experience'),(61,47,7,'2020-07-05','15:30:00',59,9,5,'I really enjoyed it and it was an awesome experience'),(62,29,7,'2020-09-07','16:30:00',60,8,3,'I really enjoyed it and it was an awesome experience'),(63,42,7,'2020-11-09','17:30:00',61,6,2,'I really enjoyed it and it was an awesome experience'),(64,27,7,'2020-02-11','18:30:00',62,10,3,'I really enjoyed it and it was an awesome experience'),(65,27,7,'2020-04-13','19:30:00',63,9,5,'I really enjoyed it and it was an awesome experience'),(66,43,8,'2020-06-15','20:30:00',64,6,1,'I really enjoyed it and it was an awesome experience'),(67,13,8,'2020-08-17','21:30:00',65,10,4,'I really enjoyed it and it was an awesome experience'),(68,35,8,'2020-10-19','22:30:00',66,6,2,'I really enjoyed it and it was an awesome experience'),(69,36,8,'2020-01-21','23:30:00',67,6,1,'I really enjoyed it and it was an awesome experience'),(70,34,8,'2020-03-23','00:30:00',68,4,4,'I really enjoyed it and it was an awesome experience'),(71,51,8,'2020-05-25','01:30:00',69,8,3,'I really enjoyed it and it was an awesome experience'),(72,45,8,'2020-07-27','02:30:00',70,1,4,'I really enjoyed it and it was an awesome experience'),(73,28,8,'2020-09-01','03:30:00',71,10,2,'I really enjoyed it and it was an awesome experience'),(74,9,8,'2020-11-03','04:30:00',72,8,5,'I really enjoyed it and it was an awesome experience'),(75,37,9,'2020-02-05','05:30:00',73,4,2,'I really enjoyed it and it was an awesome experience'),(76,51,9,'2020-04-07','06:30:00',74,6,5,'I really enjoyed it and it was an awesome experience'),(77,27,9,'2020-06-09','07:30:00',75,10,2,'I really enjoyed it and it was an awesome experience'),(78,42,9,'2020-08-11','08:30:00',76,10,3,'I really enjoyed it and it was an awesome experience'),(79,35,9,'2020-10-13','09:30:00',77,8,3,'I really enjoyed it and it was an awesome experience'),(80,23,9,'2020-01-15','10:30:00',78,3,1,'I really enjoyed it and it was an awesome experience'),(81,10,9,'2020-03-17','11:30:00',79,10,5,'I really enjoyed it and it was an awesome experience'),(82,53,9,'2020-05-19','12:30:00',80,7,3,'I really enjoyed it and it was an awesome experience'),(83,53,9,'2020-07-21','13:30:00',81,1,2,'I really enjoyed it and it was an awesome experience'),(84,49,10,'2020-09-23','14:30:00',82,9,4,'I really enjoyed it and it was an awesome experience'),(85,37,10,'2020-11-25','15:30:00',83,8,2,'I really enjoyed it and it was an awesome experience'),(86,20,10,'2020-02-27','16:30:00',84,4,3,'I really enjoyed it and it was an awesome experience'),(87,10,10,'2020-04-01','17:30:00',85,5,2,'I really enjoyed it and it was an awesome experience'),(88,20,10,'2020-06-03','18:30:00',86,6,4,'I really enjoyed it and it was an awesome experience'),(89,23,10,'2020-08-05','19:30:00',87,6,4,'I really enjoyed it and it was an awesome experience'),(90,10,10,'2020-10-07','20:30:00',88,6,5,'I really enjoyed it and it was an awesome experience'),(91,21,10,'2020-01-09','21:30:00',89,4,2,'I really enjoyed it and it was an awesome experience'),(92,25,10,'2020-03-11','22:30:00',90,1,4,'I really enjoyed it and it was an awesome experience');
/*!40000 ALTER TABLE `Orders` ENABLE KEYS */;
UNLOCK TABLES;

--
-- Table structure for table `Products`
--

DROP TABLE IF EXISTS `Products`;
/*!40101 SET @saved_cs_client     = @@character_set_client */;
/*!40101 SET character_set_client = utf8 */;
CREATE TABLE `Products` (
  `product_ID` int(11) NOT NULL AUTO_INCREMENT,
  `product_Name` varchar(100) NOT NULL,
  `category_ID` int(11) NOT NULL,
  `date_added` date NOT NULL,
  `average_rating` float DEFAULT NULL,
  `price` float NOT NULL,
  `retailer_ID` int(11) DEFAULT NULL,
  `quantity_InStock` int(11) DEFAULT NULL,
  PRIMARY KEY (`product_ID`),
  KEY `category_ID` (`category_ID`),
  KEY `retailer_ID` (`retailer_ID`),
  CONSTRAINT `Products_ibfk_1` FOREIGN KEY (`category_ID`) REFERENCES `Category` (`category_ID`) ON DELETE CASCADE,
  CONSTRAINT `Products_ibfk_2` FOREIGN KEY (`retailer_ID`) REFERENCES `Retailer` (`retailer_ID`) ON DELETE SET NULL
) ENGINE=InnoDB AUTO_INCREMENT=59 DEFAULT CHARSET=latin1;
/*!40101 SET character_set_client = @saved_cs_client */;

--
-- Dumping data for table `Products`
--

LOCK TABLES `Products` WRITE;
/*!40000 ALTER TABLE `Products` DISABLE KEYS */;
INSERT INTO `Products` VALUES (1,'Apple Iphone 12',2,'2016-04-12',NULL,47899,1,2),(2,'Xiaomi Redmi 8',2,'2017-05-13',NULL,7599,2,3),(3,'Xiaomi Redmi 9',2,'2018-06-14',NULL,8399,3,4),(4,'Xiaomi Redmi Note 10 Pro',2,'2019-07-15',NULL,15529,4,5),(5,'Vivo V28',2,'2016-08-16',NULL,12846,5,1),(6,'Oppo F64',2,'2017-09-17',NULL,11564,6,2),(7,'Lenovo Zenphone',2,'2018-10-18',NULL,7199,7,3),(8,'HTC Desire',2,'2019-11-19',NULL,6599,8,4),(9,'Huawei Air',2,'2016-01-20',NULL,15499,9,5),(10,'Samsung Galaxy Note 5',2,'2017-02-21',NULL,22000,10,1),(11,'Apple Iphone SE',2,'2018-03-22',NULL,42999,11,2),(12,'Apple Macbook Air',2,'2019-04-23',NULL,55600,12,3),(13,'Lenovo Thinkpad HV324',2,'2016-05-24',NULL,31500,13,4),(14,'Dell Vostro H3424',2,'2017-06-25',NULL,38400,14,5),(15,'HP Pavillion',2,'2018-07-26',NULL,35600,15,1),(16,'Acer Aspire',2,'2019-08-27',NULL,33300,16,2),(17,'Apple Macbook Pro',2,'2016-09-28',NULL,122000,17,3),(18,'HP Omen V2341',2,'2017-10-01',NULL,75660,18,4),(19,'Lenovo Ideapad S1234',2,'2018-11-02',NULL,59990,19,5),(20,'Mi Notebook Horizon',2,'2019-01-03',NULL,54999,20,1),(21,'Dell Inspiron 3452',2,'2016-02-04',NULL,34999,21,2),(22,'Asus Vivobook Ultra K14',2,'2017-03-05',NULL,42500,22,3),(23,'Acer One 14 Z2-485',2,'2018-04-06',NULL,25990,23,4),(24,'boat bassheads',2,'2019-05-07',NULL,749,24,5),(25,'boat rockerz 450 Bluetooth',2,'2016-06-08',NULL,1299,1,1),(26,'JBL T460BT',2,'2017-07-09',NULL,2799,2,2),(27,'Zebronics Zeb Thunder',2,'2018-08-10',NULL,1704.15,3,3),(28,'JBL C100SI',2,'2019-09-11',NULL,699,4,4),(29,'Ptron Boom',2,'2016-10-12',NULL,399,5,5),(30,'Sony MDR-Zx',2,'2017-11-13',NULL,649,6,1),(31,'JBL C115TWS',2,'2018-01-14',NULL,4748,7,2),(32,'Boult Audio Bass heads',2,'2019-02-15',NULL,599,8,3),(33,'Cosmic Byte Star Dust',2,'2016-03-16',NULL,799,9,4),(34,'pTron Tangent Beat',2,'2017-04-17',NULL,799,10,5),(35,'The Davinci Code',3,'2010-07-06',NULL,166,40,1),(36,'Angels and Demons',3,'2009-05-14',NULL,232,41,2),(37,'Deception Point',3,'2009-05-14',NULL,189,42,3),(38,'The Lost Symbol',3,'2009-09-15',NULL,216,43,4),(39,'Sacred Games',3,'2011-03-03',NULL,215,44,5),(40,'Harry Potter and the Philosphers stone',3,'2014-09-01',NULL,240,40,1),(41,'Harry Potter and the Chamber of Secrets',3,'2014-09-03',NULL,299,41,2),(42,'The Fountainhead',3,'1996-09-01',NULL,230,42,3),(43,'One Indian Girl',3,'2016-10-01',NULL,118,43,4),(44,'The Adventure of Sherlock Holmes',3,'2016-09-01',NULL,112,44,5),(45,'Arrow: Mens Regular fit solid shirt',1,'2020-10-01',NULL,4199,45,1),(46,'Louis Philippe: Mens Regular fit formal shirt',1,'2020-11-04',NULL,4269,46,2),(47,'Tommy Hilfiger: Mens Regular fit formal shirt',1,'2020-11-10',NULL,4499,47,3),(48,'Mens Bomber Jacket',1,'2020-12-10',NULL,1011,48,4),(49,'Mens Cotton Turtle Neck Sweater',1,'2018-09-11',NULL,782,49,5),(50,'Round Neck Sweater',1,'2018-07-12',NULL,639,45,1),(51,'Blended Sweater',1,'2017-05-13',NULL,899,46,2),(52,'Relaxed Jeans',1,'2019-07-20',NULL,1346.17,47,3),(53,'Slim Fit Denim Jeans',1,'2020-12-12',NULL,529,48,4),(54,'Cut and Sew Denim Jeans',1,'2020-12-13',NULL,856,49,5),(55,'The Intelligent Investor',3,'2021-02-01',NULL,112,44,5),(56,'The lean Startup',3,'2021-01-24',NULL,250,40,5),(57,'The Kite Runner',3,'2021-01-28',NULL,300,39,5),(58,'The Mechanic',3,'2021-01-20',NULL,400,39,5);
/*!40000 ALTER TABLE `Products` ENABLE KEYS */;
UNLOCK TABLES;

--
-- Table structure for table `Retailer`
--

DROP TABLE IF EXISTS `Retailer`;
/*!40101 SET @saved_cs_client     = @@character_set_client */;
/*!40101 SET character_set_client = utf8 */;
CREATE TABLE `Retailer` (
  `retailer_ID` int(11) NOT NULL,
  `retailer_Name` varchar(50) DEFAULT NULL,
  `email` varchar(50) DEFAULT NULL,
  `City` varchar(50) DEFAULT NULL,
  `State` varchar(50) DEFAULT NULL,
  `Country` varchar(50) DEFAULT NULL,
  PRIMARY KEY (`retailer_ID`),
  KEY `Country` (`Country`),
  KEY `State` (`State`),
  KEY `City` (`City`),
  CONSTRAINT `Retailer_ibfk_1` FOREIGN KEY (`Country`) REFERENCES `Country` (`country_name`) ON DELETE SET NULL,
  CONSTRAINT `Retailer_ibfk_2` FOREIGN KEY (`State`) REFERENCES `State` (`state_name`) ON DELETE SET NULL,
  CONSTRAINT `Retailer_ibfk_3` FOREIGN KEY (`City`) REFERENCES `City` (`city_name`) ON DELETE SET NULL
) ENGINE=InnoDB DEFAULT CHARSET=latin1;
/*!40101 SET character_set_client = @saved_cs_client */;

--
-- Dumping data for table `Retailer`
--

LOCK TABLES `Retailer` WRITE;
/*!40000 ALTER TABLE `Retailer` DISABLE KEYS */;
INSERT INTO `Retailer` VALUES (1,'Nicolle','Nicolle@gmail.com','Ahmedabad','Gujarat','India'),(2,'Nigel','Nigel@gmail.com','Ahmedabad','Gujarat','India'),(3,'Nikhil','Nikhil@gmail.com','Ahmedabad','Gujarat','India'),(4,'Niki','Niki@gmail.com','Ahmedabad','Gujarat','India'),(5,'Nikia','Nikia@gmail.com','Ahmedabad','Gujarat','India'),(6,'Nikita','Nikita@gmail.com','Ahmedabad','Gujarat','India'),(7,'Nikki','Nikki@gmail.com','Ahmedabad','Gujarat','India'),(8,'Nikko','Nikko@gmail.com','Ahmedabad','Gujarat','India'),(9,'Niko','Niko@gmail.com','Ahmedabad','Gujarat','India'),(10,'Nikolai','Nikolai@gmail.com','Ahmedabad','Gujarat','India'),(11,'Nikolas','Nikolas@gmail.com','Ahmedabad','Gujarat','India'),(12,'Nikole','Nikole@gmail.com','Ahmedabad','Gujarat','India'),(13,'Nila','Nila@gmail.com','Ahmedabad','Gujarat','India'),(14,'Nilda','Nilda@gmail.com','Ahmedabad','Gujarat','India'),(15,'Nile','Nile@gmail.com','Ahmedabad','Gujarat','India'),(16,'Niles','Niles@gmail.com','Ahmedabad','Gujarat','India'),(17,'Nils','Nils@gmail.com','Ahmedabad','Gujarat','India'),(18,'Nim','Nim@gmail.com','Ahmedabad','Gujarat','India'),(19,'Nina','Nina@gmail.com','Ahmedabad','Gujarat','India'),(20,'Ninnie','Ninnie@gmail.com','Ahmedabad','Gujarat','India'),(21,'Nira','Nira@gmail.com','Ahmedabad','Gujarat','India'),(22,'Nita','Nita@gmail.com','Ahmedabad','Gujarat','India'),(23,'Noah','Noah@gmail.com','Ahmedabad','Gujarat','India'),(24,'Nobie','Nobie@gmail.com','Ahmedabad','Gujarat','India'),(25,'Noble','Noble@gmail.com','Ahmedabad','Gujarat','India'),(26,'Noe','Noe@gmail.com','Ahmedabad','Gujarat','India'),(27,'Noel','Noel@gmail.com','Ahmedabad','Gujarat','India'),(28,'Noelia','Noelia@gmail.com','Ahmedabad','Gujarat','India'),(29,'Noelle','Noelle@gmail.com','Ahmedabad','Gujarat','India'),(30,'Noemi','Noemi@gmail.com','Ahmedabad','Gujarat','India'),(31,'Noemie','Noemie@gmail.com','Ahmedabad','Gujarat','India'),(32,'Nohely','Nohely@gmail.com','Ahmedabad','Gujarat','India'),(33,'Nola','Nola@gmail.com','Ahmedabad','Gujarat','India'),(34,'Nolan','Nolan@gmail.com','Ahmedabad','Gujarat','India'),(35,'Nolen','Nolen@gmail.com','Ahmedabad','Gujarat','India'),(36,'Nolia','Nolia@gmail.com','Ahmedabad','Gujarat','India'),(37,'Nolie','Nolie@gmail.com','Ahmedabad','Gujarat','India'),(38,'Noma','Noma@gmail.com','Ahmedabad','Gujarat','India'),(39,'Nona','Nona@gmail.com','Ahmedabad','Gujarat','India'),(40,'Nonie','Nonie@gmail.com','Ahmedabad','Gujarat','India'),(41,'Nora','Nora@gmail.com','Ahmedabad','Gujarat','India'),(42,'Norah','Norah@gmail.com','Ahmedabad','Gujarat','India'),(43,'Norbert','Norbert@gmail.com','Ahmedabad','Gujarat','India'),(44,'Norberto','Norberto@gmail.com','Ahmedabad','Gujarat','India'),(45,'Noreen','Noreen@gmail.com','Ahmedabad','Gujarat','India'),(46,'Norene','Norene@gmail.com','Ahmedabad','Gujarat','India'),(47,'Noreta','Noreta@gmail.com','Ahmedabad','Gujarat','India'),(48,'Noretta','Noretta@gmail.com','Ahmedabad','Gujarat','India'),(49,'Norine','Norine@gmail.com','Ahmedabad','Gujarat','India'),(50,'Norita','Norita@gmail.com','Ahmedabad','Gujarat','India'),(51,'Norma','Norma@gmail.com','Gandhinagar','Gujarat','India'),(52,'Norman','Norman@gmail.com','Gandhinagar','Gujarat','India'),(53,'Normand','Normand@gmail.com','Gandhinagar','Gujarat','India'),(54,'Norris','Norris@gmail.com','Gandhinagar','Gujarat','India'),(55,'North','North@gmail.com','Gandhinagar','Gujarat','India'),(56,'Norton','Norton@gmail.com','Gandhinagar','Gujarat','India'),(57,'Norval','Norval@gmail.com','Gandhinagar','Gujarat','India'),(58,'Norwood','Norwood@gmail.com','Gandhinagar','Gujarat','India'),(59,'Nova','Nova@gmail.com','Gandhinagar','Gujarat','India'),(60,'Novella','Novella@gmail.com','Gandhinagar','Gujarat','India'),(61,'Nunzio','Nunzio@gmail.com','Gandhinagar','Gujarat','India'),(62,'Nya','Nya@gmail.com','Gandhinagar','Gujarat','India'),(63,'Nyah','Nyah@gmail.com','Gandhinagar','Gujarat','India'),(64,'Nyasia','Nyasia@gmail.com','Gandhinagar','Gujarat','India'),(65,'Nyla','Nyla@gmail.com','Gandhinagar','Gujarat','India'),(66,'Nylah','Nylah@gmail.com','Gandhinagar','Gujarat','India'),(67,'Nyree','Nyree@gmail.com','Gandhinagar','Gujarat','India'),(68,'Oakley','Oakley@gmail.com','Gandhinagar','Gujarat','India'),(69,'Obe','Obe@gmail.com','Gandhinagar','Gujarat','India'),(70,'Obed','Obed@gmail.com','Gandhinagar','Gujarat','India'),(71,'Obie','Obie@gmail.com','Gandhinagar','Gujarat','India'),(72,'Ocie','Ocie@gmail.com','Gandhinagar','Gujarat','India'),(73,'Octa','Octa@gmail.com','Gandhinagar','Gujarat','India'),(74,'Octave','Octave@gmail.com','Gandhinagar','Gujarat','India'),(75,'Octavia','Octavia@gmail.com','Gandhinagar','Gujarat','India'),(76,'Octavie','Octavie@gmail.com','Gandhinagar','Gujarat','India'),(77,'Octavio','Octavio@gmail.com','Gandhinagar','Gujarat','India'),(78,'Octavius','Octavius@gmail.com','Gandhinagar','Gujarat','India'),(79,'Oda','Oda@gmail.com','Gandhinagar','Gujarat','India'),(80,'Odalis','Odalis@gmail.com','Gandhinagar','Gujarat','India'),(81,'Odalys','Odalys@gmail.com','Gandhinagar','Gujarat','India'),(82,'Oddie','Oddie@gmail.com','Gandhinagar','Gujarat','India'),(83,'Odelia','Odelia@gmail.com','Gandhinagar','Gujarat','India'),(84,'Odell','Odell@gmail.com','Gandhinagar','Gujarat','India'),(85,'Odessa','Odessa@gmail.com','Gandhinagar','Gujarat','India'),(86,'Odette','Odette@gmail.com','Gandhinagar','Gujarat','India'),(87,'Odie','Odie@gmail.com','Gandhinagar','Gujarat','India'),(88,'Odile','Odile@gmail.com','Gandhinagar','Gujarat','India'),(89,'Odin','Odin@gmail.com','Gandhinagar','Gujarat','India'),(90,'Odis','Odis@gmail.com','Gandhinagar','Gujarat','India'),(91,'Odus','Odus@gmail.com','Gandhinagar','Gujarat','India'),(92,'Ofelia','Ofelia@gmail.com','Gandhinagar','Gujarat','India'),(93,'Offie','Offie@gmail.com','Gandhinagar','Gujarat','India'),(94,'Ogden','Ogden@gmail.com','Gandhinagar','Gujarat','India'),(95,'Okey','Okey@gmail.com','Gandhinagar','Gujarat','India'),(96,'Ola','Ola@gmail.com','Gandhinagar','Gujarat','India'),(97,'Olaf','Olaf@gmail.com','Gandhinagar','Gujarat','India'),(98,'Olan','Olan@gmail.com','Gandhinagar','Gujarat','India'),(99,'Oland','Oland@gmail.com','Gandhinagar','Gujarat','India'),(100,'Olar','Olar@gmail.com','Gandhinagar','Gujarat','India'),(101,'Ole','Ole@gmail.com','Mumbai','Maharashtra','India'),(102,'Olen','Olen@gmail.com','Mumbai','Maharashtra','India'),(103,'Olena','Olena@gmail.com','Mumbai','Maharashtra','India'),(104,'Olene','Olene@gmail.com','Mumbai','Maharashtra','India'),(105,'Oleta','Oleta@gmail.com','Mumbai','Maharashtra','India'),(106,'Olevia','Olevia@gmail.com','Mumbai','Maharashtra','India'),(107,'Oley','Oley@gmail.com','Mumbai','Maharashtra','India'),(108,'Olga','Olga@gmail.com','Mumbai','Maharashtra','India'),(109,'Olie','Olie@gmail.com','Mumbai','Maharashtra','India'),(110,'Olin','Olin@gmail.com','Mumbai','Maharashtra','India'),(111,'Olinda','Olinda@gmail.com','Mumbai','Maharashtra','India'),(112,'Oline','Oline@gmail.com','Mumbai','Maharashtra','India'),(113,'Oliva','Oliva@gmail.com','Mumbai','Maharashtra','India'),(114,'Olive','Olive@gmail.com','Mumbai','Maharashtra','India'),(115,'Oliver','Oliver@gmail.com','Mumbai','Maharashtra','India'),(116,'Olivia','Olivia@gmail.com','Mumbai','Maharashtra','India'),(117,'Olivine','Olivine@gmail.com','Mumbai','Maharashtra','India'),(118,'Ollie','Ollie@gmail.com','Mumbai','Maharashtra','India'),(119,'Olof','Olof@gmail.com','Mumbai','Maharashtra','India'),(120,'Olympia','Olympia@gmail.com','Mumbai','Maharashtra','India'),(121,'Oma','Oma@gmail.com','Mumbai','Maharashtra','India'),(122,'Omar','Omar@gmail.com','Mumbai','Maharashtra','India'),(123,'Omari','Omari@gmail.com','Mumbai','Maharashtra','India'),(124,'Omarion','Omarion@gmail.com','Mumbai','Maharashtra','India'),(125,'Omer','Omer@gmail.com','Mumbai','Maharashtra','India'),(126,'Omie','Omie@gmail.com','Mumbai','Maharashtra','India'),(127,'Ona','Ona@gmail.com','Mumbai','Maharashtra','India'),(128,'Oneal','Oneal@gmail.com','Mumbai','Maharashtra','India'),(129,'Oneida','Oneida@gmail.com','Mumbai','Maharashtra','India'),(130,'Oneta','Oneta@gmail.com','Mumbai','Maharashtra','India'),(131,'Oney','Oney@gmail.com','Mumbai','Maharashtra','India'),(132,'Onie','Onie@gmail.com','Mumbai','Maharashtra','India'),(133,'Onnie','Onnie@gmail.com','Mumbai','Maharashtra','India'),(134,'Opal','Opal@gmail.com','Mumbai','Maharashtra','India'),(135,'Opha','Opha@gmail.com','Mumbai','Maharashtra','India'),(136,'Ophelia','Ophelia@gmail.com','Mumbai','Maharashtra','India'),(137,'Ora','Ora@gmail.com','Mumbai','Maharashtra','India'),(138,'Orah','Orah@gmail.com','Mumbai','Maharashtra','India'),(139,'Oral','Oral@gmail.com','Mumbai','Maharashtra','India'),(140,'Oralia','Oralia@gmail.com','Mumbai','Maharashtra','India'),(141,'Oran','Oran@gmail.com','Mumbai','Maharashtra','India'),(142,'Orange','Orange@gmail.com','Mumbai','Maharashtra','India'),(143,'Orelia','Orelia@gmail.com','Mumbai','Maharashtra','India'),(144,'Oren','Oren@gmail.com','Mumbai','Maharashtra','India'),(145,'Orene','Orene@gmail.com','Mumbai','Maharashtra','India'),(146,'Orie','Orie@gmail.com','Mumbai','Maharashtra','India'),(147,'Orilla','Orilla@gmail.com','Mumbai','Maharashtra','India'),(148,'Orin','Orin@gmail.com','Mumbai','Maharashtra','India'),(149,'Orion','Orion@gmail.com','Mumbai','Maharashtra','India'),(150,'Oris','Oris@gmail.com','Mumbai','Maharashtra','India'),(151,'Orla','Orla@gmail.com','Chennai','Tamil Nadu','India'),(152,'Orland','Orland@gmail.com','Chennai','Tamil Nadu','India'),(153,'Orlando','Orlando@gmail.com','Chennai','Tamil Nadu','India'),(154,'Orlena','Orlena@gmail.com','Chennai','Tamil Nadu','India'),(155,'Orley','Orley@gmail.com','Chennai','Tamil Nadu','India'),(156,'Orlin','Orlin@gmail.com','Chennai','Tamil Nadu','India'),(157,'Orlo','Orlo@gmail.com','Chennai','Tamil Nadu','India'),(158,'Orma','Orma@gmail.com','Chennai','Tamil Nadu','India'),(159,'Orpha','Orpha@gmail.com','Chennai','Tamil Nadu','India'),(160,'Orra','Orra@gmail.com','Chennai','Tamil Nadu','India'),(161,'Orren','Orren@gmail.com','Chennai','Tamil Nadu','India'),(162,'Orrie','Orrie@gmail.com','Chennai','Tamil Nadu','India'),(163,'Orrin','Orrin@gmail.com','Chennai','Tamil Nadu','India'),(164,'Orris','Orris@gmail.com','Chennai','Tamil Nadu','India'),(165,'Orson','Orson@gmail.com','Chennai','Tamil Nadu','India'),(166,'Orval','Orval@gmail.com','Chennai','Tamil Nadu','India'),(167,'Orvel','Orvel@gmail.com','Chennai','Tamil Nadu','India'),(168,'Orvil','Orvil@gmail.com','Chennai','Tamil Nadu','India'),(169,'Orville','Orville@gmail.com','Chennai','Tamil Nadu','India'),(170,'Orvin','Orvin@gmail.com','Chennai','Tamil Nadu','India'),(171,'Orvis','Orvis@gmail.com','Chennai','Tamil Nadu','India'),(172,'Osa','Osa@gmail.com','Chennai','Tamil Nadu','India'),(173,'Osbaldo','Osbaldo@gmail.com','Chennai','Tamil Nadu','India'),(174,'Osborn','Osborn@gmail.com','Chennai','Tamil Nadu','India'),(175,'Osborne','Osborne@gmail.com','Chennai','Tamil Nadu','India'),(176,'Oscar','Oscar@gmail.com','Chennai','Tamil Nadu','India'),(177,'Osie','Osie@gmail.com','Chennai','Tamil Nadu','India'),(178,'Ossie','Ossie@gmail.com','Chennai','Tamil Nadu','India'),(179,'Osvaldo','Osvaldo@gmail.com','Chennai','Tamil Nadu','India'),(180,'Oswald','Oswald@gmail.com','Chennai','Tamil Nadu','India'),(181,'Oswaldo','Oswaldo@gmail.com','Chennai','Tamil Nadu','India'),(182,'Ota','Ota@gmail.com','Chennai','Tamil Nadu','India'),(183,'Otelia','Otelia@gmail.com','Chennai','Tamil Nadu','India'),(184,'Otha','Otha@gmail.com','Chennai','Tamil Nadu','India'),(185,'Othel','Othel@gmail.com','Chennai','Tamil Nadu','India'),(186,'Otho','Otho@gmail.com','Chennai','Tamil Nadu','India'),(187,'Otis','Otis@gmail.com','Chennai','Tamil Nadu','India'),(188,'Ott','Ott@gmail.com','Chennai','Tamil Nadu','India'),(189,'Ottie','Ottie@gmail.com','Chennai','Tamil Nadu','India'),(190,'Ottilia','Ottilia@gmail.com','Chennai','Tamil Nadu','India'),(191,'Ottilie','Ottilie@gmail.com','Chennai','Tamil Nadu','India'),(192,'Ottis','Ottis@gmail.com','Chennai','Tamil Nadu','India'),(193,'Otto','Otto@gmail.com','Chennai','Tamil Nadu','India'),(194,'Ouida','Ouida@gmail.com','Chennai','Tamil Nadu','India'),(195,'Ova','Ova@gmail.com','Chennai','Tamil Nadu','India'),(196,'Ovid','Ovid@gmail.com','Chennai','Tamil Nadu','India'),(197,'Ovila','Ovila@gmail.com','Chennai','Tamil Nadu','India'),(198,'Owen','Owen@gmail.com','Chennai','Tamil Nadu','India'),(199,'Owens','Owens@gmail.com','Chennai','Tamil Nadu','India'),(200,'Ozell','Ozell@gmail.com','Chennai','Tamil Nadu','India'),(201,'Ozella','Ozella@gmail.com','Kochi','Kerala','India'),(202,'Ozie','Ozie@gmail.com','Kochi','Kerala','India'),(203,'Ozzie','Ozzie@gmail.com','Kochi','Kerala','India'),(204,'Pablo','Pablo@gmail.com','Kochi','Kerala','India'),(205,'Page','Page@gmail.com','Kochi','Kerala','India'),(206,'Paige','Paige@gmail.com','Kochi','Kerala','India'),(207,'Pairlee','Pairlee@gmail.com','Kochi','Kerala','India'),(208,'Paisley','Paisley@gmail.com','Kochi','Kerala','India'),(209,'Paityn','Paityn@gmail.com','Kochi','Kerala','India'),(210,'Pallie','Pallie@gmail.com','Kochi','Kerala','India'),(211,'Palma','Palma@gmail.com','Kochi','Kerala','India'),(212,'Palmer','Palmer@gmail.com','Kochi','Kerala','India'),(213,'Paloma','Paloma@gmail.com','Kochi','Kerala','India'),(214,'Pam','Pam@gmail.com','Kochi','Kerala','India'),(215,'Pamala','Pamala@gmail.com','Kochi','Kerala','India'),(216,'Pamela','Pamela@gmail.com','Kochi','Kerala','India'),(217,'Pamelia','Pamelia@gmail.com','Kochi','Kerala','India'),(218,'Pamella','Pamella@gmail.com','Kochi','Kerala','India'),(219,'Pandora','Pandora@gmail.com','Kochi','Kerala','India'),(220,'Pansy','Pansy@gmail.com','Kochi','Kerala','India'),(221,'Paola','Paola@gmail.com','Kochi','Kerala','India'),(222,'Paralee','Paralee@gmail.com','Kochi','Kerala','India'),(223,'Paris','Paris@gmail.com','Kochi','Kerala','India'),(224,'Park','Park@gmail.com','Kochi','Kerala','India'),(225,'Parker','Parker@gmail.com','Kochi','Kerala','India'),(226,'Parlee','Parlee@gmail.com','Kochi','Kerala','India'),(227,'Parley','Parley@gmail.com','Kochi','Kerala','India'),(228,'Parrish','Parrish@gmail.com','Kochi','Kerala','India'),(229,'Parthenia','Parthenia@gmail.com','Kochi','Kerala','India'),(230,'Pascal','Pascal@gmail.com','Kochi','Kerala','India'),(231,'Pasquale','Pasquale@gmail.com','Kochi','Kerala','India'),(232,'Pat','Pat@gmail.com','Kochi','Kerala','India'),(233,'Pate','Pate@gmail.com','Kochi','Kerala','India'),(234,'Patience','Patience@gmail.com','Kochi','Kerala','India'),(235,'Patric','Patric@gmail.com','Kochi','Kerala','India'),(236,'Patrica','Patrica@gmail.com','Kochi','Kerala','India'),(237,'Patrice','Patrice@gmail.com','Kochi','Kerala','India'),(238,'Patricia','Patricia@gmail.com','Kochi','Kerala','India'),(239,'Patrick','Patrick@gmail.com','Kochi','Kerala','India'),(240,'Patsy','Patsy@gmail.com','Kochi','Kerala','India'),(241,'Patti','Patti@gmail.com','Kochi','Kerala','India'),(242,'Pattie','Pattie@gmail.com','Kochi','Kerala','India'),(243,'Patty','Patty@gmail.com','Kochi','Kerala','India'),(244,'Paul','Paul@gmail.com','Kochi','Kerala','India'),(245,'Paula','Paula@gmail.com','Kochi','Kerala','India'),(246,'Pauletta','Pauletta@gmail.com','Kochi','Kerala','India'),(247,'Paulette','Paulette@gmail.com','Kochi','Kerala','India'),(248,'Paulina','Paulina@gmail.com','Kochi','Kerala','India'),(249,'Pauline','Pauline@gmail.com','Kochi','Kerala','India'),(250,'Paulo','Paulo@gmail.com','Kochi','Kerala','India'),(251,'Paxton','Paxton@gmail.com','Hyderabad','Telangana','India'),(252,'Payten','Payten@gmail.com','Hyderabad','Telangana','India'),(253,'Payton','Payton@gmail.com','Hyderabad','Telangana','India'),(254,'Pearl','Pearl@gmail.com','Hyderabad','Telangana','India'),(255,'Pearla','Pearla@gmail.com','Hyderabad','Telangana','India'),(256,'Pearle','Pearle@gmail.com','Hyderabad','Telangana','India'),(257,'Pearlene','Pearlene@gmail.com','Hyderabad','Telangana','India'),(258,'Pearley','Pearley@gmail.com','Hyderabad','Telangana','India'),(259,'Pearlie','Pearlie@gmail.com','Hyderabad','Telangana','India'),(260,'Pearline','Pearline@gmail.com','Hyderabad','Telangana','India'),(261,'Pearly','Pearly@gmail.com','Hyderabad','Telangana','India'),(262,'Pedro','Pedro@gmail.com','Hyderabad','Telangana','India'),(263,'Peggie','Peggie@gmail.com','Hyderabad','Telangana','India'),(264,'Peggy','Peggy@gmail.com','Hyderabad','Telangana','India'),(265,'Penelope','Penelope@gmail.com','Hyderabad','Telangana','India'),(266,'Penni','Penni@gmail.com','Hyderabad','Telangana','India'),(267,'Pennie','Pennie@gmail.com','Hyderabad','Telangana','India'),(268,'Penny','Penny@gmail.com','Hyderabad','Telangana','India'),(269,'Pepper','Pepper@gmail.com','Hyderabad','Telangana','India'),(270,'Percival','Percival@gmail.com','Hyderabad','Telangana','India'),(271,'Percy','Percy@gmail.com','Hyderabad','Telangana','India'),(272,'Perla','Perla@gmail.com','Hyderabad','Telangana','India'),(273,'Perley','Perley@gmail.com','Hyderabad','Telangana','India'),(274,'Permelia','Permelia@gmail.com','Hyderabad','Telangana','India'),(275,'Pernell','Pernell@gmail.com','Hyderabad','Telangana','India'),(276,'Perri','Perri@gmail.com','Hyderabad','Telangana','India'),(277,'Perry','Perry@gmail.com','Hyderabad','Telangana','India'),(278,'Pershing','Pershing@gmail.com','Hyderabad','Telangana','India'),(279,'Pete','Pete@gmail.com','Hyderabad','Telangana','India'),(280,'Peter','Peter@gmail.com','Hyderabad','Telangana','India'),(281,'Petra','Petra@gmail.com','Hyderabad','Telangana','India'),(282,'Peyton','Peyton@gmail.com','Hyderabad','Telangana','India'),(283,'Phebe','Phebe@gmail.com','Hyderabad','Telangana','India'),(284,'Pheobe','Pheobe@gmail.com','Hyderabad','Telangana','India'),(285,'Phil','Phil@gmail.com','Hyderabad','Telangana','India'),(286,'Philip','Philip@gmail.com','Hyderabad','Telangana','India'),(287,'Phillip','Phillip@gmail.com','Hyderabad','Telangana','India'),(288,'Phillis','Phillis@gmail.com','Hyderabad','Telangana','India'),(289,'Philo','Philo@gmail.com','Hyderabad','Telangana','India'),(290,'Philomena','Philomena@gmail.com','Hyderabad','Telangana','India'),(291,'Philomene','Philomene@gmail.com','Hyderabad','Telangana','India'),(292,'Phoebe','Phoebe@gmail.com','Hyderabad','Telangana','India'),(293,'Phoenix','Phoenix@gmail.com','Hyderabad','Telangana','India'),(294,'Phylicia','Phylicia@gmail.com','Hyderabad','Telangana','India'),(295,'Phylis','Phylis@gmail.com','Hyderabad','Telangana','India'),(296,'Phyliss','Phyliss@gmail.com','Hyderabad','Telangana','India'),(297,'Phyllis','Phyllis@gmail.com','Hyderabad','Telangana','India'),(298,'Pierce','Pierce@gmail.com','Hyderabad','Telangana','India'),(299,'Pierre','Pierre@gmail.com','Hyderabad','Telangana','India'),(300,'Pink','Pink@gmail.com','Hyderabad','Telangana','India'),(301,'Pinkey','Pinkey@gmail.com','Delhi','Delhi','India'),(302,'Pinkie','Pinkie@gmail.com','Delhi','Delhi','India'),(303,'Pinkney','Pinkney@gmail.com','Delhi','Delhi','India'),(304,'Piper','Piper@gmail.com','Delhi','Delhi','India'),(305,'Pleas','Pleas@gmail.com','Delhi','Delhi','India'),(306,'Pleasant','Pleasant@gmail.com','Delhi','Delhi','India'),(307,'Ples','Ples@gmail.com','Delhi','Delhi','India'),(308,'Pluma','Pluma@gmail.com','Delhi','Delhi','India'),(309,'Plummer','Plummer@gmail.com','Delhi','Delhi','India'),(310,'Polk','Polk@gmail.com','Delhi','Delhi','India'),(311,'Pollie','Pollie@gmail.com','Delhi','Delhi','India'),(312,'Polly','Polly@gmail.com','Delhi','Delhi','India'),(313,'Porfirio','Porfirio@gmail.com','Delhi','Delhi','India'),(314,'Porsche','Porsche@gmail.com','Delhi','Delhi','India'),(315,'Porsha','Porsha@gmail.com','Delhi','Delhi','India'),(316,'Porter','Porter@gmail.com','Delhi','Delhi','India'),(317,'Portia','Portia@gmail.com','Delhi','Delhi','India'),(318,'Posey','Posey@gmail.com','Delhi','Delhi','India'),(319,'Powell','Powell@gmail.com','Delhi','Delhi','India'),(320,'Pranav','Pranav@gmail.com','Delhi','Delhi','India'),(321,'Pratt','Pratt@gmail.com','Delhi','Delhi','India'),(322,'Precious','Precious@gmail.com','Delhi','Delhi','India'),(323,'Prentice','Prentice@gmail.com','Delhi','Delhi','India'),(324,'Prentiss','Prentiss@gmail.com','Delhi','Delhi','India'),(325,'Presley','Presley@gmail.com','Delhi','Delhi','India'),(326,'Press','Press@gmail.com','Delhi','Delhi','India'),(327,'Preston','Preston@gmail.com','Delhi','Delhi','India'),(328,'Price','Price@gmail.com','Delhi','Delhi','India'),(329,'Pricilla','Pricilla@gmail.com','Delhi','Delhi','India'),(330,'Primus','Primus@gmail.com','Delhi','Delhi','India'),(331,'Prince','Prince@gmail.com','Delhi','Delhi','India'),(332,'Princess','Princess@gmail.com','Delhi','Delhi','India'),(333,'Priscila','Priscila@gmail.com','Delhi','Delhi','India'),(334,'Priscilla','Priscilla@gmail.com','Delhi','Delhi','India'),(335,'Prosper','Prosper@gmail.com','Delhi','Delhi','India'),(336,'Prudence','Prudence@gmail.com','Delhi','Delhi','India'),(337,'Prudie','Prudie@gmail.com','Delhi','Delhi','India'),(338,'Pryor','Pryor@gmail.com','Delhi','Delhi','India'),(339,'Purl','Purl@gmail.com','Delhi','Delhi','India'),(340,'Qiana','Qiana@gmail.com','Delhi','Delhi','India'),(341,'Queen','Queen@gmail.com','Delhi','Delhi','India'),(342,'Queenie','Queenie@gmail.com','Delhi','Delhi','India'),(343,'Quentin','Quentin@gmail.com','Delhi','Delhi','India'),(344,'Quiana','Quiana@gmail.com','Delhi','Delhi','India'),(345,'Quincy','Quincy@gmail.com','Delhi','Delhi','India'),(346,'Quinn','Quinn@gmail.com','Delhi','Delhi','India'),(347,'Quint','Quint@gmail.com','Delhi','Delhi','India'),(348,'Quinten','Quinten@gmail.com','Delhi','Delhi','India'),(349,'Quintin','Quintin@gmail.com','Delhi','Delhi','India'),(350,'Quinton','Quinton@gmail.com','Delhi','Delhi','India'),(351,'Rachael','Rachael@gmail.com','Kolkata','West Bengal','India'),(352,'Racheal','Racheal@gmail.com','Kolkata','West Bengal','India'),(353,'Rachel','Rachel@gmail.com','Kolkata','West Bengal','India'),(354,'Rachelle','Rachelle@gmail.com','Kolkata','West Bengal','India'),(355,'Racquel','Racquel@gmail.com','Kolkata','West Bengal','India'),(356,'Rae','Rae@gmail.com','Kolkata','West Bengal','India'),(357,'Raegan','Raegan@gmail.com','Kolkata','West Bengal','India'),(358,'Raekwon','Raekwon@gmail.com','Kolkata','West Bengal','India'),(359,'Raelynn','Raelynn@gmail.com','Kolkata','West Bengal','India'),(360,'Rafael','Rafael@gmail.com','Kolkata','West Bengal','India'),(361,'Rafaela','Rafaela@gmail.com','Kolkata','West Bengal','India'),(362,'Rafe','Rafe@gmail.com','Kolkata','West Bengal','India'),(363,'Ragna','Ragna@gmail.com','Kolkata','West Bengal','India'),(364,'Raheem','Raheem@gmail.com','Kolkata','West Bengal','India'),(365,'Rahn','Rahn@gmail.com','Kolkata','West Bengal','India'),(366,'Rahsaan','Rahsaan@gmail.com','Kolkata','West Bengal','India');
/*!40000 ALTER TABLE `Retailer` ENABLE KEYS */;
UNLOCK TABLES;

--
-- Table structure for table `State`
--

DROP TABLE IF EXISTS `State`;
/*!40101 SET @saved_cs_client     = @@character_set_client */;
/*!40101 SET character_set_client = utf8 */;
CREATE TABLE `State` (
  `state_name` varchar(50) NOT NULL,
  PRIMARY KEY (`state_name`)
) ENGINE=InnoDB DEFAULT CHARSET=latin1;
/*!40101 SET character_set_client = @saved_cs_client */;

--
-- Dumping data for table `State`
--

LOCK TABLES `State` WRITE;
/*!40000 ALTER TABLE `State` DISABLE KEYS */;
INSERT INTO `State` VALUES ('Delhi'),('Gujarat'),('Kerala'),('Madrid'),('Maharashtra'),('Tamil Nadu'),('Telangana'),('West Bengal');
/*!40000 ALTER TABLE `State` ENABLE KEYS */;
UNLOCK TABLES;

--
-- Table structure for table `Users`
--

DROP TABLE IF EXISTS `Users`;
/*!40101 SET @saved_cs_client     = @@character_set_client */;
/*!40101 SET character_set_client = utf8 */;
CREATE TABLE `Users` (
  `user_ID` int(11) NOT NULL,
  `user_Name` varchar(50) DEFAULT NULL,
  `email` varchar(50) DEFAULT NULL,
  `password` varchar(50) DEFAULT NULL,
  `city` varchar(50) DEFAULT NULL,
  `state` varchar(50) DEFAULT NULL,
  `country` varchar(50) DEFAULT NULL,
  `phone` varchar(50) DEFAULT NULL,
  `date_created` date DEFAULT NULL,
  `time_created` time DEFAULT NULL,
  PRIMARY KEY (`user_ID`),
  KEY `country` (`country`),
  KEY `state` (`state`),
  KEY `city` (`city`),
  CONSTRAINT `Users_ibfk_1` FOREIGN KEY (`country`) REFERENCES `Country` (`country_name`),
  CONSTRAINT `Users_ibfk_2` FOREIGN KEY (`state`) REFERENCES `State` (`state_name`),
  CONSTRAINT `Users_ibfk_3` FOREIGN KEY (`city`) REFERENCES `City` (`city_name`)
) ENGINE=InnoDB DEFAULT CHARSET=latin1;
/*!40101 SET character_set_client = @saved_cs_client */;

--
-- Dumping data for table `Users`
--

LOCK TABLES `Users` WRITE;
/*!40000 ALTER TABLE `Users` DISABLE KEYS */;
INSERT INTO `Users` VALUES (1,'Aaliyah','Aaliyah@gmail.com','password1','Ahmedabad','Gujarat','India','8911157054','2020-01-01','01:30:00'),(2,'Aarav','Aarav@gmail.com','password2','Ahmedabad','Gujarat','India','8855929238','2020-03-03','02:30:00'),(3,'Aaron','Aaron@gmail.com','password3','Ahmedabad','Gujarat','India','3390336017','2020-05-05','03:30:00'),(5,'Abagail','Abagail@gmail.com','password5','Ahmedabad','Gujarat','India','6493599305','2020-09-09','05:30:00'),(6,'Abb','Abb@gmail.com','password6','Ahmedabad','Gujarat','India','9337801738','2020-11-11','06:30:00'),(7,'Abbey','Abbey@gmail.com','password7','Ahmedabad','Gujarat','India','5351011151','2020-02-13','07:30:00'),(8,'Abbie','Abbie@gmail.com','password8','Ahmedabad','Gujarat','India','3987614712','2020-04-15','08:30:00'),(9,'Abbigail','Abbigail@gmail.com','password9','Ahmedabad','Gujarat','India','1701390575','2020-06-17','09:30:00'),(10,'Abbott','Abbott@gmail.com','password10','Ahmedabad','Gujarat','India','1811152358','2020-08-19','10:30:00'),(11,'Abby','Abby@gmail.com','password11','Ahmedabad','Gujarat','India','2915956058','2020-10-21','11:30:00'),(12,'Abdiel','Abdiel@gmail.com','password12','Ahmedabad','Gujarat','India','1991496793','2020-01-23','12:30:00'),(13,'Abdul','Abdul@gmail.com','password13','Ahmedabad','Gujarat','India','7432113383','2020-03-25','13:30:00'),(14,'Abdullah','Abdullah@gmail.com','password14','Ahmedabad','Gujarat','India','9960552227','2020-05-27','14:30:00'),(15,'Abe','Abe@gmail.com','password15','Ahmedabad','Gujarat','India','6951754257','2020-07-01','15:30:00'),(16,'Abel','Abel@gmail.com','password16','Ahmedabad','Gujarat','India','9869387649','2020-09-03','16:30:00'),(17,'Abelardo','Abelardo@gmail.com','password17','Ahmedabad','Gujarat','India','9191579125','2020-11-05','17:30:00'),(18,'Abie','Abie@gmail.com','password18','Ahmedabad','Gujarat','India','7523266480','2020-02-07','18:30:00'),(19,'Abigail','Abigail@gmail.com','password19','Ahmedabad','Gujarat','India','2617570668','2020-04-09','19:30:00'),(20,'Abigale','Abigale@gmail.com','password20','Ahmedabad','Gujarat','India','2816479673','2020-06-11','20:30:00'),(21,'Abigayle','Abigayle@gmail.com','password21','Ahmedabad','Gujarat','India','2849626769','2020-08-13','21:30:00'),(22,'Abner','Abner@gmail.com','password22','Ahmedabad','Gujarat','India','1603080649','2020-10-15','22:30:00'),(23,'Abraham','Abraham@gmail.com','password23','Ahmedabad','Gujarat','India','5409457234','2020-01-17','23:30:00'),(24,'Abram','Abram@gmail.com','password24','Ahmedabad','Gujarat','India','9981042938','2020-03-19','00:30:00'),(25,'Abril','Abril@gmail.com','password25','Ahmedabad','Gujarat','India','6762572329','2020-05-21','01:30:00'),(26,'Ace','Ace@gmail.com','password26','Ahmedabad','Gujarat','India','1054833835','2020-07-23','02:30:00'),(27,'Acey','Acey@gmail.com','password27','Ahmedabad','Gujarat','India','6149553804','2020-09-25','03:30:00'),(28,'Achsah','Achsah@gmail.com','password28','Ahmedabad','Gujarat','India','1933178895','2020-11-27','04:30:00'),(29,'Acie','Acie@gmail.com','password29','Ahmedabad','Gujarat','India','3159659672','2020-02-01','05:30:00'),(30,'Acy','Acy@gmail.com','password30','Ahmedabad','Gujarat','India','8727125008','2020-04-03','06:30:00'),(31,'Ada','Ada@gmail.com','password31','Ahmedabad','Gujarat','India','3072409483','2020-06-05','07:30:00'),(32,'Adah','Adah@gmail.com','password32','Ahmedabad','Gujarat','India','4633147183','2020-08-07','08:30:00'),(33,'Adalberto','Adalberto@gmail.com','password33','Ahmedabad','Gujarat','India','5011942637','2020-10-09','09:30:00'),(34,'Adaline','Adaline@gmail.com','password34','Ahmedabad','Gujarat','India','4035087121','2020-01-11','10:30:00'),(35,'Adalyn','Adalyn@gmail.com','password35','Ahmedabad','Gujarat','India','4172991067','2020-03-13','11:30:00'),(36,'Adalynn','Adalynn@gmail.com','password36','Ahmedabad','Gujarat','India','5864991623','2020-05-15','12:30:00'),(37,'Adam','Adam@gmail.com','password37','Ahmedabad','Gujarat','India','3366088000','2020-07-17','13:30:00'),(38,'Adamaris','Adamaris@gmail.com','password38','Ahmedabad','Gujarat','India','2369140747','2020-09-19','14:30:00'),(39,'Adams','Adams@gmail.com','password39','Ahmedabad','Gujarat','India','9824091261','2020-11-21','15:30:00'),(40,'Adan','Adan@gmail.com','password40','Ahmedabad','Gujarat','India','1242640297','2020-02-23','16:30:00'),(41,'Add','Add@gmail.com','password41','Ahmedabad','Gujarat','India','3163655526','2020-04-25','17:30:00'),(42,'Adda','Adda@gmail.com','password42','Ahmedabad','Gujarat','India','8629118901','2020-06-27','18:30:00'),(43,'Addie','Addie@gmail.com','password43','Ahmedabad','Gujarat','India','7992054653','2020-08-01','19:30:00'),(44,'Addison','Addison@gmail.com','password44','Ahmedabad','Gujarat','India','2998110255','2020-10-03','20:30:00'),(45,'Addisyn','Addisyn@gmail.com','password45','Ahmedabad','Gujarat','India','1159448990','2020-01-05','21:30:00'),(46,'Addyson','Addyson@gmail.com','password46','Ahmedabad','Gujarat','India','5992239524','2020-03-07','22:30:00'),(47,'Adel','Adel@gmail.com','password47','Ahmedabad','Gujarat','India','6679284211','2020-05-09','23:30:00'),(48,'Adela','Adela@gmail.com','password48','Ahmedabad','Gujarat','India','4662736739','2020-07-11','00:30:00'),(49,'Adelaide','Adelaide@gmail.com','password49','Ahmedabad','Gujarat','India','5124501412','2020-09-13','01:30:00'),(50,'Adelard','Adelard@gmail.com','password50','Ahmedabad','Gujarat','India','8862913660','2020-11-15','02:30:00'),(51,'Adelbert','Adelbert@gmail.com','password51','Ahmedabad','Gujarat','India','2337192683','2020-02-17','03:30:00'),(52,'Adele','Adele@gmail.com','password52','Ahmedabad','Gujarat','India','2032273189','2020-04-19','04:30:00'),(53,'Adelia','Adelia@gmail.com','password53','Ahmedabad','Gujarat','India','3946900720','2020-06-21','05:30:00'),(54,'Adelina','Adelina@gmail.com','password54','Ahmedabad','Gujarat','India','5459180847','2020-08-23','06:30:00'),(55,'Adeline','Adeline@gmail.com','password55','Ahmedabad','Gujarat','India','1960481291','2020-10-25','07:30:00'),(56,'Adell','Adell@gmail.com','password56','Ahmedabad','Gujarat','India','9440484315','2020-01-27','08:30:00'),(57,'Adella','Adella@gmail.com','password57','Ahmedabad','Gujarat','India','6686278748','2020-03-01','09:30:00'),(58,'Adelle','Adelle@gmail.com','password58','Ahmedabad','Gujarat','India','8483205951','2020-05-03','10:30:00'),(59,'Adelyn','Adelyn@gmail.com','password59','Ahmedabad','Gujarat','India','1242696714','2020-07-05','11:30:00'),(60,'Aden','Aden@gmail.com','password60','Ahmedabad','Gujarat','India','8704756821','2020-09-07','12:30:00'),(61,'Adilene','Adilene@gmail.com','password61','Ahmedabad','Gujarat','India','7396950321','2020-11-09','13:30:00'),(62,'Adin','Adin@gmail.com','password62','Ahmedabad','Gujarat','India','5455239024','2020-02-11','14:30:00'),(63,'Adina','Adina@gmail.com','password63','Ahmedabad','Gujarat','India','3192852719','2020-04-13','15:30:00'),(64,'Adison','Adison@gmail.com','password64','Ahmedabad','Gujarat','India','1437368279','2020-06-15','16:30:00'),(65,'Aditya','Aditya@gmail.com','password65','Ahmedabad','Gujarat','India','4611716700','2020-08-17','17:30:00'),(66,'Adlai','Adlai@gmail.com','password66','Ahmedabad','Gujarat','India','9352177485','2020-10-19','18:30:00'),(67,'Adline','Adline@gmail.com','password67','Ahmedabad','Gujarat','India','5402619420','2020-01-21','19:30:00'),(68,'Admiral','Admiral@gmail.com','password68','Ahmedabad','Gujarat','India','3432747455','2020-03-23','20:30:00'),(69,'Adolf','Adolf@gmail.com','password69','Ahmedabad','Gujarat','India','9120730364','2020-05-25','21:30:00'),(70,'Adolfo','Adolfo@gmail.com','password70','Ahmedabad','Gujarat','India','1163981320','2020-07-27','22:30:00'),(71,'Adolph','Adolph@gmail.com','password71','Ahmedabad','Gujarat','India','5981125027','2020-09-01','23:30:00'),(72,'Adolphus','Adolphus@gmail.com','password72','Ahmedabad','Gujarat','India','8305219980','2020-11-03','00:30:00'),(73,'Adonis','Adonis@gmail.com','password73','Ahmedabad','Gujarat','India','5088757495','2020-02-05','01:30:00'),(74,'Adrain','Adrain@gmail.com','password74','Ahmedabad','Gujarat','India','5162503022','2020-04-07','02:30:00'),(75,'Adria','Adria@gmail.com','password75','Ahmedabad','Gujarat','India','3881653024','2020-06-09','03:30:00'),(76,'Adrian','Adrian@gmail.com','password76','Ahmedabad','Gujarat','India','7548156142','2020-08-11','04:30:00'),(77,'Adriana','Adriana@gmail.com','password77','Ahmedabad','Gujarat','India','4326194082','2020-10-13','05:30:00'),(78,'Adriane','Adriane@gmail.com','password78','Ahmedabad','Gujarat','India','2577894084','2020-01-15','06:30:00'),(79,'Adrianna','Adrianna@gmail.com','password79','Ahmedabad','Gujarat','India','2725591347','2020-03-17','07:30:00'),(80,'Adrianne','Adrianne@gmail.com','password80','Ahmedabad','Gujarat','India','6308090712','2020-05-19','08:30:00'),(81,'Adriel','Adriel@gmail.com','password81','Ahmedabad','Gujarat','India','2210618498','2020-07-21','09:30:00'),(82,'Adrien','Adrien@gmail.com','password82','Ahmedabad','Gujarat','India','6811234587','2020-09-23','10:30:00'),(83,'Adriene','Adriene@gmail.com','password83','Ahmedabad','Gujarat','India','5946764414','2020-11-25','11:30:00'),(84,'Adrienne','Adrienne@gmail.com','password84','Ahmedabad','Gujarat','India','4493785992','2020-02-27','12:30:00'),(85,'Adron','Adron@gmail.com','password85','Ahmedabad','Gujarat','India','5504066903','2020-04-01','13:30:00'),(86,'Adyson','Adyson@gmail.com','password86','Ahmedabad','Gujarat','India','4545389653','2020-06-03','14:30:00'),(87,'Aedan','Aedan@gmail.com','password87','Ahmedabad','Gujarat','India','8219482128','2020-08-05','15:30:00'),(88,'Affie','Affie@gmail.com','password88','Ahmedabad','Gujarat','India','9636718761','2020-10-07','16:30:00'),(89,'Afton','Afton@gmail.com','password89','Ahmedabad','Gujarat','India','6090487936','2020-01-09','17:30:00'),(90,'Agatha','Agatha@gmail.com','password90','Ahmedabad','Gujarat','India','3310978026','2020-03-11','18:30:00'),(91,'Aggie','Aggie@gmail.com','password91','Ahmedabad','Gujarat','India','7214913717','2020-05-13','19:30:00'),(92,'Agnes','Agnes@gmail.com','password92','Ahmedabad','Gujarat','India','3454798028','2020-07-15','20:30:00'),(93,'Agness','Agness@gmail.com','password93','Ahmedabad','Gujarat','India','2276790320','2020-09-17','21:30:00'),(94,'Agusta','Agusta@gmail.com','password94','Ahmedabad','Gujarat','India','7077657310','2020-11-19','22:30:00'),(95,'Agustin','Agustin@gmail.com','password95','Ahmedabad','Gujarat','India','8080224200','2020-02-21','23:30:00'),(96,'Agustus','Agustus@gmail.com','password96','Ahmedabad','Gujarat','India','7427623035','2020-04-23','00:30:00'),(97,'Ah','Ah@gmail.com','password97','Ahmedabad','Gujarat','India','6133214625','2020-06-25','01:30:00'),(98,'Ahmad','Ahmad@gmail.com','password98','Ahmedabad','Gujarat','India','5673851320','2020-08-27','02:30:00'),(99,'Ahmed','Ahmed@gmail.com','password99','Ahmedabad','Gujarat','India','8512028995','2020-10-01','03:30:00'),(100,'Aida','Aida@gmail.com','password100','Ahmedabad','Gujarat','India','7759158667','2020-01-03','04:30:00'),(101,'Aidan','Aidan@gmail.com','password101','Ahmedabad','Gujarat','India','5705866631','2020-03-05','05:30:00'),(102,'Aiden','Aiden@gmail.com','password102','Ahmedabad','Gujarat','India','6692269918','2020-05-07','06:30:00'),(103,'Aidyn','Aidyn@gmail.com','password103','Ahmedabad','Gujarat','India','3170296939','2020-07-09','07:30:00'),(104,'Aileen','Aileen@gmail.com','password104','Ahmedabad','Gujarat','India','5025803097','2020-09-11','08:30:00'),(105,'Ailene','Ailene@gmail.com','password105','Ahmedabad','Gujarat','India','2931596200','2020-11-13','09:30:00'),(106,'Aili','Aili@gmail.com','password106','Ahmedabad','Gujarat','India','3067933524','2020-02-15','10:30:00'),(107,'Aimee','Aimee@gmail.com','password107','Ahmedabad','Gujarat','India','8951121168','2020-04-17','11:30:00'),(108,'Ainsley','Ainsley@gmail.com','password108','Ahmedabad','Gujarat','India','9723065227','2020-06-19','12:30:00'),(109,'Aisha','Aisha@gmail.com','password109','Ahmedabad','Gujarat','India','1841321357','2020-08-21','13:30:00'),(110,'Aiyana','Aiyana@gmail.com','password110','Ahmedabad','Gujarat','India','6244122648','2020-10-23','14:30:00'),(111,'Aja','Aja@gmail.com','password111','Ahmedabad','Gujarat','India','5045715584','2020-01-25','15:30:00'),(112,'Akeelah','Akeelah@gmail.com','password112','Ahmedabad','Gujarat','India','5058043181','2020-03-27','16:30:00'),(113,'Akeem','Akeem@gmail.com','password113','Ahmedabad','Gujarat','India','3643196929','2020-05-01','17:30:00'),(114,'Akira','Akira@gmail.com','password114','Ahmedabad','Gujarat','India','5362767009','2020-07-03','18:30:00'),(115,'Al','Al@gmail.com','password115','Ahmedabad','Gujarat','India','2680698888','2020-09-05','19:30:00'),(116,'Ala','Ala@gmail.com','password116','Ahmedabad','Gujarat','India','7940928575','2020-11-07','20:30:00'),(117,'Alabama','Alabama@gmail.com','password117','Ahmedabad','Gujarat','India','3882183238','2020-02-09','21:30:00'),(118,'Alaina','Alaina@gmail.com','password118','Ahmedabad','Gujarat','India','6243162175','2020-04-11','22:30:00'),(119,'Alan','Alan@gmail.com','password119','Ahmedabad','Gujarat','India','9357772573','2020-06-13','23:30:00'),(120,'Alana','Alana@gmail.com','password120','Ahmedabad','Gujarat','India','2001541489','2020-08-15','00:30:00'),(121,'Alani','Alani@gmail.com','password121','Gandhinagar','Gujarat','India','4774622696','2020-10-17','01:30:00'),(122,'Alanna','Alanna@gmail.com','password122','Gandhinagar','Gujarat','India','9349335244','2020-01-19','02:30:00'),(123,'Alannah','Alannah@gmail.com','password123','Gandhinagar','Gujarat','India','9756487054','2020-03-21','03:30:00'),(124,'Alanzo','Alanzo@gmail.com','password124','Gandhinagar','Gujarat','India','3700182092','2020-05-23','04:30:00'),(125,'Alayna','Alayna@gmail.com','password125','Gandhinagar','Gujarat','India','5291778941','2020-07-25','05:30:00'),(126,'Alba','Alba@gmail.com','password126','Gandhinagar','Gujarat','India','5721297071','2020-09-27','06:30:00'),(127,'Albert','Albert@gmail.com','password127','Gandhinagar','Gujarat','India','7977270065','2020-11-01','07:30:00'),(128,'Alberta','Alberta@gmail.com','password128','Gandhinagar','Gujarat','India','2766566100','2020-02-03','08:30:00'),(129,'Albertha','Albertha@gmail.com','password129','Gandhinagar','Gujarat','India','2135876257','2020-04-05','09:30:00'),(130,'Albertina','Albertina@gmail.com','password130','Gandhinagar','Gujarat','India','6569289340','2020-06-07','10:30:00'),(131,'Albertine','Albertine@gmail.com','password131','Gandhinagar','Gujarat','India','7203437430','2020-08-09','11:30:00'),(132,'Alberto','Alberto@gmail.com','password132','Gandhinagar','Gujarat','India','1611101320','2020-10-11','12:30:00'),(133,'Albertus','Albertus@gmail.com','password133','Gandhinagar','Gujarat','India','2090584222','2020-01-13','13:30:00'),(134,'Albin','Albin@gmail.com','password134','Gandhinagar','Gujarat','India','9733883719','2020-03-15','14:30:00'),(135,'Albina','Albina@gmail.com','password135','Gandhinagar','Gujarat','India','3394450869','2020-05-17','15:30:00'),(136,'Albion','Albion@gmail.com','password136','Gandhinagar','Gujarat','India','2515018191','2020-07-19','16:30:00'),(137,'Alby','Alby@gmail.com','password137','Gandhinagar','Gujarat','India','1416257559','2020-09-21','17:30:00'),(138,'Alcee','Alcee@gmail.com','password138','Gandhinagar','Gujarat','India','1267348520','2020-11-23','18:30:00'),(139,'Alcide','Alcide@gmail.com','password139','Gandhinagar','Gujarat','India','9013589654','2020-02-25','19:30:00'),(140,'Alcie','Alcie@gmail.com','password140','Gandhinagar','Gujarat','India','2845904072','2020-04-27','20:30:00'),(141,'Alda','Alda@gmail.com','password141','Gandhinagar','Gujarat','India','7890683821','2020-06-01','21:30:00'),(142,'Alden','Alden@gmail.com','password142','Gandhinagar','Gujarat','India','2486189649','2020-08-03','22:30:00'),(143,'Aldo','Aldo@gmail.com','password143','Gandhinagar','Gujarat','India','5251405333','2020-10-05','23:30:00'),(144,'Aldona','Aldona@gmail.com','password144','Gandhinagar','Gujarat','India','5913956016','2020-01-07','00:30:00'),(145,'Aleah','Aleah@gmail.com','password145','Gandhinagar','Gujarat','India','6004497888','2020-03-09','01:30:00'),(146,'Alease','Alease@gmail.com','password146','Gandhinagar','Gujarat','India','5384265668','2020-05-11','02:30:00'),(147,'Alec','Alec@gmail.com','password147','Gandhinagar','Gujarat','India','1606242445','2020-07-13','03:30:00'),(148,'Alecia','Alecia@gmail.com','password148','Gandhinagar','Gujarat','India','9166257740','2020-09-15','04:30:00'),(149,'Aleck','Aleck@gmail.com','password149','Gandhinagar','Gujarat','India','3733528768','2020-11-17','05:30:00'),(150,'Aleen','Aleen@gmail.com','password150','Gandhinagar','Gujarat','India','1627157576','2020-02-19','06:30:00'),(151,'Aleena','Aleena@gmail.com','password151','Gandhinagar','Gujarat','India','7623425323','2020-04-21','07:30:00'),(152,'Alejandra','Alejandra@gmail.com','password152','Gandhinagar','Gujarat','India','1040734065','2020-06-23','08:30:00'),(153,'Alejandro','Alejandro@gmail.com','password153','Gandhinagar','Gujarat','India','9175217233','2020-08-25','09:30:00'),(154,'Alek','Alek@gmail.com','password154','Gandhinagar','Gujarat','India','3283961709','2020-10-27','10:30:00'),(155,'Alena','Alena@gmail.com','password155','Gandhinagar','Gujarat','India','7826433659','2020-01-01','11:30:00'),(156,'Alene','Alene@gmail.com','password156','Gandhinagar','Gujarat','India','4487543434','2020-03-03','12:30:00'),(157,'Alesha','Alesha@gmail.com','password157','Gandhinagar','Gujarat','India','8121160202','2020-05-05','13:30:00'),(158,'Alesia','Alesia@gmail.com','password158','Gandhinagar','Gujarat','India','3801118063','2020-07-07','14:30:00'),(159,'Alessandra','Alessandra@gmail.com','password159','Gandhinagar','Gujarat','India','1753004166','2020-09-09','15:30:00'),(160,'Alessandro','Alessandro@gmail.com','password160','Gandhinagar','Gujarat','India','6740872836','2020-11-11','16:30:00'),(161,'Aleta','Aleta@gmail.com','password161','Gandhinagar','Gujarat','India','4541745239','2020-02-13','17:30:00'),(162,'Aletha','Aletha@gmail.com','password162','Gandhinagar','Gujarat','India','3977470142','2020-04-15','18:30:00'),(163,'Alethea','Alethea@gmail.com','password163','Gandhinagar','Gujarat','India','2761680569','2020-06-17','19:30:00'),(164,'Alex','Alex@gmail.com','password164','Gandhinagar','Gujarat','India','8532220055','2020-08-19','20:30:00'),(165,'Alexa','Alexa@gmail.com','password165','Gandhinagar','Gujarat','India','4409174841','2020-10-21','21:30:00'),(166,'Alexande','Alexande@gmail.com','password166','Gandhinagar','Gujarat','India','5257750745','2020-01-23','22:30:00'),(167,'Alexander','Alexander@gmail.com','password167','Gandhinagar','Gujarat','India','6953427590','2020-03-25','23:30:00'),(168,'Alexandr','Alexandr@gmail.com','password168','Gandhinagar','Gujarat','India','1582199097','2020-05-27','00:30:00'),(169,'Alexandra','Alexandra@gmail.com','password169','Gandhinagar','Gujarat','India','9453377263','2020-07-01','01:30:00'),(170,'Alexandre','Alexandre@gmail.com','password170','Gandhinagar','Gujarat','India','7490701133','2020-09-03','02:30:00'),(171,'Alexandrea','Alexandrea@gmail.com','password171','Gandhinagar','Gujarat','India','3359412720','2020-11-05','03:30:00'),(172,'Alexandria','Alexandria@gmail.com','password172','Gandhinagar','Gujarat','India','7490054190','2020-02-07','04:30:00'),(173,'Alexandro','Alexandro@gmail.com','password173','Gandhinagar','Gujarat','India','1587596361','2020-04-09','05:30:00'),(174,'Alexia','Alexia@gmail.com','password174','Gandhinagar','Gujarat','India','9796545034','2020-06-11','06:30:00'),(175,'Alexina','Alexina@gmail.com','password175','Gandhinagar','Gujarat','India','5714293680','2020-08-13','07:30:00'),(176,'Alexis','Alexis@gmail.com','password176','Gandhinagar','Gujarat','India','6757837807','2020-10-15','08:30:00'),(177,'Alexus','Alexus@gmail.com','password177','Gandhinagar','Gujarat','India','8752376165','2020-01-17','09:30:00'),(178,'Alexys','Alexys@gmail.com','password178','Gandhinagar','Gujarat','India','9718256326','2020-03-19','10:30:00'),(179,'Alexzander','Alexzander@gmail.com','password179','Gandhinagar','Gujarat','India','3999598849','2020-05-21','11:30:00'),(180,'Alf','Alf@gmail.com','password180','Gandhinagar','Gujarat','India','9434362859','2020-07-23','12:30:00'),(181,'Alferd','Alferd@gmail.com','password181','Gandhinagar','Gujarat','India','7331889230','2020-09-25','13:30:00'),(182,'Alfie','Alfie@gmail.com','password182','Gandhinagar','Gujarat','India','1561051704','2020-11-27','14:30:00'),(183,'Alfonse','Alfonse@gmail.com','password183','Gandhinagar','Gujarat','India','8344099969','2020-02-01','15:30:00'),(184,'Alfonso','Alfonso@gmail.com','password184','Gandhinagar','Gujarat','India','9696399503','2020-04-03','16:30:00'),(185,'Alfonzo','Alfonzo@gmail.com','password185','Gandhinagar','Gujarat','India','8057060524','2020-06-05','17:30:00'),(186,'Alford','Alford@gmail.com','password186','Gandhinagar','Gujarat','India','9502346350','2020-08-07','18:30:00'),(187,'Alfred','Alfred@gmail.com','password187','Gandhinagar','Gujarat','India','3046410093','2020-10-09','19:30:00'),(188,'Alfreda','Alfreda@gmail.com','password188','Gandhinagar','Gujarat','India','8513547683','2020-01-11','20:30:00'),(189,'Alfredo','Alfredo@gmail.com','password189','Gandhinagar','Gujarat','India','9310255441','2020-03-13','21:30:00'),(190,'Alger','Alger@gmail.com','password190','Gandhinagar','Gujarat','India','9116564579','2020-05-15','22:30:00'),(191,'Algernon','Algernon@gmail.com','password191','Gandhinagar','Gujarat','India','7027240498','2020-07-17','23:30:00'),(192,'Algie','Algie@gmail.com','password192','Gandhinagar','Gujarat','India','3138035112','2020-09-19','00:30:00'),(193,'Algot','Algot@gmail.com','password193','Gandhinagar','Gujarat','India','7863826404','2020-11-21','01:30:00'),(194,'Ali','Ali@gmail.com','password194','Gandhinagar','Gujarat','India','7880452899','2020-02-23','02:30:00'),(195,'Alia','Alia@gmail.com','password195','Gandhinagar','Gujarat','India','4239629135','2020-04-25','03:30:00'),(196,'Aliana','Aliana@gmail.com','password196','Gandhinagar','Gujarat','India','3036051118','2020-06-27','04:30:00'),(197,'Alice','Alice@gmail.com','password197','Gandhinagar','Gujarat','India','3496880819','2020-08-01','05:30:00'),(198,'Alicia','Alicia@gmail.com','password198','Gandhinagar','Gujarat','India','5488685392','2020-10-03','06:30:00'),(199,'Alida','Alida@gmail.com','password199','Gandhinagar','Gujarat','India','7764677492','2020-01-05','07:30:00'),(200,'Alijah','Alijah@gmail.com','password200','Gandhinagar','Gujarat','India','2967809546','2020-03-07','08:30:00'),(201,'Alina','Alina@gmail.com','password201','Gandhinagar','Gujarat','India','8599440292','2020-05-09','09:30:00'),(202,'Aline','Aline@gmail.com','password202','Gandhinagar','Gujarat','India','5395695710','2020-07-11','10:30:00'),(203,'Alisa','Alisa@gmail.com','password203','Gandhinagar','Gujarat','India','7052309267','2020-09-13','11:30:00'),(204,'Alisha','Alisha@gmail.com','password204','Gandhinagar','Gujarat','India','7850196070','2020-11-15','12:30:00'),(205,'Alison','Alison@gmail.com','password205','Gandhinagar','Gujarat','India','2885586403','2020-02-17','13:30:00'),(206,'Alissa','Alissa@gmail.com','password206','Gandhinagar','Gujarat','India','8172587464','2020-04-19','14:30:00'),(207,'Alisson','Alisson@gmail.com','password207','Gandhinagar','Gujarat','India','3953402863','2020-06-21','15:30:00'),(208,'Alivia','Alivia@gmail.com','password208','Gandhinagar','Gujarat','India','1263978998','2020-08-23','16:30:00'),(209,'Aliya','Aliya@gmail.com','password209','Gandhinagar','Gujarat','India','8047840977','2020-10-25','17:30:00'),(210,'Aliyah','Aliyah@gmail.com','password210','Gandhinagar','Gujarat','India','1030516834','2020-01-27','18:30:00'),(211,'Aliza','Aliza@gmail.com','password211','Gandhinagar','Gujarat','India','9434514322','2020-03-01','19:30:00'),(212,'Alize','Alize@gmail.com','password212','Gandhinagar','Gujarat','India','9767937330','2020-05-03','20:30:00'),(213,'Alla','Alla@gmail.com','password213','Gandhinagar','Gujarat','India','9289552940','2020-07-05','21:30:00'),(214,'Allan','Allan@gmail.com','password214','Gandhinagar','Gujarat','India','3561086126','2020-09-07','22:30:00'),(215,'Allean','Allean@gmail.com','password215','Gandhinagar','Gujarat','India','1377663944','2020-11-09','23:30:00'),(216,'Alleen','Alleen@gmail.com','password216','Gandhinagar','Gujarat','India','1694578084','2020-02-11','00:30:00'),(217,'Allen','Allen@gmail.com','password217','Gandhinagar','Gujarat','India','2077607250','2020-04-13','01:30:00'),(218,'Allena','Allena@gmail.com','password218','Gandhinagar','Gujarat','India','5407395804','2020-06-15','02:30:00'),(219,'Allene','Allene@gmail.com','password219','Gandhinagar','Gujarat','India','7813419888','2020-08-17','03:30:00'),(220,'Allie','Allie@gmail.com','password220','Gandhinagar','Gujarat','India','3339348015','2020-10-19','04:30:00'),(221,'Alline','Alline@gmail.com','password221','Gandhinagar','Gujarat','India','7712546656','2020-01-21','05:30:00'),(222,'Allison','Allison@gmail.com','password222','Gandhinagar','Gujarat','India','5742364144','2020-03-23','06:30:00'),(223,'Allisson','Allisson@gmail.com','password223','Gandhinagar','Gujarat','India','6601406210','2020-05-25','07:30:00'),(224,'Ally','Ally@gmail.com','password224','Gandhinagar','Gujarat','India','7948584725','2020-07-27','08:30:00'),(225,'Allyn','Allyn@gmail.com','password225','Gandhinagar','Gujarat','India','3201078317','2020-09-01','09:30:00'),(226,'Allyson','Allyson@gmail.com','password226','Gandhinagar','Gujarat','India','2371080150','2020-11-03','10:30:00'),(227,'Allyssa','Allyssa@gmail.com','password227','Gandhinagar','Gujarat','India','4706839240','2020-02-05','11:30:00'),(228,'Alma','Alma@gmail.com','password228','Gandhinagar','Gujarat','India','4729205959','2020-04-07','12:30:00'),(229,'Almeda','Almeda@gmail.com','password229','Gandhinagar','Gujarat','India','3228407806','2020-06-09','13:30:00'),(230,'Almedia','Almedia@gmail.com','password230','Gandhinagar','Gujarat','India','5599758387','2020-08-11','14:30:00'),(231,'Almer','Almer@gmail.com','password231','Gandhinagar','Gujarat','India','5544887382','2020-10-13','15:30:00'),(232,'Almeta','Almeta@gmail.com','password232','Gandhinagar','Gujarat','India','6485976094','2020-01-15','16:30:00'),(233,'Almina','Almina@gmail.com','password233','Gandhinagar','Gujarat','India','2412696492','2020-03-17','17:30:00'),(234,'Almira','Almira@gmail.com','password234','Gandhinagar','Gujarat','India','7589045978','2020-05-19','18:30:00'),(235,'Almon','Almon@gmail.com','password235','Gandhinagar','Gujarat','India','7146781380','2020-07-21','19:30:00'),(236,'Almond','Almond@gmail.com','password236','Gandhinagar','Gujarat','India','2262316604','2020-09-23','20:30:00'),(237,'Almus','Almus@gmail.com','password237','Gandhinagar','Gujarat','India','7829239883','2020-11-25','21:30:00'),(238,'Almyra','Almyra@gmail.com','password238','Gandhinagar','Gujarat','India','1059609129','2020-02-27','22:30:00'),(239,'Alois','Alois@gmail.com','password239','Gandhinagar','Gujarat','India','2253793911','2020-04-01','23:30:00'),(240,'Aloma','Aloma@gmail.com','password240','Gandhinagar','Gujarat','India','2736534187','2020-06-03','00:30:00'),(241,'Alondra','Alondra@gmail.com','password241','Mumbai','Maharashtra','India','5167225834','2020-08-05','01:30:00'),(242,'Alonso','Alonso@gmail.com','password242','Mumbai','Maharashtra','India','3813102320','2020-10-07','02:30:00'),(243,'Alonza','Alonza@gmail.com','password243','Mumbai','Maharashtra','India','5799086091','2020-01-09','03:30:00'),(244,'Alonzo','Alonzo@gmail.com','password244','Mumbai','Maharashtra','India','4425844628','2020-03-11','04:30:00'),(245,'Aloys','Aloys@gmail.com','password245','Mumbai','Maharashtra','India','7930781871','2020-05-13','05:30:00'),(246,'Aloysius','Aloysius@gmail.com','password246','Mumbai','Maharashtra','India','6780317487','2020-07-15','06:30:00'),(247,'Alpha','Alpha@gmail.com','password247','Mumbai','Maharashtra','India','2729237770','2020-09-17','07:30:00'),(248,'Alpheus','Alpheus@gmail.com','password248','Mumbai','Maharashtra','India','4003765388','2020-11-19','08:30:00'),(249,'Alphons','Alphons@gmail.com','password249','Mumbai','Maharashtra','India','6164059539','2020-02-21','09:30:00'),(250,'Alphonse','Alphonse@gmail.com','password250','Mumbai','Maharashtra','India','8324494168','2020-04-23','10:30:00'),(251,'Alphonsine','Alphonsine@gmail.com','password251','Mumbai','Maharashtra','India','4139483387','2020-06-25','11:30:00'),(252,'Alphonso','Alphonso@gmail.com','password252','Mumbai','Maharashtra','India','5684579266','2020-08-27','12:30:00'),(253,'Alphonsus','Alphonsus@gmail.com','password253','Mumbai','Maharashtra','India','1896243295','2020-10-01','13:30:00'),(254,'Alston','Alston@gmail.com','password254','Mumbai','Maharashtra','India','8475238817','2020-01-03','14:30:00'),(255,'Alta','Alta@gmail.com','password255','Mumbai','Maharashtra','India','6588759090','2020-03-05','15:30:00'),(256,'Altha','Altha@gmail.com','password256','Mumbai','Maharashtra','India','1608406634','2020-05-07','16:30:00'),(257,'Althea','Althea@gmail.com','password257','Mumbai','Maharashtra','India','4259534632','2020-07-09','17:30:00'),(258,'Altie','Altie@gmail.com','password258','Mumbai','Maharashtra','India','3646646850','2020-09-11','18:30:00'),(259,'Alto','Alto@gmail.com','password259','Mumbai','Maharashtra','India','6293633736','2020-11-13','19:30:00'),(260,'Alton','Alton@gmail.com','password260','Mumbai','Maharashtra','India','8137677761','2020-02-15','20:30:00'),(261,'Alva','Alva@gmail.com','password261','Mumbai','Maharashtra','India','3897955180','2020-04-17','21:30:00'),(262,'Alvah','Alvah@gmail.com','password262','Mumbai','Maharashtra','India','4878392235','2020-06-19','22:30:00'),(263,'Alvan','Alvan@gmail.com','password263','Mumbai','Maharashtra','India','7172003709','2020-08-21','23:30:00'),(264,'Alvaro','Alvaro@gmail.com','password264','Mumbai','Maharashtra','India','1624600339','2020-10-23','00:30:00'),(265,'Alvena','Alvena@gmail.com','password265','Mumbai','Maharashtra','India','3912574791','2020-01-25','01:30:00'),(266,'Alver','Alver@gmail.com','password266','Mumbai','Maharashtra','India','4763028959','2020-03-27','02:30:00'),(267,'Alvera','Alvera@gmail.com','password267','Mumbai','Maharashtra','India','3335236321','2020-05-01','03:30:00'),(268,'Alverda','Alverda@gmail.com','password268','Mumbai','Maharashtra','India','6068437502','2020-07-03','04:30:00'),(269,'Alverta','Alverta@gmail.com','password269','Mumbai','Maharashtra','India','5126871161','2020-09-05','05:30:00'),(270,'Alvia','Alvia@gmail.com','password270','Mumbai','Maharashtra','India','7350050575','2020-11-07','06:30:00'),(271,'Alvie','Alvie@gmail.com','password271','Mumbai','Maharashtra','India','2894904058','2020-02-09','07:30:00'),(272,'Alvin','Alvin@gmail.com','password272','Mumbai','Maharashtra','India','9545681247','2020-04-11','08:30:00'),(273,'Alvina','Alvina@gmail.com','password273','Mumbai','Maharashtra','India','8771803838','2020-06-13','09:30:00'),(274,'Alvira','Alvira@gmail.com','password274','Mumbai','Maharashtra','India','1817985983','2020-08-15','10:30:00'),(275,'Alvis','Alvis@gmail.com','password275','Mumbai','Maharashtra','India','6984229696','2020-10-17','11:30:00'),(276,'Alvy','Alvy@gmail.com','password276','Mumbai','Maharashtra','India','9453625775','2020-01-19','12:30:00'),(277,'Alwilda','Alwilda@gmail.com','password277','Mumbai','Maharashtra','India','7684447194','2020-03-21','13:30:00'),(278,'Alwin','Alwin@gmail.com','password278','Mumbai','Maharashtra','India','4854446548','2020-05-23','14:30:00'),(279,'Alwina','Alwina@gmail.com','password279','Mumbai','Maharashtra','India','6108563514','2020-07-25','15:30:00'),(280,'Alwine','Alwine@gmail.com','password280','Mumbai','Maharashtra','India','3644001294','2020-09-27','16:30:00'),(281,'Alyce','Alyce@gmail.com','password281','Mumbai','Maharashtra','India','1513650327','2020-11-01','17:30:00'),(282,'Alycia','Alycia@gmail.com','password282','Mumbai','Maharashtra','India','6900132716','2020-02-03','18:30:00'),(283,'Alys','Alys@gmail.com','password283','Mumbai','Maharashtra','India','6360566345','2020-04-05','19:30:00'),(284,'Alysa','Alysa@gmail.com','password284','Mumbai','Maharashtra','India','3289097957','2020-06-07','20:30:00'),(285,'Alyse','Alyse@gmail.com','password285','Mumbai','Maharashtra','India','8691750255','2020-08-09','21:30:00'),(286,'Alysha','Alysha@gmail.com','password286','Mumbai','Maharashtra','India','6487956805','2020-10-11','22:30:00'),(287,'Alysia','Alysia@gmail.com','password287','Mumbai','Maharashtra','India','4844415903','2020-01-13','23:30:00'),(288,'Alyson','Alyson@gmail.com','password288','Mumbai','Maharashtra','India','7747233131','2020-03-15','00:30:00'),(289,'Alyssa','Alyssa@gmail.com','password289','Mumbai','Maharashtra','India','5750168702','2020-05-17','01:30:00'),(290,'Alyssia','Alyssia@gmail.com','password290','Mumbai','Maharashtra','India','3985279433','2020-07-19','02:30:00'),(291,'Alyvia','Alyvia@gmail.com','password291','Mumbai','Maharashtra','India','8211067801','2020-09-21','03:30:00'),(292,'Alzina','Alzina@gmail.com','password292','Mumbai','Maharashtra','India','8554064549','2020-11-23','04:30:00'),(293,'Ama','Ama@gmail.com','password293','Mumbai','Maharashtra','India','5805206384','2020-02-25','05:30:00'),(294,'Amado','Amado@gmail.com','password294','Mumbai','Maharashtra','India','1643083892','2020-04-27','06:30:00'),(295,'Amalia','Amalia@gmail.com','password295','Mumbai','Maharashtra','India','2525777013','2020-06-01','07:30:00'),(296,'Amalie','Amalie@gmail.com','password296','Mumbai','Maharashtra','India','8298499264','2020-08-03','08:30:00'),(297,'Amanda','Amanda@gmail.com','password297','Mumbai','Maharashtra','India','4800589053','2020-10-05','09:30:00'),(298,'Amani','Amani@gmail.com','password298','Mumbai','Maharashtra','India','8237220775','2020-01-07','10:30:00'),(299,'Amara','Amara@gmail.com','password299','Mumbai','Maharashtra','India','8619179561','2020-03-09','11:30:00'),(300,'Amare','Amare@gmail.com','password300','Mumbai','Maharashtra','India','7066308759','2020-05-11','12:30:00'),(301,'Amari','Amari@gmail.com','password301','Mumbai','Maharashtra','India','9853138901','2020-07-13','13:30:00'),(302,'Amarion','Amarion@gmail.com','password302','Mumbai','Maharashtra','India','9558408772','2020-09-15','14:30:00'),(303,'Amaris','Amaris@gmail.com','password303','Mumbai','Maharashtra','India','5374520042','2020-11-17','15:30:00'),(304,'Amasa','Amasa@gmail.com','password304','Mumbai','Maharashtra','India','1960767801','2020-02-19','16:30:00'),(305,'Amaya','Amaya@gmail.com','password305','Mumbai','Maharashtra','India','3175584105','2020-04-21','17:30:00'),(306,'Amber','Amber@gmail.com','password306','Mumbai','Maharashtra','India','5915519446','2020-06-23','18:30:00'),(307,'Amberly','Amberly@gmail.com','password307','Mumbai','Maharashtra','India','8800772782','2020-08-25','19:30:00'),(308,'Ambers','Ambers@gmail.com','password308','Mumbai','Maharashtra','India','4637979302','2020-10-27','20:30:00'),(309,'Ambrose','Ambrose@gmail.com','password309','Mumbai','Maharashtra','India','7433627576','2020-01-01','21:30:00'),(310,'Amelia','Amelia@gmail.com','password310','Mumbai','Maharashtra','India','2553146770','2020-03-03','22:30:00'),(311,'Amelie','Amelie@gmail.com','password311','Mumbai','Maharashtra','India','5613598076','2020-05-05','23:30:00'),(312,'America','America@gmail.com','password312','Mumbai','Maharashtra','India','7582347356','2020-07-07','00:30:00'),(313,'Americo','Americo@gmail.com','password313','Mumbai','Maharashtra','India','3334188704','2020-09-09','01:30:00'),(314,'Amerigo','Amerigo@gmail.com','password314','Mumbai','Maharashtra','India','7079576463','2020-11-11','02:30:00'),(315,'Amey','Amey@gmail.com','password315','Mumbai','Maharashtra','India','7410604398','2020-02-13','03:30:00'),(316,'Ami','Ami@gmail.com','password316','Mumbai','Maharashtra','India','6087923144','2020-04-15','04:30:00'),(317,'Amiah','Amiah@gmail.com','password317','Mumbai','Maharashtra','India','3295765419','2020-06-17','05:30:00'),(318,'Amie','Amie@gmail.com','password318','Mumbai','Maharashtra','India','1799860139','2020-08-19','06:30:00'),(319,'Amil','Amil@gmail.com','password319','Mumbai','Maharashtra','India','6429785994','2020-10-21','07:30:00'),(320,'Amin','Amin@gmail.com','password320','Mumbai','Maharashtra','India','4691020559','2020-01-23','08:30:00'),(321,'Amina','Amina@gmail.com','password321','Mumbai','Maharashtra','India','4473118085','2020-03-25','09:30:00'),(322,'Amir','Amir@gmail.com','password322','Mumbai','Maharashtra','India','4012127957','2020-05-27','10:30:00'),(323,'Amira','Amira@gmail.com','password323','Mumbai','Maharashtra','India','5195982801','2020-07-01','11:30:00'),(324,'Amirah','Amirah@gmail.com','password324','Mumbai','Maharashtra','India','6638741094','2020-09-03','12:30:00'),(325,'Amit','Amit@gmail.com','password325','Mumbai','Maharashtra','India','1178997279','2020-11-05','13:30:00'),(326,'Amiya','Amiya@gmail.com','password326','Mumbai','Maharashtra','India','3978303034','2020-02-07','14:30:00'),(327,'Amiyah','Amiyah@gmail.com','password327','Mumbai','Maharashtra','India','7019642346','2020-04-09','15:30:00'),(328,'Amma','Amma@gmail.com','password328','Mumbai','Maharashtra','India','8423844432','2020-06-11','16:30:00'),(329,'Ammie','Ammie@gmail.com','password329','Mumbai','Maharashtra','India','5950621322','2020-08-13','17:30:00'),(330,'Ammon','Ammon@gmail.com','password330','Mumbai','Maharashtra','India','4803924039','2020-10-15','18:30:00'),(331,'Amon','Amon@gmail.com','password331','Mumbai','Maharashtra','India','2900227653','2020-01-17','19:30:00'),(332,'Amos','Amos@gmail.com','password332','Mumbai','Maharashtra','India','8809553584','2020-03-19','20:30:00'),(333,'Amparo','Amparo@gmail.com','password333','Mumbai','Maharashtra','India','3898976298','2020-05-21','21:30:00'),(334,'Amy','Amy@gmail.com','password334','Mumbai','Maharashtra','India','6770108594','2020-07-23','22:30:00'),(335,'Amya','Amya@gmail.com','password335','Mumbai','Maharashtra','India','3363210494','2020-09-25','23:30:00'),(336,'Ana','Ana@gmail.com','password336','Mumbai','Maharashtra','India','2438818154','2020-11-27','00:30:00'),(337,'Anabel','Anabel@gmail.com','password337','Mumbai','Maharashtra','India','5246364826','2020-02-01','01:30:00'),(338,'Anabella','Anabella@gmail.com','password338','Mumbai','Maharashtra','India','5052868053','2020-04-03','02:30:00'),(339,'Anabelle','Anabelle@gmail.com','password339','Mumbai','Maharashtra','India','8414329325','2020-06-05','03:30:00'),(340,'Anahi','Anahi@gmail.com','password340','Mumbai','Maharashtra','India','9234090917','2020-08-07','04:30:00'),(341,'Anais','Anais@gmail.com','password341','Mumbai','Maharashtra','India','8824190353','2020-10-09','05:30:00'),(342,'Ananias','Ananias@gmail.com','password342','Mumbai','Maharashtra','India','2686183969','2020-01-11','06:30:00'),(343,'Anastacia','Anastacia@gmail.com','password343','Mumbai','Maharashtra','India','7557520817','2020-03-13','07:30:00'),(344,'Anastacio','Anastacio@gmail.com','password344','Mumbai','Maharashtra','India','1246278662','2020-05-15','08:30:00'),(345,'Anastasia','Anastasia@gmail.com','password345','Mumbai','Maharashtra','India','7570417792','2020-07-17','09:30:00'),(346,'Anatole','Anatole@gmail.com','password346','Mumbai','Maharashtra','India','9130207127','2020-09-19','10:30:00'),(347,'Anaya','Anaya@gmail.com','password347','Mumbai','Maharashtra','India','4924537006','2020-11-21','11:30:00'),(348,'Ancel','Ancel@gmail.com','password348','Mumbai','Maharashtra','India','9137813891','2020-02-23','12:30:00'),(349,'Ancil','Ancil@gmail.com','password349','Mumbai','Maharashtra','India','8670076333','2020-04-25','13:30:00'),(350,'Anders','Anders@gmail.com','password350','Mumbai','Maharashtra','India','1126077451','2020-06-27','14:30:00'),(351,'Anderson','Anderson@gmail.com','password351','Mumbai','Maharashtra','India','4010000731','2020-08-01','15:30:00'),(352,'Andon','Andon@gmail.com','password352','Mumbai','Maharashtra','India','3971681288','2020-10-03','16:30:00'),(353,'Andra','Andra@gmail.com','password353','Mumbai','Maharashtra','India','2434681586','2020-01-05','17:30:00'),(354,'Andrae','Andrae@gmail.com','password354','Mumbai','Maharashtra','India','9537027451','2020-03-07','18:30:00'),(355,'Andre','Andre@gmail.com','password355','Mumbai','Maharashtra','India','9645342632','2020-05-09','19:30:00'),(356,'Andrea','Andrea@gmail.com','password356','Mumbai','Maharashtra','India','4450987695','2020-07-11','20:30:00'),(357,'Andreas','Andreas@gmail.com','password357','Mumbai','Maharashtra','India','2503520577','2020-09-13','21:30:00'),(358,'Andres','Andres@gmail.com','password358','Mumbai','Maharashtra','India','8463342657','2020-11-15','22:30:00'),(359,'Andrew','Andrew@gmail.com','password359','Mumbai','Maharashtra','India','3458809676','2020-02-17','23:30:00'),(360,'Andria','Andria@gmail.com','password360','Mumbai','Maharashtra','India','1769370256','2020-04-19','00:30:00'),(361,'Andy','Andy@gmail.com','password361','Chennai','Tamil Nadu','India','9114371575','2020-06-21','01:30:00'),(362,'Anfernee','Anfernee@gmail.com','password362','Chennai','Tamil Nadu','India','4627236827','2020-08-23','02:30:00'),(363,'Angel','Angel@gmail.com','password363','Chennai','Tamil Nadu','India','2025398311','2020-10-25','03:30:00'),(364,'Angela','Angela@gmail.com','password364','Chennai','Tamil Nadu','India','1557302320','2020-01-27','04:30:00'),(365,'Angele','Angele@gmail.com','password365','Chennai','Tamil Nadu','India','7101281819','2020-03-01','05:30:00'),(366,'Angeles','Angeles@gmail.com','password366','Chennai','Tamil Nadu','India','7715860375','2020-05-03','06:30:00'),(367,'Angelia','Angelia@gmail.com','password367','Chennai','Tamil Nadu','India','9431224593','2020-07-05','07:30:00'),(368,'Angelic','Angelic@gmail.com','password368','Chennai','Tamil Nadu','India','3929907148','2020-09-07','08:30:00'),(369,'Angelica','Angelica@gmail.com','password369','Chennai','Tamil Nadu','India','3001676717','2020-11-09','09:30:00'),(370,'Angelina','Angelina@gmail.com','password370','Chennai','Tamil Nadu','India','5233011196','2020-02-11','10:30:00'),(371,'Angeline','Angeline@gmail.com','password371','Chennai','Tamil Nadu','India','2806914555','2020-04-13','11:30:00'),(372,'Angelique','Angelique@gmail.com','password372','Chennai','Tamil Nadu','India','6998131829','2020-06-15','12:30:00'),(373,'Angelita','Angelita@gmail.com','password373','Chennai','Tamil Nadu','India','3295657575','2020-08-17','13:30:00'),(374,'Angella','Angella@gmail.com','password374','Chennai','Tamil Nadu','India','3366700806','2020-10-19','14:30:00'),(375,'Angelo','Angelo@gmail.com','password375','Chennai','Tamil Nadu','India','7914409147','2020-01-21','15:30:00'),(376,'Angie','Angie@gmail.com','password376','Chennai','Tamil Nadu','India','5911877086','2020-03-23','16:30:00'),(377,'Angus','Angus@gmail.com','password377','Chennai','Tamil Nadu','India','9859461971','2020-05-25','17:30:00'),(378,'Anibal','Anibal@gmail.com','password378','Chennai','Tamil Nadu','India','3055854407','2020-07-27','18:30:00'),(379,'Anice','Anice@gmail.com','password379','Chennai','Tamil Nadu','India','1493018246','2020-09-01','19:30:00'),(380,'Anie','Anie@gmail.com','password380','Chennai','Tamil Nadu','India','1545977852','2020-11-03','20:30:00'),(381,'Anika','Anika@gmail.com','password381','Chennai','Tamil Nadu','India','2109287606','2020-02-05','21:30:00'),(382,'Anissa','Anissa@gmail.com','password382','Chennai','Tamil Nadu','India','2988635973','2020-04-07','22:30:00'),(383,'Anita','Anita@gmail.com','password383','Chennai','Tamil Nadu','India','5822293525','2020-06-09','23:30:00'),(384,'Anitra','Anitra@gmail.com','password384','Chennai','Tamil Nadu','India','1135901061','2020-08-11','00:30:00'),(385,'Aniya','Aniya@gmail.com','password385','Chennai','Tamil Nadu','India','2978886141','2020-10-13','01:30:00'),(386,'Aniyah','Aniyah@gmail.com','password386','Chennai','Tamil Nadu','India','6978586400','2020-01-15','02:30:00'),(387,'Anjali','Anjali@gmail.com','password387','Chennai','Tamil Nadu','India','2446621694','2020-03-17','03:30:00'),(388,'Anjanette','Anjanette@gmail.com','password388','Chennai','Tamil Nadu','India','9279350314','2020-05-19','04:30:00'),(389,'Anjelica','Anjelica@gmail.com','password389','Chennai','Tamil Nadu','India','4014906834','2020-07-21','05:30:00'),(390,'Ann','Ann@gmail.com','password390','Chennai','Tamil Nadu','India','6715975006','2020-09-23','06:30:00'),(391,'Anna','Anna@gmail.com','password391','Chennai','Tamil Nadu','India','5451837879','2020-11-25','07:30:00'),(392,'Annabel','Annabel@gmail.com','password392','Chennai','Tamil Nadu','India','6864577660','2020-02-27','08:30:00'),(393,'Annabell','Annabell@gmail.com','password393','Chennai','Tamil Nadu','India','2068268989','2020-04-01','09:30:00'),(394,'Annabella','Annabella@gmail.com','password394','Chennai','Tamil Nadu','India','8095957923','2020-06-03','10:30:00'),(395,'Annabelle','Annabelle@gmail.com','password395','Chennai','Tamil Nadu','India','3862319015','2020-08-05','11:30:00'),(396,'Annalise','Annalise@gmail.com','password396','Chennai','Tamil Nadu','India','6063334694','2020-10-07','12:30:00'),(397,'Annamae','Annamae@gmail.com','password397','Chennai','Tamil Nadu','India','4133680643','2020-01-09','13:30:00'),(398,'Annamarie','Annamarie@gmail.com','password398','Chennai','Tamil Nadu','India','8229633274','2020-03-11','14:30:00'),(399,'Anne','Anne@gmail.com','password399','Chennai','Tamil Nadu','India','7557872836','2020-05-13','15:30:00'),(400,'Anneliese','Anneliese@gmail.com','password400','Chennai','Tamil Nadu','India','6473329667','2020-07-15','16:30:00'),(401,'Annemarie','Annemarie@gmail.com','password401','Chennai','Tamil Nadu','India','2003562969','2020-09-17','17:30:00'),(402,'Anner','Anner@gmail.com','password402','Chennai','Tamil Nadu','India','6608566662','2020-11-19','18:30:00'),(403,'Annetta','Annetta@gmail.com','password403','Chennai','Tamil Nadu','India','6621943379','2020-02-21','19:30:00'),(404,'Annette','Annette@gmail.com','password404','Chennai','Tamil Nadu','India','5174469304','2020-04-23','20:30:00'),(405,'Annice','Annice@gmail.com','password405','Chennai','Tamil Nadu','India','3694333699','2020-06-25','21:30:00'),(406,'Annie','Annie@gmail.com','password406','Chennai','Tamil Nadu','India','5443226309','2020-08-27','22:30:00'),(407,'Annika','Annika@gmail.com','password407','Chennai','Tamil Nadu','India','5612566444','2020-10-01','23:30:00'),(408,'Annis','Annis@gmail.com','password408','Chennai','Tamil Nadu','India','5811027563','2020-01-03','00:30:00'),(409,'Annmarie','Annmarie@gmail.com','password409','Chennai','Tamil Nadu','India','2179143364','2020-03-05','01:30:00'),(410,'Anona','Anona@gmail.com','password410','Chennai','Tamil Nadu','India','1540302662','2020-05-07','02:30:00'),(411,'Ansel','Ansel@gmail.com','password411','Chennai','Tamil Nadu','India','3593297838','2020-07-09','03:30:00'),(412,'Ansley','Ansley@gmail.com','password412','Chennai','Tamil Nadu','India','9095215072','2020-09-11','04:30:00'),(413,'Anson','Anson@gmail.com','password413','Chennai','Tamil Nadu','India','9203769457','2020-11-13','05:30:00'),(414,'Anthoney','Anthoney@gmail.com','password414','Chennai','Tamil Nadu','India','1476541273','2020-02-15','06:30:00'),(415,'Anthony','Anthony@gmail.com','password415','Chennai','Tamil Nadu','India','8124500208','2020-04-17','07:30:00'),(416,'Antione','Antione@gmail.com','password416','Chennai','Tamil Nadu','India','8543230212','2020-06-19','08:30:00'),(417,'Antionette','Antionette@gmail.com','password417','Chennai','Tamil Nadu','India','4601649855','2020-08-21','09:30:00'),(418,'Antoine','Antoine@gmail.com','password418','Chennai','Tamil Nadu','India','3613786536','2020-10-23','10:30:00'),(419,'Antoinette','Antoinette@gmail.com','password419','Chennai','Tamil Nadu','India','1286749542','2020-01-25','11:30:00'),(420,'Anton','Anton@gmail.com','password420','Chennai','Tamil Nadu','India','7581670784','2020-03-27','12:30:00'),(421,'Antone','Antone@gmail.com','password421','Chennai','Tamil Nadu','India','7157044730','2020-05-01','13:30:00'),(422,'Antonetta','Antonetta@gmail.com','password422','Chennai','Tamil Nadu','India','1594931564','2020-07-03','14:30:00'),(423,'Antonette','Antonette@gmail.com','password423','Chennai','Tamil Nadu','India','8439959526','2020-09-05','15:30:00'),(424,'Antonia','Antonia@gmail.com','password424','Chennai','Tamil Nadu','India','9627876820','2020-11-07','16:30:00'),(425,'Antonina','Antonina@gmail.com','password425','Chennai','Tamil Nadu','India','9802776511','2020-02-09','17:30:00'),(426,'Antonio','Antonio@gmail.com','password426','Chennai','Tamil Nadu','India','5661802407','2020-04-11','18:30:00'),(427,'Antony','Antony@gmail.com','password427','Chennai','Tamil Nadu','India','8419390744','2020-06-13','19:30:00'),(428,'Antwain','Antwain@gmail.com','password428','Chennai','Tamil Nadu','India','9107117077','2020-08-15','20:30:00'),(429,'Antwan','Antwan@gmail.com','password429','Chennai','Tamil Nadu','India','5291540472','2020-10-17','21:30:00'),(430,'Antwon','Antwon@gmail.com','password430','Chennai','Tamil Nadu','India','3869718963','2020-01-19','22:30:00'),(431,'Anwar','Anwar@gmail.com','password431','Chennai','Tamil Nadu','India','9223707865','2020-03-21','23:30:00'),(432,'Anya','Anya@gmail.com','password432','Chennai','Tamil Nadu','India','6943454646','2020-05-23','00:30:00'),(433,'April','April@gmail.com','password433','Chennai','Tamil Nadu','India','1924826846','2020-07-25','01:30:00'),(434,'Ara','Ara@gmail.com','password434','Chennai','Tamil Nadu','India','4163792102','2020-09-27','02:30:00'),(435,'Arabella','Arabella@gmail.com','password435','Chennai','Tamil Nadu','India','1477549954','2020-11-01','03:30:00'),(436,'Araceli','Araceli@gmail.com','password436','Chennai','Tamil Nadu','India','1942759661','2020-02-03','04:30:00'),(437,'Aracely','Aracely@gmail.com','password437','Chennai','Tamil Nadu','India','4308303786','2020-04-05','05:30:00'),(438,'Arah','Arah@gmail.com','password438','Chennai','Tamil Nadu','India','7547316036','2020-06-07','06:30:00'),(439,'Araminta','Araminta@gmail.com','password439','Chennai','Tamil Nadu','India','3028665348','2020-08-09','07:30:00'),(440,'Arba','Arba@gmail.com','password440','Chennai','Tamil Nadu','India','3869276822','2020-10-11','08:30:00'),(441,'Arbie','Arbie@gmail.com','password441','Chennai','Tamil Nadu','India','8822513783','2020-01-13','09:30:00'),(442,'Arch','Arch@gmail.com','password442','Chennai','Tamil Nadu','India','6760979226','2020-03-15','10:30:00'),(443,'Archer','Archer@gmail.com','password443','Chennai','Tamil Nadu','India','5533101250','2020-05-17','11:30:00'),(444,'Archibald','Archibald@gmail.com','password444','Chennai','Tamil Nadu','India','6790323744','2020-07-19','12:30:00'),(445,'Archie','Archie@gmail.com','password445','Chennai','Tamil Nadu','India','8079132769','2020-09-21','13:30:00'),(446,'Ardath','Ardath@gmail.com','password446','Chennai','Tamil Nadu','India','2443884624','2020-11-23','14:30:00'),(447,'Ardelia','Ardelia@gmail.com','password447','Chennai','Tamil Nadu','India','3319001933','2020-02-25','15:30:00'),(448,'Ardell','Ardell@gmail.com','password448','Chennai','Tamil Nadu','India','6716059421','2020-04-27','16:30:00'),(449,'Ardella','Ardella@gmail.com','password449','Chennai','Tamil Nadu','India','9451669610','2020-06-01','17:30:00'),(450,'Ardelle','Ardelle@gmail.com','password450','Chennai','Tamil Nadu','India','7614835380','2020-08-03','18:30:00'),(451,'Arden','Arden@gmail.com','password451','Chennai','Tamil Nadu','India','4503487754','2020-10-05','19:30:00'),(452,'Ardeth','Ardeth@gmail.com','password452','Chennai','Tamil Nadu','India','9537722225','2020-01-07','20:30:00'),(453,'Ardis','Ardis@gmail.com','password453','Chennai','Tamil Nadu','India','3686123273','2020-03-09','21:30:00'),(454,'Ardith','Ardith@gmail.com','password454','Chennai','Tamil Nadu','India','8411386548','2020-05-11','22:30:00'),(455,'Ardyce','Ardyce@gmail.com','password455','Chennai','Tamil Nadu','India','1966173333','2020-07-13','23:30:00'),(456,'Areli','Areli@gmail.com','password456','Chennai','Tamil Nadu','India','7169255302','2020-09-15','00:30:00'),(457,'Arely','Arely@gmail.com','password457','Chennai','Tamil Nadu','India','9413336456','2020-11-17','01:30:00'),(458,'Aretha','Aretha@gmail.com','password458','Chennai','Tamil Nadu','India','7174904363','2020-02-19','02:30:00'),(459,'Argie','Argie@gmail.com','password459','Chennai','Tamil Nadu','India','2196191459','2020-04-21','03:30:00'),(460,'Ari','Ari@gmail.com','password460','Chennai','Tamil Nadu','India','3031374884','2020-06-23','04:30:00'),(461,'Aria','Aria@gmail.com','password461','Chennai','Tamil Nadu','India','3639439567','2020-08-25','05:30:00'),(462,'Ariana','Ariana@gmail.com','password462','Chennai','Tamil Nadu','India','1134435302','2020-10-27','06:30:00'),(463,'Ariane','Ariane@gmail.com','password463','Chennai','Tamil Nadu','India','6707550656','2020-01-01','07:30:00'),(464,'Arianna','Arianna@gmail.com','password464','Chennai','Tamil Nadu','India','5217654199','2020-03-03','08:30:00'),(465,'Aric','Aric@gmail.com','password465','Chennai','Tamil Nadu','India','4221543785','2020-05-05','09:30:00'),(466,'Arie','Arie@gmail.com','password466','Chennai','Tamil Nadu','India','4267678615','2020-07-07','10:30:00'),(467,'Ariel','Ariel@gmail.com','password467','Chennai','Tamil Nadu','India','3576533222','2020-09-09','11:30:00'),(468,'Ariella','Ariella@gmail.com','password468','Chennai','Tamil Nadu','India','4996390295','2020-11-11','12:30:00'),(469,'Arielle','Arielle@gmail.com','password469','Chennai','Tamil Nadu','India','8351767512','2020-02-13','13:30:00'),(470,'Arietta','Arietta@gmail.com','password470','Chennai','Tamil Nadu','India','2295043241','2020-04-15','14:30:00'),(471,'Arizona','Arizona@gmail.com','password471','Chennai','Tamil Nadu','India','5478343814','2020-06-17','15:30:00'),(472,'Arjun','Arjun@gmail.com','password472','Chennai','Tamil Nadu','India','8223544190','2020-08-19','16:30:00'),(473,'Arkie','Arkie@gmail.com','password473','Chennai','Tamil Nadu','India','9651445695','2020-10-21','17:30:00'),(474,'Arla','Arla@gmail.com','password474','Chennai','Tamil Nadu','India','9765869781','2020-01-23','18:30:00'),(475,'Arlan','Arlan@gmail.com','password475','Chennai','Tamil Nadu','India','5364300606','2020-03-25','19:30:00'),(476,'Arland','Arland@gmail.com','password476','Chennai','Tamil Nadu','India','3706081333','2020-05-27','20:30:00'),(477,'Arleen','Arleen@gmail.com','password477','Chennai','Tamil Nadu','India','7333941786','2020-07-01','21:30:00'),(478,'Arlen','Arlen@gmail.com','password478','Chennai','Tamil Nadu','India','4844794071','2020-09-03','22:30:00'),(479,'Arlena','Arlena@gmail.com','password479','Chennai','Tamil Nadu','India','3836215715','2020-11-05','23:30:00'),(480,'Arlene','Arlene@gmail.com','password480','Chennai','Tamil Nadu','India','2286757172','2020-02-07','00:30:00'),(481,'Arleth','Arleth@gmail.com','password481','Kochi','Kerala','India','8917355506','2020-04-09','01:30:00'),(482,'Arletta','Arletta@gmail.com','password482','Kochi','Kerala','India','5768127812','2020-06-11','02:30:00'),(483,'Arley','Arley@gmail.com','password483','Kochi','Kerala','India','7833738429','2020-08-13','03:30:00'),(484,'Arlie','Arlie@gmail.com','password484','Kochi','Kerala','India','2707976646','2020-10-15','04:30:00'),(485,'Arlin','Arlin@gmail.com','password485','Kochi','Kerala','India','3292856968','2020-01-17','05:30:00'),(486,'Arline','Arline@gmail.com','password486','Kochi','Kerala','India','5178953564','2020-03-19','06:30:00'),(487,'Arlington','Arlington@gmail.com','password487','Kochi','Kerala','India','3169327333','2020-05-21','07:30:00'),(488,'Arlis','Arlis@gmail.com','password488','Kochi','Kerala','India','6531897166','2020-07-23','08:30:00'),(489,'Arlo','Arlo@gmail.com','password489','Kochi','Kerala','India','6488407603','2020-09-25','09:30:00'),(490,'Arly','Arly@gmail.com','password490','Kochi','Kerala','India','2236891997','2020-11-27','10:30:00'),(491,'Arlyn','Arlyn@gmail.com','password491','Kochi','Kerala','India','5579874727','2020-02-01','11:30:00'),(492,'Arlyne','Arlyne@gmail.com','password492','Kochi','Kerala','India','2629901306','2020-04-03','12:30:00'),(493,'Arman','Arman@gmail.com','password493','Kochi','Kerala','India','3132378954','2020-06-05','13:30:00'),(494,'Armand','Armand@gmail.com','password494','Kochi','Kerala','India','3410030589','2020-08-07','14:30:00'),(495,'Armando','Armando@gmail.com','password495','Kochi','Kerala','India','9323307088','2020-10-09','15:30:00'),(496,'Armani','Armani@gmail.com','password496','Kochi','Kerala','India','5722426633','2020-01-11','16:30:00'),(497,'Armida','Armida@gmail.com','password497','Kochi','Kerala','India','3244843216','2020-03-13','17:30:00'),(498,'Armin','Armin@gmail.com','password498','Kochi','Kerala','India','2842710155','2020-05-15','18:30:00'),(499,'Arminda','Arminda@gmail.com','password499','Kochi','Kerala','India','2736573501','2020-07-17','19:30:00'),(500,'Arminta','Arminta@gmail.com','password500','Kochi','Kerala','India','1666169667','2020-09-19','20:30:00'),(501,'Armond','Armond@gmail.com','password501','Kochi','Kerala','India','5926184698','2020-11-21','21:30:00'),(502,'Armstead','Armstead@gmail.com','password502','Kochi','Kerala','India','9131901444','2020-02-23','22:30:00'),(503,'Arnav','Arnav@gmail.com','password503','Kochi','Kerala','India','3144575658','2020-04-25','23:30:00'),(504,'Arne','Arne@gmail.com','password504','Kochi','Kerala','India','2162675317','2020-06-27','00:30:00'),(505,'Arnett','Arnett@gmail.com','password505','Kochi','Kerala','India','2521235182','2020-08-01','01:30:00'),(506,'Arnetta','Arnetta@gmail.com','password506','Kochi','Kerala','India','7309381415','2020-10-03','02:30:00'),(507,'Arnie','Arnie@gmail.com','password507','Kochi','Kerala','India','8308065783','2020-01-05','03:30:00'),(508,'Arno','Arno@gmail.com','password508','Kochi','Kerala','India','3454787549','2020-03-07','04:30:00'),(509,'Arnold','Arnold@gmail.com','password509','Kochi','Kerala','India','2944006728','2020-05-09','05:30:00'),(510,'Arnoldo','Arnoldo@gmail.com','password510','Kochi','Kerala','India','3275729496','2020-07-11','06:30:00'),(511,'Arnulfo','Arnulfo@gmail.com','password511','Kochi','Kerala','India','5720615340','2020-09-13','07:30:00'),(512,'Aron','Aron@gmail.com','password512','Kochi','Kerala','India','5207619204','2020-11-15','08:30:00'),(513,'Arra','Arra@gmail.com','password513','Kochi','Kerala','India','4062207769','2020-02-17','09:30:00'),(514,'Arrie','Arrie@gmail.com','password514','Kochi','Kerala','India','5063116139','2020-04-19','10:30:00'),(515,'Arron','Arron@gmail.com','password515','Kochi','Kerala','India','6228098493','2020-06-21','11:30:00'),(516,'Arsenio','Arsenio@gmail.com','password516','Kochi','Kerala','India','9602009442','2020-08-23','12:30:00'),(517,'Art','Art@gmail.com','password517','Kochi','Kerala','India','9081877267','2020-10-25','13:30:00'),(518,'Arta','Arta@gmail.com','password518','Kochi','Kerala','India','7490327940','2020-01-27','14:30:00'),(519,'Artelia','Artelia@gmail.com','password519','Kochi','Kerala','India','1390662418','2020-03-01','15:30:00'),(520,'Arther','Arther@gmail.com','password520','Kochi','Kerala','India','9316122882','2020-05-03','16:30:00'),(521,'Arthor','Arthor@gmail.com','password521','Kochi','Kerala','India','4957287700','2020-07-05','17:30:00'),(522,'Arthur','Arthur@gmail.com','password522','Kochi','Kerala','India','2446306923','2020-09-07','18:30:00'),(523,'Artie','Artie@gmail.com','password523','Kochi','Kerala','India','2966952989','2020-11-09','19:30:00'),(524,'Artis','Artis@gmail.com','password524','Kochi','Kerala','India','3026467023','2020-02-11','20:30:00'),(525,'Arturo','Arturo@gmail.com','password525','Kochi','Kerala','India','1831768234','2020-04-13','21:30:00'),(526,'Arvel','Arvel@gmail.com','password526','Kochi','Kerala','India','8725515828','2020-06-15','22:30:00'),(527,'Arvid','Arvid@gmail.com','password527','Kochi','Kerala','India','8908312605','2020-08-17','23:30:00'),(528,'Arvil','Arvil@gmail.com','password528','Kochi','Kerala','India','4105995408','2020-10-19','00:30:00'),(529,'Arvilla','Arvilla@gmail.com','password529','Kochi','Kerala','India','7546096100','2020-01-21','01:30:00'),(530,'Arvin','Arvin@gmail.com','password530','Kochi','Kerala','India','6354972162','2020-03-23','02:30:00'),(531,'Arvo','Arvo@gmail.com','password531','Kochi','Kerala','India','8339882526','2020-05-25','03:30:00'),(532,'Aryan','Aryan@gmail.com','password532','Kochi','Kerala','India','4333515287','2020-07-27','04:30:00'),(533,'Aryana','Aryana@gmail.com','password533','Kochi','Kerala','India','8028307160','2020-09-01','05:30:00'),(534,'Aryanna','Aryanna@gmail.com','password534','Kochi','Kerala','India','6035701598','2020-11-03','06:30:00'),(535,'Asa','Asa@gmail.com','password535','Kochi','Kerala','India','3705719829','2020-02-05','07:30:00'),(536,'Asberry','Asberry@gmail.com','password536','Kochi','Kerala','India','5526489255','2020-04-07','08:30:00'),(537,'Asbury','Asbury@gmail.com','password537','Kochi','Kerala','India','2478012902','2020-06-09','09:30:00'),(538,'Asha','Asha@gmail.com','password538','Kochi','Kerala','India','8956120726','2020-08-11','10:30:00'),(539,'Ashanti','Ashanti@gmail.com','password539','Kochi','Kerala','India','1391045838','2020-10-13','11:30:00'),(540,'Ashby','Ashby@gmail.com','password540','Kochi','Kerala','India','8831287922','2020-01-15','12:30:00'),(541,'Ashely','Ashely@gmail.com','password541','Kochi','Kerala','India','7520358882','2020-03-17','13:30:00'),(542,'Asher','Asher@gmail.com','password542','Kochi','Kerala','India','3641467563','2020-05-19','14:30:00'),(543,'Ashlea','Ashlea@gmail.com','password543','Kochi','Kerala','India','9121017036','2020-07-21','15:30:00'),(544,'Ashlee','Ashlee@gmail.com','password544','Kochi','Kerala','India','9672584847','2020-09-23','16:30:00'),(545,'Ashleigh','Ashleigh@gmail.com','password545','Kochi','Kerala','India','8438038479','2020-11-25','17:30:00'),(546,'Ashley','Ashley@gmail.com','password546','Kochi','Kerala','India','3735648461','2020-02-27','18:30:00'),(547,'Ashli','Ashli@gmail.com','password547','Kochi','Kerala','India','9900187804','2020-04-01','19:30:00'),(548,'Ashlie','Ashlie@gmail.com','password548','Kochi','Kerala','India','1039500333','2020-06-03','20:30:00'),(549,'Ashly','Ashly@gmail.com','password549','Kochi','Kerala','India','3361513164','2020-08-05','21:30:00'),(550,'Ashlyn','Ashlyn@gmail.com','password550','Kochi','Kerala','India','5784069975','2020-10-07','22:30:00'),(551,'Ashlynn','Ashlynn@gmail.com','password551','Kochi','Kerala','India','7701190264','2020-01-09','23:30:00'),(552,'Ashton','Ashton@gmail.com','password552','Kochi','Kerala','India','1468118228','2020-03-11','00:30:00'),(553,'Ashtyn','Ashtyn@gmail.com','password553','Kochi','Kerala','India','7641260464','2020-05-13','01:30:00'),(554,'Asia','Asia@gmail.com','password554','Kochi','Kerala','India','4229066758','2020-07-15','02:30:00'),(555,'Ason','Ason@gmail.com','password555','Kochi','Kerala','India','2313327716','2020-09-17','03:30:00'),(556,'Aspen','Aspen@gmail.com','password556','Kochi','Kerala','India','6615732415','2020-11-19','04:30:00'),(557,'Assunta','Assunta@gmail.com','password557','Kochi','Kerala','India','9417514564','2020-02-21','05:30:00'),(558,'Astrid','Astrid@gmail.com','password558','Kochi','Kerala','India','6768088099','2020-04-23','06:30:00'),(559,'Atha','Atha@gmail.com','password559','Kochi','Kerala','India','2819924346','2020-06-25','07:30:00'),(560,'Athena','Athena@gmail.com','password560','Kochi','Kerala','India','6326246237','2020-08-27','08:30:00'),(561,'Atlas','Atlas@gmail.com','password561','Kochi','Kerala','India','2436528590','2020-10-01','09:30:00'),(562,'Atticus','Atticus@gmail.com','password562','Kochi','Kerala','India','9385469503','2020-01-03','10:30:00'),(563,'Attie','Attie@gmail.com','password563','Kochi','Kerala','India','6328032006','2020-03-05','11:30:00'),(564,'Attilio','Attilio@gmail.com','password564','Kochi','Kerala','India','5652770666','2020-05-07','12:30:00'),(565,'Aubra','Aubra@gmail.com','password565','Kochi','Kerala','India','9587076860','2020-07-09','13:30:00'),(566,'Aubree','Aubree@gmail.com','password566','Kochi','Kerala','India','2652321811','2020-09-11','14:30:00'),(567,'Aubrey','Aubrey@gmail.com','password567','Kochi','Kerala','India','2086919655','2020-11-13','15:30:00'),(568,'Aubrie','Aubrie@gmail.com','password568','Kochi','Kerala','India','4923855667','2020-02-15','16:30:00'),(569,'Audie','Audie@gmail.com','password569','Kochi','Kerala','India','8755487171','2020-04-17','17:30:00'),(570,'Audley','Audley@gmail.com','password570','Kochi','Kerala','India','2125513229','2020-06-19','18:30:00'),(571,'Audra','Audra@gmail.com','password571','Kochi','Kerala','India','4903537532','2020-08-21','19:30:00'),(572,'Audrey','Audrey@gmail.com','password572','Kochi','Kerala','India','5937327863','2020-10-23','20:30:00'),(573,'Audriana','Audriana@gmail.com','password573','Kochi','Kerala','India','8236433649','2020-01-25','21:30:00'),(574,'Audrianna','Audrianna@gmail.com','password574','Kochi','Kerala','India','4231411223','2020-03-27','22:30:00'),(575,'Audrina','Audrina@gmail.com','password575','Kochi','Kerala','India','4023531071','2020-05-01','23:30:00'),(576,'Audry','Audry@gmail.com','password576','Kochi','Kerala','India','7825207790','2020-07-03','00:30:00'),(577,'Audy','Audy@gmail.com','password577','Kochi','Kerala','India','3120603348','2020-09-05','01:30:00'),(578,'August','August@gmail.com','password578','Kochi','Kerala','India','6561227457','2020-11-07','02:30:00'),(579,'Augusta','Augusta@gmail.com','password579','Kochi','Kerala','India','2573557405','2020-02-09','03:30:00'),(580,'Auguste','Auguste@gmail.com','password580','Kochi','Kerala','India','9760541891','2020-04-11','04:30:00'),(581,'Augustin','Augustin@gmail.com','password581','Kochi','Kerala','India','5025591336','2020-06-13','05:30:00'),(582,'Augustina','Augustina@gmail.com','password582','Kochi','Kerala','India','9724950767','2020-08-15','06:30:00'),(583,'Augustine','Augustine@gmail.com','password583','Kochi','Kerala','India','4830919422','2020-10-17','07:30:00'),(584,'Augustus','Augustus@gmail.com','password584','Kochi','Kerala','India','5681332742','2020-01-19','08:30:00'),(585,'Aura','Aura@gmail.com','password585','Kochi','Kerala','India','6211041136','2020-03-21','09:30:00'),(586,'Aurelia','Aurelia@gmail.com','password586','Kochi','Kerala','India','1626502653','2020-05-23','10:30:00'),(587,'Aurelio','Aurelio@gmail.com','password587','Kochi','Kerala','India','1056462601','2020-07-25','11:30:00'),(588,'Aurilla','Aurilla@gmail.com','password588','Kochi','Kerala','India','4238756409','2020-09-27','12:30:00'),(589,'Aurora','Aurora@gmail.com','password589','Kochi','Kerala','India','5324544845','2020-11-01','13:30:00'),(590,'Aurore','Aurore@gmail.com','password590','Kochi','Kerala','India','3126879064','2020-02-03','14:30:00'),(591,'Aurthur','Aurthur@gmail.com','password591','Kochi','Kerala','India','6932684167','2020-04-05','15:30:00'),(592,'Austen','Austen@gmail.com','password592','Kochi','Kerala','India','6910151867','2020-06-07','16:30:00'),(593,'Austin','Austin@gmail.com','password593','Kochi','Kerala','India','3749531459','2020-08-09','17:30:00'),(594,'Auston','Auston@gmail.com','password594','Kochi','Kerala','India','2062433655','2020-10-11','18:30:00'),(595,'Austyn','Austyn@gmail.com','password595','Kochi','Kerala','India','7646797515','2020-01-13','19:30:00'),(596,'Auther','Auther@gmail.com','password596','Kochi','Kerala','India','4339862343','2020-03-15','20:30:00'),(597,'Author','Author@gmail.com','password597','Kochi','Kerala','India','1459152340','2020-05-17','21:30:00'),(598,'Authur','Authur@gmail.com','password598','Kochi','Kerala','India','3399964133','2020-07-19','22:30:00'),(599,'Autry','Autry@gmail.com','password599','Kochi','Kerala','India','4266629877','2020-09-21','23:30:00'),(600,'Autumn','Autumn@gmail.com','password600','Kochi','Kerala','India','8411044127','2020-11-23','00:30:00'),(601,'Ava','Ava@gmail.com','password601','Hyderabad','Telangana','India','1886777907','2020-02-25','01:30:00'),(602,'Avah','Avah@gmail.com','password602','Hyderabad','Telangana','India','9444433768','2020-04-27','02:30:00'),(603,'Averi','Averi@gmail.com','password603','Hyderabad','Telangana','India','3231206167','2020-06-01','03:30:00'),(604,'Averie','Averie@gmail.com','password604','Hyderabad','Telangana','India','2291094982','2020-08-03','04:30:00'),(605,'Avery','Avery@gmail.com','password605','Hyderabad','Telangana','India','2498958802','2020-10-05','05:30:00'),(606,'Avie','Avie@gmail.com','password606','Hyderabad','Telangana','India','9295253035','2020-01-07','06:30:00'),(607,'Avis','Avis@gmail.com','password607','Hyderabad','Telangana','India','2003110472','2020-03-09','07:30:00'),(608,'Avon','Avon@gmail.com','password608','Hyderabad','Telangana','India','8903986929','2020-05-11','08:30:00'),(609,'Axel','Axel@gmail.com','password609','Hyderabad','Telangana','India','2307117687','2020-07-13','09:30:00'),(610,'Ayaan','Ayaan@gmail.com','password610','Hyderabad','Telangana','India','8139324539','2020-09-15','10:30:00'),(611,'Ayana','Ayana@gmail.com','password611','Hyderabad','Telangana','India','5481161708','2020-11-17','11:30:00'),(612,'Ayanna','Ayanna@gmail.com','password612','Hyderabad','Telangana','India','8506363336','2020-02-19','12:30:00'),(613,'Aydan','Aydan@gmail.com','password613','Hyderabad','Telangana','India','3949628247','2020-04-21','13:30:00'),(614,'Ayden','Ayden@gmail.com','password614','Hyderabad','Telangana','India','2196569461','2020-06-23','14:30:00'),(615,'Aydin','Aydin@gmail.com','password615','Hyderabad','Telangana','India','4204410614','2020-08-25','15:30:00'),(616,'Ayesha','Ayesha@gmail.com','password616','Hyderabad','Telangana','India','4093128455','2020-10-27','16:30:00'),(617,'Ayla','Ayla@gmail.com','password617','Hyderabad','Telangana','India','7921200319','2020-01-01','17:30:00'),(618,'Aylin','Aylin@gmail.com','password618','Hyderabad','Telangana','India','1680207763','2020-03-03','18:30:00'),(619,'Azalee','Azalee@gmail.com','password619','Hyderabad','Telangana','India','4607310157','2020-05-05','19:30:00'),(620,'Azaria','Azaria@gmail.com','password620','Hyderabad','Telangana','India','9761065963','2020-07-07','20:30:00'),(621,'Azul','Azul@gmail.com','password621','Hyderabad','Telangana','India','7608601451','2020-09-09','21:30:00'),(622,'Azzie','Azzie@gmail.com','password622','Hyderabad','Telangana','India','5796918198','2020-11-11','22:30:00'),(623,'Babe','Babe@gmail.com','password623','Hyderabad','Telangana','India','5793293546','2020-02-13','23:30:00'),(624,'Babette','Babette@gmail.com','password624','Hyderabad','Telangana','India','8487141279','2020-04-15','00:30:00'),(625,'Baby','Baby@gmail.com','password625','Hyderabad','Telangana','India','1894422312','2020-06-17','01:30:00'),(626,'Babyboy','Babyboy@gmail.com','password626','Hyderabad','Telangana','India','1522134904','2020-08-19','02:30:00'),(627,'Bailee','Bailee@gmail.com','password627','Hyderabad','Telangana','India','2697534422','2020-10-21','03:30:00'),(628,'Bailey','Bailey@gmail.com','password628','Hyderabad','Telangana','India','5477727432','2020-01-23','04:30:00'),(629,'Baker','Baker@gmail.com','password629','Hyderabad','Telangana','India','8473694740','2020-03-25','05:30:00'),(630,'Baldwin','Baldwin@gmail.com','password630','Hyderabad','Telangana','India','6090294645','2020-05-27','06:30:00'),(631,'Ballard','Ballard@gmail.com','password631','Hyderabad','Telangana','India','2057180233','2020-07-01','07:30:00'),(632,'Bama','Bama@gmail.com','password632','Hyderabad','Telangana','India','7399755059','2020-09-03','08:30:00'),(633,'Bambi','Bambi@gmail.com','password633','Hyderabad','Telangana','India','4345673628','2020-11-05','09:30:00'),(634,'Banks','Banks@gmail.com','password634','Hyderabad','Telangana','India','3578544008','2020-02-07','10:30:00'),(635,'Barb','Barb@gmail.com','password635','Hyderabad','Telangana','India','7864475927','2020-04-09','11:30:00'),(636,'Barbara','Barbara@gmail.com','password636','Hyderabad','Telangana','India','8202851270','2020-06-11','12:30:00'),(637,'Barbie','Barbie@gmail.com','password637','Hyderabad','Telangana','India','4816307359','2020-08-13','13:30:00'),(638,'Barbra','Barbra@gmail.com','password638','Hyderabad','Telangana','India','9686885796','2020-10-15','14:30:00'),(639,'Barnard','Barnard@gmail.com','password639','Hyderabad','Telangana','India','4901512062','2020-01-17','15:30:00'),(640,'Barnett','Barnett@gmail.com','password640','Hyderabad','Telangana','India','3864494560','2020-03-19','16:30:00'),(641,'Barney','Barney@gmail.com','password641','Hyderabad','Telangana','India','5652868631','2020-05-21','17:30:00'),(642,'Barnie','Barnie@gmail.com','password642','Hyderabad','Telangana','India','7788266678','2020-07-23','18:30:00'),(643,'Baron','Baron@gmail.com','password643','Hyderabad','Telangana','India','5786988094','2020-09-25','19:30:00'),(644,'Barrett','Barrett@gmail.com','password644','Hyderabad','Telangana','India','2512176085','2020-11-27','20:30:00'),(645,'Barrie','Barrie@gmail.com','password645','Hyderabad','Telangana','India','9759918761','2020-02-01','21:30:00'),(646,'Barron','Barron@gmail.com','password646','Hyderabad','Telangana','India','9461748378','2020-04-03','22:30:00'),(647,'Barry','Barry@gmail.com','password647','Hyderabad','Telangana','India','5378662481','2020-06-05','23:30:00'),(648,'Bart','Bart@gmail.com','password648','Hyderabad','Telangana','India','8174368216','2020-08-07','00:30:00'),(649,'Bartholomew','Bartholomew@gmail.com','password649','Hyderabad','Telangana','India','9047754742','2020-10-09','01:30:00'),(650,'Bartley','Bartley@gmail.com','password650','Hyderabad','Telangana','India','3478184324','2020-01-11','02:30:00'),(651,'Barton','Barton@gmail.com','password651','Hyderabad','Telangana','India','4109162196','2020-03-13','03:30:00'),(652,'Bascom','Bascom@gmail.com','password652','Hyderabad','Telangana','India','7464687563','2020-05-15','04:30:00'),(653,'Basil','Basil@gmail.com','password653','Hyderabad','Telangana','India','7570194650','2020-07-17','05:30:00'),(654,'Baxter','Baxter@gmail.com','password654','Hyderabad','Telangana','India','5327194976','2020-09-19','06:30:00'),(655,'Bayard','Bayard@gmail.com','password655','Hyderabad','Telangana','India','2238365141','2020-11-21','07:30:00'),(656,'Baylee','Baylee@gmail.com','password656','Hyderabad','Telangana','India','7955758333','2020-02-23','08:30:00'),(657,'Baylie','Baylie@gmail.com','password657','Hyderabad','Telangana','India','8167512094','2020-04-25','09:30:00'),(658,'Bea','Bea@gmail.com','password658','Hyderabad','Telangana','India','2942214385','2020-06-27','10:30:00'),(659,'Beadie','Beadie@gmail.com','password659','Hyderabad','Telangana','India','2743913894','2020-08-01','11:30:00'),(660,'Beatrice','Beatrice@gmail.com','password660','Hyderabad','Telangana','India','7070816871','2020-10-03','12:30:00'),(661,'Beatrix','Beatrix@gmail.com','password661','Hyderabad','Telangana','India','3307397920','2020-01-05','13:30:00'),(662,'Beatriz','Beatriz@gmail.com','password662','Hyderabad','Telangana','India','9408204506','2020-03-07','14:30:00'),(663,'Beau','Beau@gmail.com','password663','Hyderabad','Telangana','India','8964134724','2020-05-09','15:30:00'),(664,'Beaulah','Beaulah@gmail.com','password664','Hyderabad','Telangana','India','5098426291','2020-07-11','16:30:00'),(665,'Bebe','Bebe@gmail.com','password665','Hyderabad','Telangana','India','1543101639','2020-09-13','17:30:00'),(666,'Beckett','Beckett@gmail.com','password666','Hyderabad','Telangana','India','4510439647','2020-11-15','18:30:00'),(667,'Beckham','Beckham@gmail.com','password667','Hyderabad','Telangana','India','7093827004','2020-02-17','19:30:00'),(668,'Beckie','Beckie@gmail.com','password668','Hyderabad','Telangana','India','5002789952','2020-04-19','20:30:00'),(669,'Becky','Becky@gmail.com','password669','Hyderabad','Telangana','India','2354968386','2020-06-21','21:30:00'),(670,'Beda','Beda@gmail.com','password670','Hyderabad','Telangana','India','9014094894','2020-08-23','22:30:00'),(671,'Bedford','Bedford@gmail.com','password671','Hyderabad','Telangana','India','2882660042','2020-10-25','23:30:00'),(672,'Bee','Bee@gmail.com','password672','Hyderabad','Telangana','India','3232226734','2020-01-27','00:30:00'),(673,'Beecher','Beecher@gmail.com','password673','Hyderabad','Telangana','India','1343143433','2020-03-01','01:30:00'),(674,'Belen','Belen@gmail.com','password674','Hyderabad','Telangana','India','6818347605','2020-05-03','02:30:00'),(675,'Belia','Belia@gmail.com','password675','Hyderabad','Telangana','India','2789547616','2020-07-05','03:30:00'),(676,'Belinda','Belinda@gmail.com','password676','Hyderabad','Telangana','India','1536564273','2020-09-07','04:30:00'),(677,'Bell','Bell@gmail.com','password677','Hyderabad','Telangana','India','7295725356','2020-11-09','05:30:00'),(678,'Bella','Bella@gmail.com','password678','Hyderabad','Telangana','India','8900711487','2020-02-11','06:30:00'),(679,'Belle','Belle@gmail.com','password679','Hyderabad','Telangana','India','6228938985','2020-04-13','07:30:00'),(680,'Belton','Belton@gmail.com','password680','Hyderabad','Telangana','India','1796100960','2020-06-15','08:30:00'),(681,'Belva','Belva@gmail.com','password681','Hyderabad','Telangana','India','8163503789','2020-08-17','09:30:00'),(682,'Ben','Ben@gmail.com','password682','Hyderabad','Telangana','India','7732748609','2020-10-19','10:30:00'),(683,'Bena','Bena@gmail.com','password683','Hyderabad','Telangana','India','4715662203','2020-01-21','11:30:00'),(684,'Benard','Benard@gmail.com','password684','Hyderabad','Telangana','India','5002062748','2020-03-23','12:30:00'),(685,'Benedict','Benedict@gmail.com','password685','Hyderabad','Telangana','India','5386240123','2020-05-25','13:30:00'),(686,'Benita','Benita@gmail.com','password686','Hyderabad','Telangana','India','3303256850','2020-07-27','14:30:00'),(687,'Benito','Benito@gmail.com','password687','Hyderabad','Telangana','India','3161304916','2020-09-01','15:30:00'),(688,'Benjaman','Benjaman@gmail.com','password688','Hyderabad','Telangana','India','8732360205','2020-11-03','16:30:00'),(689,'Benjamen','Benjamen@gmail.com','password689','Hyderabad','Telangana','India','3304611608','2020-02-05','17:30:00'),(690,'Benjamin','Benjamin@gmail.com','password690','Hyderabad','Telangana','India','5397247222','2020-04-07','18:30:00'),(691,'Benjamine','Benjamine@gmail.com','password691','Hyderabad','Telangana','India','1294432341','2020-06-09','19:30:00'),(692,'Benji','Benji@gmail.com','password692','Hyderabad','Telangana','India','3486362861','2020-08-11','20:30:00'),(693,'Benjiman','Benjiman@gmail.com','password693','Hyderabad','Telangana','India','3457819680','2020-10-13','21:30:00'),(694,'Benjman','Benjman@gmail.com','password694','Hyderabad','Telangana','India','2692585228','2020-01-15','22:30:00'),(695,'Bennett','Bennett@gmail.com','password695','Hyderabad','Telangana','India','4451472826','2020-03-17','23:30:00'),(696,'Bennie','Bennie@gmail.com','password696','Hyderabad','Telangana','India','1167066223','2020-05-19','00:30:00'),(697,'Benny','Benny@gmail.com','password697','Hyderabad','Telangana','India','1721679714','2020-07-21','01:30:00'),(698,'Benson','Benson@gmail.com','password698','Hyderabad','Telangana','India','1905613076','2020-09-23','02:30:00'),(699,'Bentley','Bentley@gmail.com','password699','Hyderabad','Telangana','India','8139565378','2020-11-25','03:30:00'),(700,'Benton','Benton@gmail.com','password700','Hyderabad','Telangana','India','5116136824','2020-02-27','04:30:00'),(701,'Berdie','Berdie@gmail.com','password701','Hyderabad','Telangana','India','9300732275','2020-04-01','05:30:00'),(702,'Berenice','Berenice@gmail.com','password702','Hyderabad','Telangana','India','3644002970','2020-06-03','06:30:00'),(703,'Berkley','Berkley@gmail.com','password703','Hyderabad','Telangana','India','7279929522','2020-08-05','07:30:00'),(704,'Berlin','Berlin@gmail.com','password704','Hyderabad','Telangana','India','5924483304','2020-10-07','08:30:00'),(705,'Bernadette','Bernadette@gmail.com','password705','Hyderabad','Telangana','India','3022151017','2020-01-09','09:30:00'),(706,'Bernadine','Bernadine@gmail.com','password706','Hyderabad','Telangana','India','4552217643','2020-03-11','10:30:00'),(707,'Bernard','Bernard@gmail.com','password707','Hyderabad','Telangana','India','7690535189','2020-05-13','11:30:00'),(708,'Bernardine','Bernardine@gmail.com','password708','Hyderabad','Telangana','India','8410722009','2020-07-15','12:30:00'),(709,'Bernardo','Bernardo@gmail.com','password709','Hyderabad','Telangana','India','2678262063','2020-09-17','13:30:00'),(710,'Berneice','Berneice@gmail.com','password710','Hyderabad','Telangana','India','6084645090','2020-11-19','14:30:00'),(711,'Bernetta','Bernetta@gmail.com','password711','Hyderabad','Telangana','India','2519876590','2020-02-21','15:30:00'),(712,'Bernhard','Bernhard@gmail.com','password712','Hyderabad','Telangana','India','8677119847','2020-04-23','16:30:00'),(713,'Bernice','Bernice@gmail.com','password713','Hyderabad','Telangana','India','8844013088','2020-06-25','17:30:00'),(714,'Bernie','Bernie@gmail.com','password714','Hyderabad','Telangana','India','3511373629','2020-08-27','18:30:00'),(715,'Berniece','Berniece@gmail.com','password715','Hyderabad','Telangana','India','1761240753','2020-10-01','19:30:00'),(716,'Bernita','Bernita@gmail.com','password716','Hyderabad','Telangana','India','6626620317','2020-01-03','20:30:00'),(717,'Berry','Berry@gmail.com','password717','Hyderabad','Telangana','India','3560307307','2020-03-05','21:30:00'),(718,'Bert','Bert@gmail.com','password718','Hyderabad','Telangana','India','5288083523','2020-05-07','22:30:00'),(719,'Berta','Berta@gmail.com','password719','Hyderabad','Telangana','India','3748388151','2020-07-09','23:30:00'),(720,'Bertha','Bertha@gmail.com','password720','Hyderabad','Telangana','India','5205404593','2020-09-11','00:30:00'),(721,'Bertie','Bertie@gmail.com','password721','Delhi','Delhi','India','7169024153','2020-11-13','01:30:00'),(722,'Bertina','Bertina@gmail.com','password722','Delhi','Delhi','India','8219750953','2020-02-15','02:30:00'),(723,'Berton','Berton@gmail.com','password723','Delhi','Delhi','India','6258195289','2020-04-17','03:30:00'),(724,'Bertram','Bertram@gmail.com','password724','Delhi','Delhi','India','5908066696','2020-06-19','04:30:00'),(725,'Bertrand','Bertrand@gmail.com','password725','Delhi','Delhi','India','4895794867','2020-08-21','05:30:00'),(726,'Beryl','Beryl@gmail.com','password726','Delhi','Delhi','India','6190802872','2020-10-23','06:30:00'),(727,'Bess','Bess@gmail.com','password727','Delhi','Delhi','India','3150642804','2020-01-25','07:30:00'),(728,'Besse','Besse@gmail.com','password728','Delhi','Delhi','India','8591248587','2020-03-27','08:30:00'),(729,'Bessie','Bessie@gmail.com','password729','Delhi','Delhi','India','7008291054','2020-05-01','09:30:00'),(730,'Beth','Beth@gmail.com','password730','Delhi','Delhi','India','2511392510','2020-07-03','10:30:00'),(731,'Betha','Betha@gmail.com','password731','Delhi','Delhi','India','9712173135','2020-09-05','11:30:00'),(732,'Bethann','Bethann@gmail.com','password732','Delhi','Delhi','India','1963947758','2020-11-07','12:30:00'),(733,'Bethany','Bethany@gmail.com','password733','Delhi','Delhi','India','9198674816','2020-02-09','13:30:00'),(734,'Bethel','Bethel@gmail.com','password734','Delhi','Delhi','India','9673201988','2020-04-11','14:30:00'),(735,'Bethzy','Bethzy@gmail.com','password735','Delhi','Delhi','India','3460423557','2020-06-13','15:30:00'),(736,'Betsey','Betsey@gmail.com','password736','Delhi','Delhi','India','1366302722','2020-08-15','16:30:00'),(737,'Betsy','Betsy@gmail.com','password737','Delhi','Delhi','India','7696995768','2020-10-17','17:30:00'),(738,'Bette','Bette@gmail.com','password738','Delhi','Delhi','India','8799972098','2020-01-19','18:30:00'),(739,'Bettie','Bettie@gmail.com','password739','Delhi','Delhi','India','5289462989','2020-03-21','19:30:00'),(740,'Bettina','Bettina@gmail.com','password740','Delhi','Delhi','India','3525590002','2020-05-23','20:30:00'),(741,'Betty','Betty@gmail.com','password741','Delhi','Delhi','India','6918138741','2020-07-25','21:30:00'),(742,'Bettye','Bettye@gmail.com','password742','Delhi','Delhi','India','3179812328','2020-09-27','22:30:00'),(743,'Bettyjane','Bettyjane@gmail.com','password743','Delhi','Delhi','India','1483309354','2020-11-01','23:30:00'),(744,'Bettylou','Bettylou@gmail.com','password744','Delhi','Delhi','India','2914582066','2020-02-03','00:30:00'),(745,'Beula','Beula@gmail.com','password745','Delhi','Delhi','India','5741556225','2020-04-05','01:30:00'),(746,'Beulah','Beulah@gmail.com','password746','Delhi','Delhi','India','7332570403','2020-06-07','02:30:00'),(747,'Bev','Bev@gmail.com','password747','Delhi','Delhi','India','9732211388','2020-08-09','03:30:00'),(748,'Beverlee','Beverlee@gmail.com','password748','Delhi','Delhi','India','8628904997','2020-10-11','04:30:00'),(749,'Beverley','Beverley@gmail.com','password749','Delhi','Delhi','India','8468325012','2020-01-13','05:30:00'),(750,'Beverly','Beverly@gmail.com','password750','Delhi','Delhi','India','2089330223','2020-03-15','06:30:00'),(751,'Beyonce','Beyonce@gmail.com','password751','Delhi','Delhi','India','2950071302','2020-05-17','07:30:00'),(752,'Bianca','Bianca@gmail.com','password752','Delhi','Delhi','India','6183844509','2020-07-19','08:30:00'),(753,'Biddie','Biddie@gmail.com','password753','Delhi','Delhi','India','9414771005','2020-09-21','09:30:00'),(754,'Bilal','Bilal@gmail.com','password754','Delhi','Delhi','India','5996041478','2020-11-23','10:30:00'),(755,'Bill','Bill@gmail.com','password755','Delhi','Delhi','India','3312363780','2020-02-25','11:30:00'),(756,'Billie','Billie@gmail.com','password756','Delhi','Delhi','India','7895576249','2020-04-27','12:30:00'),(757,'Billy','Billy@gmail.com','password757','Delhi','Delhi','India','8997638955','2020-06-01','13:30:00'),(758,'Billye','Billye@gmail.com','password758','Delhi','Delhi','India','5776693909','2020-08-03','14:30:00'),(759,'Bina','Bina@gmail.com','password759','Delhi','Delhi','India','3541367025','2020-10-05','15:30:00'),(760,'Bird','Bird@gmail.com','password760','Delhi','Delhi','India','7099240194','2020-01-07','16:30:00'),(761,'Birdella','Birdella@gmail.com','password761','Delhi','Delhi','India','2068770790','2020-03-09','17:30:00'),(762,'Birdie','Birdie@gmail.com','password762','Delhi','Delhi','India','8179534611','2020-05-11','18:30:00'),(763,'Birt','Birt@gmail.com','password763','Delhi','Delhi','India','4220209623','2020-07-13','19:30:00'),(764,'Birtha','Birtha@gmail.com','password764','Delhi','Delhi','India','7750277400','2020-09-15','20:30:00'),(765,'Birtie','Birtie@gmail.com','password765','Delhi','Delhi','India','1310729640','2020-11-17','21:30:00'),(766,'Bishop','Bishop@gmail.com','password766','Delhi','Delhi','India','2994297193','2020-02-19','22:30:00'),(767,'Bjorn','Bjorn@gmail.com','password767','Delhi','Delhi','India','8150712618','2020-04-21','23:30:00'),(768,'Blain','Blain@gmail.com','password768','Delhi','Delhi','India','6384240627','2020-06-23','00:30:00'),(769,'Blaine','Blaine@gmail.com','password769','Delhi','Delhi','India','3561937995','2020-08-25','01:30:00'),(770,'Blair','Blair@gmail.com','password770','Delhi','Delhi','India','7914712751','2020-10-27','02:30:00'),(771,'Blaise','Blaise@gmail.com','password771','Delhi','Delhi','India','5757119085','2020-01-01','03:30:00'),(772,'Blake','Blake@gmail.com','password772','Delhi','Delhi','India','6403906499','2020-03-03','04:30:00'),(773,'Blanca','Blanca@gmail.com','password773','Delhi','Delhi','India','7547078439','2020-05-05','05:30:00'),(774,'Blanch','Blanch@gmail.com','password774','Delhi','Delhi','India','5145236038','2020-07-07','06:30:00'),(775,'Blanchard','Blanchard@gmail.com','password775','Delhi','Delhi','India','7297716697','2020-09-09','07:30:00'),(776,'Blanche','Blanche@gmail.com','password776','Delhi','Delhi','India','9306502594','2020-11-11','08:30:00'),(777,'Blanchie','Blanchie@gmail.com','password777','Delhi','Delhi','India','1960331334','2020-02-13','09:30:00'),(778,'Blane','Blane@gmail.com','password778','Delhi','Delhi','India','1698480076','2020-04-15','10:30:00'),(779,'Blas','Blas@gmail.com','password779','Delhi','Delhi','India','6704112121','2020-06-17','11:30:00'),(780,'Blaze','Blaze@gmail.com','password780','Delhi','Delhi','India','8665204265','2020-08-19','12:30:00'),(781,'Bliss','Bliss@gmail.com','password781','Delhi','Delhi','India','7355934765','2020-10-21','13:30:00'),(782,'Blossom','Blossom@gmail.com','password782','Delhi','Delhi','India','1623185583','2020-01-23','14:30:00'),(783,'Bluford','Bluford@gmail.com','password783','Delhi','Delhi','India','3740886210','2020-03-25','15:30:00'),(784,'Bo','Bo@gmail.com','password784','Delhi','Delhi','India','1180838094','2020-05-27','16:30:00'),(785,'Bob','Bob@gmail.com','password785','Delhi','Delhi','India','8075916357','2020-07-01','17:30:00'),(786,'Bobbi','Bobbi@gmail.com','password786','Delhi','Delhi','India','8564780605','2020-09-03','18:30:00'),(787,'Bobbie','Bobbie@gmail.com','password787','Delhi','Delhi','India','6081271597','2020-11-05','19:30:00'),(788,'Bobby','Bobby@gmail.com','password788','Delhi','Delhi','India','1617577975','2020-02-07','20:30:00'),(789,'Bobbye','Bobbye@gmail.com','password789','Delhi','Delhi','India','4201625197','2020-04-09','21:30:00'),(790,'Bode','Bode@gmail.com','password790','Delhi','Delhi','India','3862955567','2020-06-11','22:30:00'),(791,'Bolden','Bolden@gmail.com','password791','Delhi','Delhi','India','2908144160','2020-08-13','23:30:00'),(792,'Bonita','Bonita@gmail.com','password792','Delhi','Delhi','India','5017859987','2020-10-15','00:30:00'),(793,'Bonnie','Bonnie@gmail.com','password793','Delhi','Delhi','India','4251649319','2020-01-17','01:30:00'),(794,'Bonny','Bonny@gmail.com','password794','Delhi','Delhi','India','9541029902','2020-03-19','02:30:00'),(795,'Booker','Booker@gmail.com','password795','Delhi','Delhi','India','3959320262','2020-05-21','03:30:00'),(796,'Boone','Boone@gmail.com','password796','Delhi','Delhi','India','7330924561','2020-07-23','04:30:00'),(797,'Boris','Boris@gmail.com','password797','Delhi','Delhi','India','9664557492','2020-09-25','05:30:00'),(798,'Bose','Bose@gmail.com','password798','Delhi','Delhi','India','8965769418','2020-11-27','06:30:00'),(799,'Boss','Boss@gmail.com','password799','Delhi','Delhi','India','4638460380','2020-02-01','07:30:00'),(800,'Boston','Boston@gmail.com','password800','Delhi','Delhi','India','3088084186','2020-04-03','08:30:00'),(801,'Bowman','Bowman@gmail.com','password801','Delhi','Delhi','India','1677435588','2020-06-05','09:30:00'),(802,'Boyce','Boyce@gmail.com','password802','Delhi','Delhi','India','7333327612','2020-08-07','10:30:00'),(803,'Boyd','Boyd@gmail.com','password803','Delhi','Delhi','India','3232509590','2020-10-09','11:30:00'),(804,'Boysie','Boysie@gmail.com','password804','Delhi','Delhi','India','9640951302','2020-01-11','12:30:00'),(805,'Brad','Brad@gmail.com','password805','Delhi','Delhi','India','1745193246','2020-03-13','13:30:00'),(806,'Braden','Braden@gmail.com','password806','Delhi','Delhi','India','8630590695','2020-05-15','14:30:00'),(807,'Bradford','Bradford@gmail.com','password807','Delhi','Delhi','India','8985867332','2020-07-17','15:30:00'),(808,'Bradley','Bradley@gmail.com','password808','Delhi','Delhi','India','5640281883','2020-09-19','16:30:00'),(809,'Bradly','Bradly@gmail.com','password809','Delhi','Delhi','India','7622332020','2020-11-21','17:30:00'),(810,'Brady','Brady@gmail.com','password810','Delhi','Delhi','India','8549563985','2020-02-23','18:30:00'),(811,'Bradyn','Bradyn@gmail.com','password811','Delhi','Delhi','India','8869712457','2020-04-25','19:30:00'),(812,'Braeden','Braeden@gmail.com','password812','Delhi','Delhi','India','8090250065','2020-06-27','20:30:00'),(813,'Braedon','Braedon@gmail.com','password813','Delhi','Delhi','India','8952248332','2020-08-01','21:30:00'),(814,'Braelyn','Braelyn@gmail.com','password814','Delhi','Delhi','India','3490848896','2020-10-03','22:30:00'),(815,'Braiden','Braiden@gmail.com','password815','Delhi','Delhi','India','2969470501','2020-01-05','23:30:00'),(816,'Brain','Brain@gmail.com','password816','Delhi','Delhi','India','2212759352','2020-03-07','00:30:00'),(817,'Branch','Branch@gmail.com','password817','Delhi','Delhi','India','5396030042','2020-05-09','01:30:00'),(818,'Brandan','Brandan@gmail.com','password818','Delhi','Delhi','India','7126227966','2020-07-11','02:30:00'),(819,'Brande','Brande@gmail.com','password819','Delhi','Delhi','India','2569639131','2020-09-13','03:30:00'),(820,'Brandee','Brandee@gmail.com','password820','Delhi','Delhi','India','2015722289','2020-11-15','04:30:00'),(821,'Branden','Branden@gmail.com','password821','Delhi','Delhi','India','3441208175','2020-02-17','05:30:00'),(822,'Brandi','Brandi@gmail.com','password822','Delhi','Delhi','India','1132619756','2020-04-19','06:30:00'),(823,'Brandie','Brandie@gmail.com','password823','Delhi','Delhi','India','1174347775','2020-06-21','07:30:00'),(824,'Brandin','Brandin@gmail.com','password824','Delhi','Delhi','India','3709730219','2020-08-23','08:30:00'),(825,'Brandon','Brandon@gmail.com','password825','Delhi','Delhi','India','1304961908','2020-10-25','09:30:00'),(826,'Brandt','Brandt@gmail.com','password826','Delhi','Delhi','India','5050330236','2020-01-27','10:30:00'),(827,'Brandy','Brandy@gmail.com','password827','Delhi','Delhi','India','1874806723','2020-03-01','11:30:00'),(828,'Brandyn','Brandyn@gmail.com','password828','Delhi','Delhi','India','5017777606','2020-05-03','12:30:00'),(829,'Brannon','Brannon@gmail.com','password829','Delhi','Delhi','India','2405798112','2020-07-05','13:30:00'),(830,'Branson','Branson@gmail.com','password830','Delhi','Delhi','India','8142240007','2020-09-07','14:30:00'),(831,'Brant','Brant@gmail.com','password831','Delhi','Delhi','India','6533160577','2020-11-09','15:30:00'),(832,'Brantley','Brantley@gmail.com','password832','Delhi','Delhi','India','1561987694','2020-02-11','16:30:00'),(833,'Braulio','Braulio@gmail.com','password833','Delhi','Delhi','India','4298199756','2020-04-13','17:30:00'),(834,'Braxton','Braxton@gmail.com','password834','Delhi','Delhi','India','6549574062','2020-06-15','18:30:00'),(835,'Brayan','Brayan@gmail.com','password835','Delhi','Delhi','India','4206763346','2020-08-17','19:30:00'),(836,'Brayden','Brayden@gmail.com','password836','Delhi','Delhi','India','6862692848','2020-10-19','20:30:00'),(837,'Braydon','Braydon@gmail.com','password837','Delhi','Delhi','India','1076030747','2020-01-21','21:30:00'),(838,'Braylen','Braylen@gmail.com','password838','Delhi','Delhi','India','5624668554','2020-03-23','22:30:00'),(839,'Braylon','Braylon@gmail.com','password839','Delhi','Delhi','India','4086117544','2020-05-25','23:30:00'),(840,'Brea','Brea@gmail.com','password840','Delhi','Delhi','India','9203933831','2020-07-27','00:30:00'),(841,'Breana','Breana@gmail.com','password841','Kolkata','West Bengal','India','7854106804','2020-09-01','01:30:00'),(842,'Breann','Breann@gmail.com','password842','Kolkata','West Bengal','India','3478004102','2020-11-03','02:30:00'),(843,'Breanna','Breanna@gmail.com','password843','Kolkata','West Bengal','India','3577489324','2020-02-05','03:30:00'),(844,'Breanne','Breanne@gmail.com','password844','Kolkata','West Bengal','India','4602097894','2020-04-07','04:30:00'),(845,'Bree','Bree@gmail.com','password845','Kolkata','West Bengal','India','5229513911','2020-06-09','05:30:00'),(846,'Brenda','Brenda@gmail.com','password846','Kolkata','West Bengal','India','5998437308','2020-08-11','06:30:00'),(847,'Brendan','Brendan@gmail.com','password847','Kolkata','West Bengal','India','4973024436','2020-10-13','07:30:00'),(848,'Brenden','Brenden@gmail.com','password848','Kolkata','West Bengal','India','6502412910','2020-01-15','08:30:00'),(849,'Brendon','Brendon@gmail.com','password849','Kolkata','West Bengal','India','4834991974','2020-03-17','09:30:00'),(850,'Brenna','Brenna@gmail.com','password850','Kolkata','West Bengal','India','7406986475','2020-05-19','10:30:00'),(851,'Brennan','Brennan@gmail.com','password851','Kolkata','West Bengal','India','1897148252','2020-07-21','11:30:00'),(852,'Brennen','Brennen@gmail.com','password852','Kolkata','West Bengal','India','3386191421','2020-09-23','12:30:00'),(853,'Brennon','Brennon@gmail.com','password853','Kolkata','West Bengal','India','5273825057','2020-11-25','13:30:00'),(854,'Brent','Brent@gmail.com','password854','Kolkata','West Bengal','India','8508732360','2020-02-27','14:30:00'),(855,'Brenton','Brenton@gmail.com','password855','Kolkata','West Bengal','India','7743951674','2020-04-01','15:30:00'),(856,'Breonna','Breonna@gmail.com','password856','Kolkata','West Bengal','India','6005343931','2020-06-03','16:30:00'),(857,'Bret','Bret@gmail.com','password857','Kolkata','West Bengal','India','6077578917','2020-08-05','17:30:00'),(858,'Brett','Brett@gmail.com','password858','Kolkata','West Bengal','India','9484269025','2020-10-07','18:30:00'),(859,'Bria','Bria@gmail.com','password859','Kolkata','West Bengal','India','8025849307','2020-01-09','19:30:00'),(860,'Brian','Brian@gmail.com','password860','Kolkata','West Bengal','India','6310667813','2020-03-11','20:30:00'),(861,'Briana','Briana@gmail.com','password861','Kolkata','West Bengal','India','6493540266','2020-05-13','21:30:00'),(862,'Brianda','Brianda@gmail.com','password862','Kolkata','West Bengal','India','1359254296','2020-07-15','22:30:00'),(863,'Brianna','Brianna@gmail.com','password863','Kolkata','West Bengal','India','6946701096','2020-09-17','23:30:00'),(864,'Brianne','Brianne@gmail.com','password864','Kolkata','West Bengal','India','2685547271','2020-11-19','00:30:00'),(865,'Brice','Brice@gmail.com','password865','Kolkata','West Bengal','India','7226366901','2020-02-21','01:30:00'),(866,'Bridger','Bridger@gmail.com','password866','Kolkata','West Bengal','India','8147402844','2020-04-23','02:30:00'),(867,'Bridget','Bridget@gmail.com','password867','Kolkata','West Bengal','India','6248023800','2020-06-25','03:30:00'),(868,'Bridgett','Bridgett@gmail.com','password868','Kolkata','West Bengal','India','9258445462','2020-08-27','04:30:00'),(869,'Bridgette','Bridgette@gmail.com','password869','Kolkata','West Bengal','India','1720253494','2020-10-01','05:30:00'),(870,'Brielle','Brielle@gmail.com','password870','Kolkata','West Bengal','India','6837955401','2020-01-03','06:30:00'),(871,'Brien','Brien@gmail.com','password871','Kolkata','West Bengal','India','9613536667','2020-03-05','07:30:00'),(872,'Brigette','Brigette@gmail.com','password872','Kolkata','West Bengal','India','6403792110','2020-05-07','08:30:00'),(873,'Brigid','Brigid@gmail.com','password873','Kolkata','West Bengal','India','3307143491','2020-07-09','09:30:00'),(874,'Brigitte','Brigitte@gmail.com','password874','Kolkata','West Bengal','India','6755277823','2020-09-11','10:30:00'),(875,'Briley','Briley@gmail.com','password875','Kolkata','West Bengal','India','2000319325','2020-11-13','11:30:00'),(876,'Brinda','Brinda@gmail.com','password876','Kolkata','West Bengal','India','4751962575','2020-02-15','12:30:00'),(877,'Brion','Brion@gmail.com','password877','Kolkata','West Bengal','India','6069863344','2020-04-17','13:30:00'),(878,'Brionna','Brionna@gmail.com','password878','Kolkata','West Bengal','India','1762143507','2020-06-19','14:30:00'),(879,'Brisa','Brisa@gmail.com','password879','Kolkata','West Bengal','India','5386995836','2020-08-21','15:30:00'),(880,'Britany','Britany@gmail.com','password880','Kolkata','West Bengal','India','9518132703','2020-10-23','16:30:00'),(881,'Britney','Britney@gmail.com','password881','Kolkata','West Bengal','India','9850821703','2020-01-25','17:30:00'),(882,'Britni','Britni@gmail.com','password882','Kolkata','West Bengal','India','4677903254','2020-03-27','18:30:00'),(883,'Britny','Britny@gmail.com','password883','Kolkata','West Bengal','India','2638039122','2020-05-01','19:30:00'),(884,'Britt','Britt@gmail.com','password884','Kolkata','West Bengal','India','9144850445','2020-07-03','20:30:00'),(885,'Britta','Britta@gmail.com','password885','Kolkata','West Bengal','India','3382851742','2020-09-05','21:30:00'),(886,'Brittaney','Brittaney@gmail.com','password886','Kolkata','West Bengal','India','6142164707','2020-11-07','22:30:00'),(887,'Brittani','Brittani@gmail.com','password887','Kolkata','West Bengal','India','2658163256','2020-02-09','23:30:00'),(888,'Brittanie','Brittanie@gmail.com','password888','Kolkata','West Bengal','India','7678743015','2020-04-11','00:30:00'),(889,'Brittany','Brittany@gmail.com','password889','Kolkata','West Bengal','India','1354227956','2020-06-13','01:30:00'),(890,'Brittnay','Brittnay@gmail.com','password890','Kolkata','West Bengal','India','4540501061','2020-08-15','02:30:00'),(891,'Brittnee','Brittnee@gmail.com','password891','Kolkata','West Bengal','India','6067586684','2020-10-17','03:30:00'),(892,'Brittney','Brittney@gmail.com','password892','Kolkata','West Bengal','India','1412003242','2020-01-19','04:30:00'),(893,'Brittni','Brittni@gmail.com','password893','Kolkata','West Bengal','India','3732672155','2020-03-21','05:30:00'),(894,'Brittnie','Brittnie@gmail.com','password894','Kolkata','West Bengal','India','6791177766','2020-05-23','06:30:00'),(895,'Brittny','Brittny@gmail.com','password895','Kolkata','West Bengal','India','3875587851','2020-07-25','07:30:00'),(896,'Britton','Britton@gmail.com','password896','Kolkata','West Bengal','India','9288089913','2020-09-27','08:30:00'),(897,'Brock','Brock@gmail.com','password897','Kolkata','West Bengal','India','9930577799','2020-11-01','09:30:00'),(898,'Broderick','Broderick@gmail.com','password898','Kolkata','West Bengal','India','7674172053','2020-02-03','10:30:00'),(899,'Brodie','Brodie@gmail.com','password899','Kolkata','West Bengal','India','4387979950','2020-04-05','11:30:00'),(900,'Brody','Brody@gmail.com','password900','Kolkata','West Bengal','India','9270619118','2020-06-07','12:30:00'),(901,'Brogan','Brogan@gmail.com','password901','Kolkata','West Bengal','India','7596877746','2020-08-09','13:30:00'),(902,'Bronson','Bronson@gmail.com','password902','Kolkata','West Bengal','India','3938645465','2020-10-11','14:30:00'),(903,'Brook','Brook@gmail.com','password903','Kolkata','West Bengal','India','8188444252','2020-01-13','15:30:00'),(904,'Brooke','Brooke@gmail.com','password904','Kolkata','West Bengal','India','4964766473','2020-03-15','16:30:00'),(905,'Brooklyn','Brooklyn@gmail.com','password905','Kolkata','West Bengal','India','2634148972','2020-05-17','17:30:00'),(906,'Brooklynn','Brooklynn@gmail.com','password906','Kolkata','West Bengal','India','3207532290','2020-07-19','18:30:00'),(907,'Brooks','Brooks@gmail.com','password907','Kolkata','West Bengal','India','1115807483','2020-09-21','19:30:00'),(908,'Brown','Brown@gmail.com','password908','Kolkata','West Bengal','India','8504411804','2020-11-23','20:30:00'),(909,'Bruce','Bruce@gmail.com','password909','Kolkata','West Bengal','India','8541630963','2020-02-25','21:30:00'),(910,'Bruno','Bruno@gmail.com','password910','Kolkata','West Bengal','India','3947717228','2020-04-27','22:30:00'),(911,'Bryan','Bryan@gmail.com','password911','Kolkata','West Bengal','India','3447738419','2020-06-01','23:30:00'),(912,'Bryana','Bryana@gmail.com','password912','Kolkata','West Bengal','India','9933341916','2020-08-03','00:30:00'),(913,'Bryanna','Bryanna@gmail.com','password913','Kolkata','West Bengal','India','9978940360','2020-10-05','01:30:00'),(914,'Bryant','Bryant@gmail.com','password914','Kolkata','West Bengal','India','1016265972','2020-01-07','02:30:00'),(915,'Bryce','Bryce@gmail.com','password915','Kolkata','West Bengal','India','8912198175','2020-03-09','03:30:00'),(916,'Brycen','Brycen@gmail.com','password916','Kolkata','West Bengal','India','8683067609','2020-05-11','04:30:00'),(917,'Brylee','Brylee@gmail.com','password917','Kolkata','West Bengal','India','4276268903','2020-07-13','05:30:00'),(918,'Bryn','Bryn@gmail.com','password918','Kolkata','West Bengal','India','4361587590','2020-09-15','06:30:00'),(919,'Brynlee','Brynlee@gmail.com','password919','Kolkata','West Bengal','India','2368377380','2020-11-17','07:30:00'),(920,'Brynn','Brynn@gmail.com','password920','Kolkata','West Bengal','India','2471502202','2020-02-19','08:30:00'),(921,'Bryon','Bryon@gmail.com','password921','Kolkata','West Bengal','India','3121212853','2020-04-21','09:30:00'),(922,'Bryson','Bryson@gmail.com','password922','Kolkata','West Bengal','India','8299197572','2020-06-23','10:30:00'),(923,'Bryton','Bryton@gmail.com','password923','Kolkata','West Bengal','India','2999598463','2020-08-25','11:30:00'),(924,'Buck','Buck@gmail.com','password924','Kolkata','West Bengal','India','1760435493','2020-10-27','12:30:00'),(925,'Bud','Bud@gmail.com','password925','Kolkata','West Bengal','India','4020485796','2020-01-01','13:30:00'),(926,'Budd','Budd@gmail.com','password926','Kolkata','West Bengal','India','6557055833','2020-03-03','14:30:00'),(927,'Buddie','Buddie@gmail.com','password927','Kolkata','West Bengal','India','6936671082','2020-05-05','15:30:00'),(928,'Buddy','Buddy@gmail.com','password928','Kolkata','West Bengal','India','2835051867','2020-07-07','16:30:00'),(929,'Buel','Buel@gmail.com','password929','Kolkata','West Bengal','India','3684171775','2020-09-09','17:30:00'),(930,'Buelah','Buelah@gmail.com','password930','Kolkata','West Bengal','India','3809128742','2020-11-11','18:30:00'),(931,'Buell','Buell@gmail.com','password931','Kolkata','West Bengal','India','2049389341','2020-02-13','19:30:00'),(932,'Buena','Buena@gmail.com','password932','Kolkata','West Bengal','India','9864075621','2020-04-15','20:30:00'),(933,'Buffy','Buffy@gmail.com','password933','Kolkata','West Bengal','India','6122286701','2020-06-17','21:30:00'),(934,'Buford','Buford@gmail.com','password934','Kolkata','West Bengal','India','8719937693','2020-08-19','22:30:00'),(935,'Bula','Bula@gmail.com','password935','Kolkata','West Bengal','India','3755499861','2020-10-21','23:30:00'),(936,'Bulah','Bulah@gmail.com','password936','Kolkata','West Bengal','India','3547837467','2020-01-23','00:30:00'),(937,'Buna','Buna@gmail.com','password937','Kolkata','West Bengal','India','5096812769','2020-03-25','01:30:00'),(938,'Bunk','Bunk@gmail.com','password938','Kolkata','West Bengal','India','8920802715','2020-05-27','02:30:00'),(939,'Burdette','Burdette@gmail.com','password939','Kolkata','West Bengal','India','4679506002','2020-07-01','03:30:00'),(940,'Buren','Buren@gmail.com','password940','Kolkata','West Bengal','India','2959358446','2020-09-03','04:30:00'),(941,'Burgess','Burgess@gmail.com','password941','Kolkata','West Bengal','India','5219633719','2020-11-05','05:30:00'),(942,'Burk','Burk@gmail.com','password942','Kolkata','West Bengal','India','8817028180','2020-02-07','06:30:00'),(943,'Burke','Burke@gmail.com','password943','Kolkata','West Bengal','India','2987939293','2020-04-09','07:30:00'),(944,'Burl','Burl@gmail.com','password944','Kolkata','West Bengal','India','6203525628','2020-06-11','08:30:00'),(945,'Burleigh','Burleigh@gmail.com','password945','Kolkata','West Bengal','India','4445769021','2020-08-13','09:30:00'),(946,'Burley','Burley@gmail.com','password946','Kolkata','West Bengal','India','6898619707','2020-10-15','10:30:00'),(947,'Burnell','Burnell@gmail.com','password947','Kolkata','West Bengal','India','3242814204','2020-01-17','11:30:00'),(948,'Burnett','Burnett@gmail.com','password948','Kolkata','West Bengal','India','7104926540','2020-03-19','12:30:00'),(949,'Burney','Burney@gmail.com','password949','Kolkata','West Bengal','India','3994345766','2020-05-21','13:30:00'),(950,'Burnice','Burnice@gmail.com','password950','Kolkata','West Bengal','India','3910563806','2020-07-23','14:30:00'),(951,'Burnie','Burnie@gmail.com','password951','Kolkata','West Bengal','India','7292810275','2020-09-25','15:30:00'),(952,'Burns','Burns@gmail.com','password952','Kolkata','West Bengal','India','6313608661','2020-11-27','16:30:00'),(953,'Burr','Burr@gmail.com','password953','Kolkata','West Bengal','India','1897195156','2020-02-01','17:30:00'),(954,'Burrel','Burrel@gmail.com','password954','Kolkata','West Bengal','India','2400982974','2020-04-03','18:30:00'),(955,'Burrell','Burrell@gmail.com','password955','Kolkata','West Bengal','India','9523560959','2020-06-05','19:30:00'),(956,'Burt','Burt@gmail.com','password956','Kolkata','West Bengal','India','2848470487','2020-08-07','20:30:00'),(957,'Burton','Burton@gmail.com','password957','Kolkata','West Bengal','India','7219925872','2020-10-09','21:30:00'),(958,'Bush','Bush@gmail.com','password958','Kolkata','West Bengal','India','5500129817','2020-01-11','22:30:00'),(959,'Buster','Buster@gmail.com','password959','Kolkata','West Bengal','India','6434541976','2020-03-13','23:30:00'),(960,'Butch','Butch@gmail.com','password960','Kolkata','West Bengal','India','5068790742','2020-05-15','00:30:00'),(961,'Butler','Butler@gmail.com','password961','Madrid','Madrid','Spain','4965739648','2020-07-17','01:30:00'),(962,'Bynum','Bynum@gmail.com','password962','Madrid','Madrid','Spain','8398581937','2020-09-19','02:30:00'),(963,'Byrd','Byrd@gmail.com','password963','Madrid','Madrid','Spain','5487551826','2020-11-21','03:30:00'),(964,'Byrdie','Byrdie@gmail.com','password964','Madrid','Madrid','Spain','9555853373','2020-02-23','04:30:00'),(965,'Byron','Byron@gmail.com','password965','Madrid','Madrid','Spain','9428056626','2020-04-25','05:30:00'),(966,'Caddie','Caddie@gmail.com','password966','Madrid','Madrid','Spain','3598121949','2020-06-27','06:30:00'),(967,'Cade','Cade@gmail.com','password967','Madrid','Madrid','Spain','1257887394','2020-08-01','07:30:00'),(968,'Caden','Caden@gmail.com','password968','Madrid','Madrid','Spain','2104714320','2020-10-03','08:30:00'),(969,'Cadence','Cadence@gmail.com','password969','Madrid','Madrid','Spain','6245272774','2020-01-05','09:30:00'),(970,'Cael','Cael@gmail.com','password970','Madrid','Madrid','Spain','9638174976','2020-03-07','10:30:00'),(971,'Caesar','Caesar@gmail.com','password971','Madrid','Madrid','Spain','2398181043','2020-05-09','11:30:00'),(972,'Caiden','Caiden@gmail.com','password972','Madrid','Madrid','Spain','4185943025','2020-07-11','12:30:00'),(973,'Cailyn','Cailyn@gmail.com','password973','Madrid','Madrid','Spain','8188836358','2020-09-13','13:30:00'),(974,'Cain','Cain@gmail.com','password974','Madrid','Madrid','Spain','9284489952','2020-11-15','14:30:00'),(975,'Caitlin','Caitlin@gmail.com','password975','Madrid','Madrid','Spain','4149293076','2020-02-17','15:30:00'),(976,'Caitlyn','Caitlyn@gmail.com','password976','Madrid','Madrid','Spain','6830613561','2020-04-19','16:30:00'),(977,'Caitlynn','Caitlynn@gmail.com','password977','Madrid','Madrid','Spain','2668344377','2020-06-21','17:30:00'),(978,'Cal','Cal@gmail.com','password978','Madrid','Madrid','Spain','6777028230','2020-08-23','18:30:00'),(979,'Caldonia','Caldonia@gmail.com','password979','Madrid','Madrid','Spain','4611293384','2020-10-25','19:30:00'),(980,'Cale','Cale@gmail.com','password980','Madrid','Madrid','Spain','2079977788','2020-01-27','20:30:00'),(981,'Caleb','Caleb@gmail.com','password981','Madrid','Madrid','Spain','5926610209','2020-03-01','21:30:00'),(982,'Caleigh','Caleigh@gmail.com','password982','Madrid','Madrid','Spain','7905362932','2020-05-03','22:30:00'),(983,'Calhoun','Calhoun@gmail.com','password983','Madrid','Madrid','Spain','8388985964','2020-07-05','23:30:00'),(984,'Cali','Cali@gmail.com','password984','Madrid','Madrid','Spain','5199247863','2020-09-07','00:30:00'),(985,'Calista','Calista@gmail.com','password985','Madrid','Madrid','Spain','8173420968','2020-11-09','01:30:00'),(986,'Calla','Calla@gmail.com','password986','Madrid','Madrid','Spain','4004657473','2020-02-11','02:30:00'),(987,'Callie','Callie@gmail.com','password987','Madrid','Madrid','Spain','5242849843','2020-04-13','03:30:00'),(988,'Callum','Callum@gmail.com','password988','Madrid','Madrid','Spain','3078989078','2020-06-15','04:30:00'),(989,'Calvin','Calvin@gmail.com','password989','Madrid','Madrid','Spain','8497696288','2020-08-17','05:30:00'),(990,'Cam','Cam@gmail.com','password990','Madrid','Madrid','Spain','6251485591','2020-10-19','06:30:00'),(991,'Camden','Camden@gmail.com','password991','Madrid','Madrid','Spain','4856104260','2020-01-21','07:30:00'),(992,'Cameron','Cameron@gmail.com','password992','Madrid','Madrid','Spain','2494608185','2020-03-23','08:30:00'),(993,'Cami','Cami@gmail.com','password993','Madrid','Madrid','Spain','2932707482','2020-05-25','09:30:00'),(994,'Camila','Camila@gmail.com','password994','Madrid','Madrid','Spain','8961598954','2020-07-27','10:30:00'),(995,'Camilla','Camilla@gmail.com','password995','Madrid','Madrid','Spain','4792757991','2020-09-01','11:30:00'),(996,'Camille','Camille@gmail.com','password996','Madrid','Madrid','Spain','1801095494','2020-11-03','12:30:00'),(997,'Camisha','Camisha@gmail.com','password997','Madrid','Madrid','Spain','4954460365','2020-02-05','13:30:00'),(998,'Cammie','Cammie@gmail.com','password998','Madrid','Madrid','Spain','8230855174','2020-04-07','14:30:00'),(999,'Campbell','Campbell@gmail.com','password999','Madrid','Madrid','Spain','1321435577','2020-06-09','15:30:00'),(1000,'Camren','Camren@gmail.com','password1000','Madrid','Madrid','Spain','7993813963','2020-08-11','16:30:00'),(1001,'Camron','Camron@gmail.com','password1001','Madrid','Madrid','Spain','6089063377','2020-10-13','17:30:00'),(1002,'Camryn','Camryn@gmail.com','password1002','Madrid','Madrid','Spain','1970400137','2020-01-15','18:30:00'),(1003,'Candace','Candace@gmail.com','password1003','Madrid','Madrid','Spain','1211375610','2020-03-17','19:30:00'),(1004,'Candi','Candi@gmail.com','password1004','Madrid','Madrid','Spain','4853620018','2020-05-19','20:30:00'),(1005,'Candice','Candice@gmail.com','password1005','Madrid','Madrid','Spain','6318653928','2020-07-21','21:30:00'),(1006,'Candida','Candida@gmail.com','password1006','Madrid','Madrid','Spain','1848586506','2020-09-23','22:30:00'),(1007,'Candido','Candido@gmail.com','password1007','Madrid','Madrid','Spain','2559376144','2020-11-25','23:30:00'),(1008,'Candis','Candis@gmail.com','password1008','Madrid','Madrid','Spain','9114943693','2020-02-27','00:30:00'),(1009,'Candy','Candy@gmail.com','password1009','Madrid','Madrid','Spain','9289258218','2020-04-01','01:30:00'),(1010,'Candyce','Candyce@gmail.com','password1010','Madrid','Madrid','Spain','8876502572','2020-06-03','02:30:00'),(1011,'Cannie','Cannie@gmail.com','password1011','Madrid','Madrid','Spain','5966928953','2020-08-05','03:30:00'),(1012,'Cannon','Cannon@gmail.com','password1012','Madrid','Madrid','Spain','9731316573','2020-10-07','04:30:00'),(1013,'Canyon','Canyon@gmail.com','password1013','Madrid','Madrid','Spain','1260241033','2020-01-09','05:30:00'),(1014,'Cap','Cap@gmail.com','password1014','Madrid','Madrid','Spain','9979640774','2020-03-11','06:30:00'),(1015,'Capitola','Capitola@gmail.com','password1015','Madrid','Madrid','Spain','5884978440','2020-05-13','07:30:00'),(1016,'Cappie','Cappie@gmail.com','password1016','Madrid','Madrid','Spain','1355459628','2020-07-15','08:30:00'),(1017,'Caprice','Caprice@gmail.com','password1017','Madrid','Madrid','Spain','9996758123','2020-09-17','09:30:00'),(1018,'Captain','Captain@gmail.com','password1018','Madrid','Madrid','Spain','6991014482','2020-11-19','10:30:00'),(1019,'Cara','Cara@gmail.com','password1019','Madrid','Madrid','Spain','3680906929','2020-02-21','11:30:00'),(1020,'Caren','Caren@gmail.com','password1020','Madrid','Madrid','Spain','4222452895','2020-04-23','12:30:00'),(1021,'Carey','Carey@gmail.com','password1021','Madrid','Madrid','Spain','4841728613','2020-06-25','13:30:00'),(1022,'Cari','Cari@gmail.com','password1022','Madrid','Madrid','Spain','6161733002','2020-08-27','14:30:00'),(1023,'Carie','Carie@gmail.com','password1023','Madrid','Madrid','Spain','7020150689','2020-10-01','15:30:00'),(1024,'Carin','Carin@gmail.com','password1024','Madrid','Madrid','Spain','8269426888','2020-01-03','16:30:00'),(1025,'Carina','Carina@gmail.com','password1025','Madrid','Madrid','Spain','5487109926','2020-03-05','17:30:00'),(1026,'Carisa','Carisa@gmail.com','password1026','Madrid','Madrid','Spain','8267046584','2020-05-07','18:30:00'),(1027,'Carissa','Carissa@gmail.com','password1027','Madrid','Madrid','Spain','5216466125','2020-07-09','19:30:00'),(1028,'Carl','Carl@gmail.com','password1028','Madrid','Madrid','Spain','1666898865','2020-09-11','20:30:00'),(1029,'Carla','Carla@gmail.com','password1029','Madrid','Madrid','Spain','2658844727','2020-11-13','21:30:00'),(2000,'shamir','shamir@gmail.com','passw','Ahmedabad','Gujarat','India','1234567890','2021-02-23','00:23:30'),(10000,'shamir','shamir@gmail.com','passw','Ahmedabad','Gujarat','India','1234567890','2021-02-23','00:23:30'),(88888,'Anonymous',NULL,NULL,NULL,NULL,NULL,NULL,NULL,NULL);
/*!40000 ALTER TABLE `Users` ENABLE KEYS */;
UNLOCK TABLES;

--
-- Table structure for table `electronics_greater`
--

DROP TABLE IF EXISTS `electronics_greater`;
/*!40101 SET @saved_cs_client     = @@character_set_client */;
/*!40101 SET character_set_client = utf8 */;
CREATE TABLE `electronics_greater` (
  `user_ID` int(11) DEFAULT NULL,
  `product_Name` varchar(50) DEFAULT NULL,
  `product_ID` int(11) DEFAULT NULL,
  `quantity` int(11) DEFAULT NULL
) ENGINE=InnoDB DEFAULT CHARSET=latin1;
/*!40101 SET character_set_client = @saved_cs_client */;

--
-- Dumping data for table `electronics_greater`
--

LOCK TABLES `electronics_greater` WRITE;
/*!40000 ALTER TABLE `electronics_greater` DISABLE KEYS */;
INSERT INTO `electronics_greater` VALUES (1,'Lenovo Ideapad S1234',19,5),(1,'Asus Vivobook Ultra K14',22,6),(1,'pTron Tangent Beat',34,10),(NULL,'Apple Macbook Pro',17,7),(NULL,'HP Pavillion',15,8),(NULL,'HP Omen V2341',18,5),(3,'JBL C115TWS',31,10),(3,'Ptron Boom',29,6),(3,'Ptron Boom',29,8),(3,'Xiaomi Redmi Note 10 Pro',4,6),(4,'HTC Desire',8,5),(4,'HTC Desire',8,10),(4,'Sony MDR-Zx',30,9),(5,'Oppo F64',6,6),(5,'JBL C115TWS',31,9),(5,'Huawei Air',9,5),(5,'Apple Macbook Pro',17,7),(5,'Cosmic Byte Star Dust',33,4),(6,'Samsung Galaxy Note 5',10,6),(6,'Apple Macbook Air',12,6),(6,'Lenovo Zenphone',7,10),(6,'Oppo F64',6,7),(6,'Cosmic Byte Star Dust',33,4),(6,'JBL C100SI',28,7),(6,'Ptron Boom',29,4),(7,'Dell Inspiron 3452',21,7),(7,'Apple Iphone SE',11,5),(7,'Ptron Boom',29,8),(7,'Zebronics Zeb Thunder',27,10),(7,'Zebronics Zeb Thunder',27,9),(8,'Lenovo Thinkpad HV324',13,10),(8,'pTron Tangent Beat',34,4),(8,'JBL C100SI',28,10),(8,'Huawei Air',9,8),(9,'Zebronics Zeb Thunder',27,10),(9,'Samsung Galaxy Note 5',10,10),(10,'Mi Notebook Horizon',20,4),(10,'Samsung Galaxy Note 5',10,5),(10,'Mi Notebook Horizon',20,6),(10,'Acer One 14 Z2-485',23,6),(10,'Samsung Galaxy Note 5',10,6),(10,'Dell Inspiron 3452',21,4);
/*!40000 ALTER TABLE `electronics_greater` ENABLE KEYS */;
UNLOCK TABLES;

--
-- Table structure for table `first_user`
--

DROP TABLE IF EXISTS `first_user`;
/*!40101 SET @saved_cs_client     = @@character_set_client */;
/*!40101 SET character_set_client = utf8 */;
CREATE TABLE `first_user` (
  `product_ID` int(11) DEFAULT NULL
) ENGINE=InnoDB DEFAULT CHARSET=latin1;
/*!40101 SET character_set_client = @saved_cs_client */;

--
-- Dumping data for table `first_user`
--

LOCK TABLES `first_user` WRITE;
/*!40000 ALTER TABLE `first_user` DISABLE KEYS */;
INSERT INTO `first_user` VALUES (11),(53),(9),(42),(28),(50),(9),(20),(15);
/*!40000 ALTER TABLE `first_user` ENABLE KEYS */;
UNLOCK TABLES;

--
-- Table structure for table `holi_Deals`
--

DROP TABLE IF EXISTS `holi_Deals`;
/*!40101 SET @saved_cs_client     = @@character_set_client */;
/*!40101 SET character_set_client = utf8 */;
CREATE TABLE `holi_Deals` (
  `product_ID` int(11) DEFAULT NULL,
  `product_Name` varchar(50) DEFAULT NULL,
  `category_ID` int(11) DEFAULT NULL,
  `date_added` date DEFAULT NULL,
  `price` float DEFAULT NULL,
  `retailer_ID` int(11) DEFAULT NULL
) ENGINE=InnoDB DEFAULT CHARSET=latin1;
/*!40101 SET character_set_client = @saved_cs_client */;

--
-- Dumping data for table `holi_Deals`
--

LOCK TABLES `holi_Deals` WRITE;
/*!40000 ALTER TABLE `holi_Deals` DISABLE KEYS */;
INSERT INTO `holi_Deals` VALUES (55,'The Intelligent Investor',3,'2021-02-01',95.2,44),(57,'The Kite Runner',3,'2021-01-28',255,39),(56,'The lean Startup',3,'2021-01-24',212.5,40),(58,'The Mechanic',3,'2021-01-20',340,39),(54,'Cut and Sew Denim Jeans',1,'2020-12-13',727.6,49),(53,'Slim Fit Denim Jeans',1,'2020-12-12',449.65,48),(48,'Mens Bomber Jacket',1,'2020-12-10',859.35,48),(55,'The Intelligent Investor',3,'2021-02-01',95.2,44),(57,'The Kite Runner',3,'2021-01-28',255,39),(56,'The lean Startup',3,'2021-01-24',212.5,40),(58,'The Mechanic',3,'2021-01-20',340,39),(54,'Cut and Sew Denim Jeans',1,'2020-12-13',727.6,49),(53,'Slim Fit Denim Jeans',1,'2020-12-12',449.65,48),(48,'Mens Bomber Jacket',1,'2020-12-10',859.35,48),(55,'The Intelligent Investor',3,'2021-02-01',95.2,44),(57,'The Kite Runner',3,'2021-01-28',255,39),(56,'The lean Startup',3,'2021-01-24',212.5,40),(58,'The Mechanic',3,'2021-01-20',340,39),(54,'Cut and Sew Denim Jeans',1,'2020-12-13',727.6,49),(53,'Slim Fit Denim Jeans',1,'2020-12-12',449.65,48),(48,'Mens Bomber Jacket',1,'2020-12-10',859.35,48),(55,'The Intelligent Investor',3,'2021-02-01',95.2,44),(57,'The Kite Runner',3,'2021-01-28',255,39),(56,'The lean Startup',3,'2021-01-24',212.5,40),(58,'The Mechanic',3,'2021-01-20',340,39),(54,'Cut and Sew Denim Jeans',1,'2020-12-13',727.6,49),(53,'Slim Fit Denim Jeans',1,'2020-12-12',449.65,48),(48,'Mens Bomber Jacket',1,'2020-12-10',859.35,48),(55,'The Intelligent Investor',3,'2021-02-01',95.2,44),(57,'The Kite Runner',3,'2021-01-28',255,39),(56,'The lean Startup',3,'2021-01-24',212.5,40),(58,'The Mechanic',3,'2021-01-20',340,39),(54,'Cut and Sew Denim Jeans',1,'2020-12-13',727.6,49),(53,'Slim Fit Denim Jeans',1,'2020-12-12',449.65,48),(48,'Mens Bomber Jacket',1,'2020-12-10',859.35,48),(55,'The Intelligent Investor',3,'2021-02-01',95.2,44),(57,'The Kite Runner',3,'2021-01-28',255,39),(56,'The lean Startup',3,'2021-01-24',212.5,40),(58,'The Mechanic',3,'2021-01-20',340,39),(54,'Cut and Sew Denim Jeans',1,'2020-12-13',727.6,49),(53,'Slim Fit Denim Jeans',1,'2020-12-12',449.65,48),(48,'Mens Bomber Jacket',1,'2020-12-10',859.35,48),(55,'The Intelligent Investor',3,'2021-02-01',95.2,44),(57,'The Kite Runner',3,'2021-01-28',255,39),(56,'The lean Startup',3,'2021-01-24',212.5,40),(58,'The Mechanic',3,'2021-01-20',340,39),(54,'Cut and Sew Denim Jeans',1,'2020-12-13',727.6,49),(53,'Slim Fit Denim Jeans',1,'2020-12-12',449.65,48),(48,'Mens Bomber Jacket',1,'2020-12-10',859.35,48),(55,'The Intelligent Investor',3,'2021-02-01',95.2,44),(57,'The Kite Runner',3,'2021-01-28',255,39),(56,'The lean Startup',3,'2021-01-24',212.5,40),(58,'The Mechanic',3,'2021-01-20',340,39),(54,'Cut and Sew Denim Jeans',1,'2020-12-13',727.6,49),(53,'Slim Fit Denim Jeans',1,'2020-12-12',449.65,48),(48,'Mens Bomber Jacket',1,'2020-12-10',859.35,48);
/*!40000 ALTER TABLE `holi_Deals` ENABLE KEYS */;
UNLOCK TABLES;

--
-- Table structure for table `novel_greater`
--

DROP TABLE IF EXISTS `novel_greater`;
/*!40101 SET @saved_cs_client     = @@character_set_client */;
/*!40101 SET character_set_client = utf8 */;
CREATE TABLE `novel_greater` (
  `user_ID` int(11) DEFAULT NULL,
  `product_Name` varchar(50) DEFAULT NULL,
  `product_ID` int(11) DEFAULT NULL,
  `quantity` int(11) DEFAULT NULL
) ENGINE=InnoDB DEFAULT CHARSET=latin1;
/*!40101 SET character_set_client = @saved_cs_client */;

--
-- Dumping data for table `novel_greater`
--

LOCK TABLES `novel_greater` WRITE;
/*!40000 ALTER TABLE `novel_greater` DISABLE KEYS */;
INSERT INTO `novel_greater` VALUES (5,'The Davinci Code',35,7),(8,'The Davinci Code',35,6),(9,'The Davinci Code',35,8),(8,'Angels and Demons',36,6),(9,'Deception Point',37,4),(10,'Deception Point',37,8),(NULL,'Sacred Games',39,10),(NULL,'Harry Potter and the Philosphers stone',40,6),(7,'The Fountainhead',42,6),(9,'The Fountainhead',42,10),(8,'One Indian Girl',43,6);
/*!40000 ALTER TABLE `novel_greater` ENABLE KEYS */;
UNLOCK TABLES;

--
-- Table structure for table `retailer`
--

DROP TABLE IF EXISTS `retailer`;
/*!40101 SET @saved_cs_client     = @@character_set_client */;
/*!40101 SET character_set_client = utf8 */;
CREATE TABLE `retailer` (
  `retailer_ID` int(11) DEFAULT NULL
) ENGINE=InnoDB DEFAULT CHARSET=latin1;
/*!40101 SET character_set_client = @saved_cs_client */;

--
-- Dumping data for table `retailer`
--

LOCK TABLES `retailer` WRITE;
/*!40000 ALTER TABLE `retailer` DISABLE KEYS */;
INSERT INTO `retailer` VALUES (19),(22),(48),(47),(47),(10),(48),(40),(10);
/*!40000 ALTER TABLE `retailer` ENABLE KEYS */;
UNLOCK TABLES;

--
-- Table structure for table `second_user`
--

DROP TABLE IF EXISTS `second_user`;
/*!40101 SET @saved_cs_client     = @@character_set_client */;
/*!40101 SET character_set_client = utf8 */;
CREATE TABLE `second_user` (
  `product_ID` int(11) DEFAULT NULL
) ENGINE=InnoDB DEFAULT CHARSET=latin1;
/*!40101 SET character_set_client = @saved_cs_client */;

--
-- Dumping data for table `second_user`
--

LOCK TABLES `second_user` WRITE;
/*!40000 ALTER TABLE `second_user` DISABLE KEYS */;
INSERT INTO `second_user` VALUES (23),(22),(47),(16),(19),(52),(2),(18),(38);
/*!40000 ALTER TABLE `second_user` ENABLE KEYS */;
UNLOCK TABLES;

--
-- Table structure for table `temp`
--

DROP TABLE IF EXISTS `temp`;
/*!40101 SET @saved_cs_client     = @@character_set_client */;
/*!40101 SET character_set_client = utf8 */;
CREATE TABLE `temp` (
  `product_Name` varchar(50) DEFAULT NULL,
  `product_ID` int(11) DEFAULT NULL,
  `user_ID` int(11) DEFAULT NULL
) ENGINE=InnoDB DEFAULT CHARSET=latin1;
/*!40101 SET character_set_client = @saved_cs_client */;

--
-- Dumping data for table `temp`
--

LOCK TABLES `temp` WRITE;
/*!40000 ALTER TABLE `temp` DISABLE KEYS */;
INSERT INTO `temp` VALUES ('Xiaomi Redmi 8',2,NULL),('Xiaomi Redmi 9',3,NULL),('Xiaomi Redmi Note 10 Pro',4,NULL),('Mi Notebook Horizon',20,NULL),('Cosmic Byte Star Dust',33,NULL),('Xiaomi Redmi 8',2,NULL),('Xiaomi Redmi 9',3,NULL),('Xiaomi Redmi Note 10 Pro',4,NULL),('Mi Notebook Horizon',20,NULL),('Cosmic Byte Star Dust',33,NULL),('Xiaomi Redmi 8',2,NULL),('Xiaomi Redmi 9',3,NULL),('Xiaomi Redmi Note 10 Pro',4,NULL),('Mi Notebook Horizon',20,NULL),('Cosmic Byte Star Dust',33,NULL),('Xiaomi Redmi 8',2,NULL),('Xiaomi Redmi 9',3,NULL),('Xiaomi Redmi Note 10 Pro',4,NULL),('Mi Notebook Horizon',20,NULL),('Cosmic Byte Star Dust',33,NULL);
/*!40000 ALTER TABLE `temp` ENABLE KEYS */;
UNLOCK TABLES;
/*!40103 SET TIME_ZONE=@OLD_TIME_ZONE */;

/*!40101 SET SQL_MODE=@OLD_SQL_MODE */;
/*!40014 SET FOREIGN_KEY_CHECKS=@OLD_FOREIGN_KEY_CHECKS */;
/*!40014 SET UNIQUE_CHECKS=@OLD_UNIQUE_CHECKS */;
/*!40101 SET CHARACTER_SET_CLIENT=@OLD_CHARACTER_SET_CLIENT */;
/*!40101 SET CHARACTER_SET_RESULTS=@OLD_CHARACTER_SET_RESULTS */;
/*!40101 SET COLLATION_CONNECTION=@OLD_COLLATION_CONNECTION */;
/*!40111 SET SQL_NOTES=@OLD_SQL_NOTES */;

-- Dump completed on 2021-02-24  4:52:04
